DeliveryDate,DeliveryHour,DeliveryInterval,SettlementPointName,SettlementPointType,SettlementPointPrice,DSTFlag
01/31/2022,16,2,AEEC,RN,21.86,N
01/31/2022,16,2,AJAXWIND_RN,RN,21.86,N
01/31/2022,16,2,ALGOD_ALL_RN,RN,21.86,N
01/31/2022,16,2,ALVIN_RN,RN,21.86,N
01/31/2022,16,2,AMADEUS_ALL,RN,21.86,N
01/31/2022,16,2,AMISTAD_ALL,RN,21.86,N
01/31/2022,16,2,AMOCOOIL_CC1,LCCRN,21.86,N
01/31/2022,16,2,AMOCOOIL_CC2,LCCRN,21.86,N
01/31/2022,16,2,AMOCO_PUN1,PUN,21.86,N
01/31/2022,16,2,AMOCO_PUN2,PUN,21.86,N
01/31/2022,16,2,AMO_AMOCO_1,PCCRN,21.86,N
01/31/2022,16,2,AMO_AMOCO_2,PCCRN,21.86,N
01/31/2022,16,2,AMO_AMOCO_5,PCCRN,21.86,N
01/31/2022,16,2,AMO_AMOCO_G1,PCCRN,21.86,N
01/31/2022,16,2,AMO_AMOCO_G2,PCCRN,21.86,N
01/31/2022,16,2,AMO_AMOCO_G3,PCCRN,21.86,N
01/31/2022,16,2,AMO_AMOCO_S1,PCCRN,21.86,N
01/31/2022,16,2,AMO_AMOCO_S2,PCCRN,21.86,N
01/31/2022,16,2,ANACACHO_ANA,RN,21.86,N
01/31/2022,16,2,ANCHOR_ALL,RN,21.86,N
01/31/2022,16,2,ANSON1_ALL,RN,21.86,N
01/31/2022,16,2,AQUI_ALL,RN,21.86,N
01/31/2022,16,2,ARAGORN_RN,RN,21.86,N
01/31/2022,16,2,ASTRA_RN,RN,21.86,N
01/31/2022,16,2,ATK_ATKINSG7,RN,21.86,N
01/31/2022,16,2,AUSTPL_ALL,RN,21.86,N
01/31/2022,16,2,AVIAT_ALL,RN,21.86,N
01/31/2022,16,2,AZURE_RN,RN,21.86,N
01/31/2022,16,2,AZ_ALL,RN,21.86,N
01/31/2022,16,2,BAC_RN_ALL,RN,21.86,N
01/31/2022,16,2,BAFFIN_ALL,RN,21.86,N
01/31/2022,16,2,BAIRDWND_ALL,RN,21.86,N
01/31/2022,16,2,BARROW_ALL,RN,21.86,N
01/31/2022,16,2,BASTEN_CC1,LCCRN,21.86,N
01/31/2022,16,2,BASTEN_CCU,PCCRN,21.86,N
01/31/2022,16,2,BATCAVE_RN,RN,21.86,N
01/31/2022,16,2,BBREEZE_1_2,RN,21.86,N
01/31/2022,16,2,BCATWD_WD_1,RN,21.86,N
01/31/2022,16,2,BCK_RN,RN,21.86,N
01/31/2022,16,2,BIGSTAR_ALL,RN,21.86,N
01/31/2022,16,2,BLACKJAK_RN,RN,21.86,N
01/31/2022,16,2,BLSMT1_5_A_6,RN,21.86,N
01/31/2022,16,2,BLUEJAY_RN,RN,21.86,N
01/31/2022,16,2,BOOTLEG_UN1,RN,21.86,N
01/31/2022,16,2,BORDAS_345,RN,21.86,N
01/31/2022,16,2,BOSQUESW_CC1,LCCRN,21.86,N
01/31/2022,16,2,BOSQUESW_CC2,LCCRN,21.86,N
01/31/2022,16,2,BOSQ_BSQSU_5,PCCRN,21.86,N
01/31/2022,16,2,BOSQ_BSQS_12,PCCRN,21.86,N
01/31/2022,16,2,BOSQ_BSQS_34,PCCRN,21.86,N
01/31/2022,16,2,BRANDON_RN,RN,21.86,N
01/31/2022,16,2,BRAUNIG_CC1,LCCRN,21.86,N
01/31/2022,16,2,BRAUNIG_VHB1,RN,21.86,N
01/31/2022,16,2,BRAUNIG_VHB2,RN,21.86,N
01/31/2022,16,2,BRAUNIG_VHB3,RN,21.86,N
01/31/2022,16,2,BRAZ_WND_ALL,RN,21.86,N
01/31/2022,16,2,BRA_AVR1_CT2,PCCRN,21.86,N
01/31/2022,16,2,BRA_AVR_CST1,PCCRN,21.86,N
01/31/2022,16,2,BRHEIGHT_RN,RN,21.86,N
01/31/2022,16,2,BRIGHTSD_RN,RN,21.86,N
01/31/2022,16,2,BRISCOE_WIND,RN,21.86,N
01/31/2022,16,2,BRPANGLE_RN,RN,21.86,N
01/31/2022,16,2,BRPMAGNO_RN,RN,21.86,N
01/31/2022,16,2,BRP_BRAZ_RN,RN,21.86,N
01/31/2022,16,2,BRP_DIKN_RN,RN,21.86,N
01/31/2022,16,2,BRP_LOOP_RN,RN,21.86,N
01/31/2022,16,2,BRP_LOP1_RN,RN,21.86,N
01/31/2022,16,2,BRP_PBL1_RN,RN,21.86,N
01/31/2022,16,2,BRP_PBL2_RN,RN,21.86,N
01/31/2022,16,2,BRP_RN_UNIT1,RN,21.86,N
01/31/2022,16,2,BRP_SEMI_RN,RN,21.86,N
01/31/2022,16,2,BRP_SWNY_RN,RN,21.86,N
01/31/2022,16,2,BRP_ZPT1_RN,RN,21.86,N
01/31/2022,16,2,BRP_ZPT2_RN,RN,21.86,N
01/31/2022,16,2,BRTSW_BCW1,RN,21.86,N
01/31/2022,16,2,BR_VHB6CT5_6,RN,21.86,N
01/31/2022,16,2,BR_VHB6CT7_8,RN,21.86,N
01/31/2022,16,2,BSS_U1,RN,21.86,N
01/31/2022,16,2,BTE_BTE_G1,PCCRN,21.86,N
01/31/2022,16,2,BTE_BTE_G2,PCCRN,21.86,N
01/31/2022,16,2,BTE_BTE_G3,PCCRN,21.86,N
01/31/2022,16,2,BTE_BTE_G4,PCCRN,21.86,N
01/31/2022,16,2,BTE_CC1,LCCRN,21.86,N
01/31/2022,16,2,BTE_PUN1,PUN,21.86,N
01/31/2022,16,2,BTE_PUN2,PUN,21.86,N
01/31/2022,16,2,BUCHAN_ALL,RN,21.86,N
01/31/2022,16,2,BUCKTHRN_RN,RN,21.86,N
01/31/2022,16,2,BUFF_GAP_ALL,RN,21.86,N
01/31/2022,16,2,BULLCRK_1_2,RN,21.86,N
01/31/2022,16,2,BVE_CC1,LCCRN,21.86,N
01/31/2022,16,2,BVE_UNIT1,PCCRN,21.86,N
01/31/2022,16,2,BVE_UNIT2,PCCRN,21.86,N
01/31/2022,16,2,BVE_UNIT3,PCCRN,21.86,N
01/31/2022,16,2,BYU_BYU_1,RN,21.86,N
01/31/2022,16,2,BYU_BYU_12,PCCRN,21.86,N
01/31/2022,16,2,BYU_BYU_34,PCCRN,21.86,N
01/31/2022,16,2,BYU_BYU_G8,RN,21.86,N
01/31/2022,16,2,BYU_CC1,LCCRN,21.86,N
01/31/2022,16,2,BYU_PUN1,PUN,21.86,N
01/31/2022,16,2,BYU_PUN2,PUN,21.86,N
01/31/2022,16,2,BYU_PUN3,PUN,21.86,N
01/31/2022,16,2,BYU_PUN4,PUN,21.86,N
01/31/2022,16,2,B_DAVIS_3,PCCRN,21.86,N
01/31/2022,16,2,B_DAVIS_4,PCCRN,21.86,N
01/31/2022,16,2,B_DAVIS_CC1,LCCRN,21.86,N
01/31/2022,16,2,B_D_B_DAVIG1,RN,21.86,N
01/31/2022,16,2,B_D_B_DAVIG2,PCCRN,21.86,N
01/31/2022,16,2,CABEZON_ALL,RN,21.86,N
01/31/2022,16,2,CALAVER_JKS1,RN,21.86,N
01/31/2022,16,2,CALAVER_JKS2,RN,21.86,N
01/31/2022,16,2,CALAVER_JTD1,RN,21.86,N
01/31/2022,16,2,CALAVER_JTD2,RN,21.86,N
01/31/2022,16,2,CALAVER_OWS1,RN,21.86,N
01/31/2022,16,2,CALAVER_OWS2,RN,21.86,N
01/31/2022,16,2,CALHOUN_ALL,RN,21.86,N
01/31/2022,16,2,CALLAHA_WND1,RN,21.86,N
01/31/2022,16,2,CAL_CALGT1,PCCRN,21.86,N
01/31/2022,16,2,CAL_CALSTG1,PCCRN,21.86,N
01/31/2022,16,2,CAL_CC1,LCCRN,21.86,N
01/31/2022,16,2,CAL_PUN1,PUN,21.86,N
01/31/2022,16,2,CAL_PUN2,PUN,21.86,N
01/31/2022,16,2,CAMWIND_RN,RN,21.86,N
01/31/2022,16,2,CAPRIDG4_CR4,RN,21.86,N
01/31/2022,16,2,CAPRIDGE_ALL,RN,21.86,N
01/31/2022,16,2,CARBN_BSP_1,RN,21.86,N
01/31/2022,16,2,CASL_GAP_UN1,RN,21.86,N
01/31/2022,16,2,CBECII_1,RN,21.86,N
01/31/2022,16,2,CBECII_2,RN,21.86,N
01/31/2022,16,2,CBECII_89,PCCRN,21.86,N
01/31/2022,16,2,CBECII_CC3,LCCRN,21.86,N
01/31/2022,16,2,CBECII_CT7,PCCRN,21.86,N
01/31/2022,16,2,CBEC_ALL,PCCRN,21.86,N
01/31/2022,16,2,CBEC_CC1,LCCRN,21.86,N
01/31/2022,16,2,CBEC_CC2,LCCRN,21.86,N
01/31/2022,16,2,CBY4_ALL,PCCRN,21.86,N
01/31/2022,16,2,CBY4_CC1,LCCRN,21.86,N
01/31/2022,16,2,CBY_CBY_G1,RN,21.86,N
01/31/2022,16,2,CBY_CBY_G2,RN,21.86,N
01/31/2022,16,2,CCEC_CC1,LCCRN,21.86,N
01/31/2022,16,2,CCEC_GT1,PCCRN,21.86,N
01/31/2022,16,2,CCEC_GT2,PCCRN,21.86,N
01/31/2022,16,2,CCEC_PUN1,PUN,21.86,N
01/31/2022,16,2,CCEC_PUN2,PUN,21.86,N
01/31/2022,16,2,CCEC_ST1,PCCRN,21.86,N
01/31/2022,16,2,CEDROHI_CHW1,RN,21.86,N
01/31/2022,16,2,CFLATS_UNIT,RN,21.86,N
01/31/2022,16,2,CHALUP_ALL,RN,21.86,N
01/31/2022,16,2,CHAMON_UN1,RN,21.86,N
01/31/2022,16,2,CHAMON_UN2,RN,21.86,N
01/31/2022,16,2,CHEDPW_GT2,PCCRN,21.86,N
01/31/2022,16,2,CHE_CC1,LCCRN,21.86,N
01/31/2022,16,2,CHE_LYD,PCCRN,21.86,N
01/31/2022,16,2,CHE_LYD2,PCCRN,21.86,N
01/31/2022,16,2,CHE_PUN1,PUN,21.86,N
01/31/2022,16,2,CHE_PUN2,PUN,21.86,N
01/31/2022,16,2,CHISMGRD_RN,RN,21.86,N
01/31/2022,16,2,CITYVICT_ALL,RN,21.86,N
01/31/2022,16,2,CN_BRKS_UNT1,RN,21.86,N
01/31/2022,16,2,COL_COLETOG1,RN,21.86,N
01/31/2022,16,2,CONIGLIO_RN,RN,21.86,N
01/31/2022,16,2,CORAZON_RN,RN,21.86,N
01/31/2022,16,2,COTPLNS_RN,RN,21.86,N
01/31/2022,16,2,COTTON_PAP2,RN,21.86,N
01/31/2022,16,2,CPSES_UNIT1,RN,21.86,N
01/31/2022,16,2,CPSES_UNIT2,RN,21.86,N
01/31/2022,16,2,CRANELL_ALL,RN,21.86,N
01/31/2022,16,2,CROSSETT_ALL,RN,21.86,N
01/31/2022,16,2,CSC_CSECG1_2,RN,21.86,N
01/31/2022,16,2,CVC_CC1,LCCRN,21.86,N
01/31/2022,16,2,CVC_CVCG1_5,PCCRN,21.86,N
01/31/2022,16,2,CVC_CVC_G2,PCCRN,21.86,N
01/31/2022,16,2,CVC_CVC_G3,PCCRN,21.86,N
01/31/2022,16,2,DANSBY_ALL,RN,21.86,N
01/31/2022,16,2,DC2SES_ALL,RN,21.86,N
01/31/2022,16,2,DC_E,LZ_DC,21.86,N
01/31/2022,16,2,DC_E,LZ_DCEW,21.86,N
01/31/2022,16,2,DC_L,LZ_DC,21.86,N
01/31/2022,16,2,DC_L,LZ_DCEW,21.86,N
01/31/2022,16,2,DC_N,LZ_DCEW,21.86,N
01/31/2022,16,2,DC_N,LZ_DC,21.86,N
01/31/2022,16,2,DC_R,LZ_DC,21.86,N
01/31/2022,16,2,DC_R,LZ_DCEW,21.86,N
01/31/2022,16,2,DC_S,LZ_DC,21.86,N
01/31/2022,16,2,DC_S,LZ_DCEW,21.86,N
01/31/2022,16,2,DDPEC_CC1,LCCRN,21.86,N
01/31/2022,16,2,DDPEC_GT1,PCCRN,21.86,N
01/31/2022,16,2,DDPEC_GT2,PCCRN,21.86,N
01/31/2022,16,2,DDPEC_GT3,PCCRN,21.86,N
01/31/2022,16,2,DDPEC_GT4,PCCRN,21.86,N
01/31/2022,16,2,DDPEC_GT6,PCCRN,21.86,N
01/31/2022,16,2,DDPEC_ST1,PCCRN,21.86,N
01/31/2022,16,2,DECKER_DPG1,RN,21.86,N
01/31/2022,16,2,DECKER_DPG2,RN,21.86,N
01/31/2022,16,2,DECKER_GT,RN,21.86,N
01/31/2022,16,2,DENISON_G1_2,RN,21.86,N
01/31/2022,16,2,DERMOTT_ALL,RN,21.86,N
01/31/2022,16,2,DIB_CC1,LCCRN,21.86,N
01/31/2022,16,2,DIB_DIB_G1,PCCRN,21.86,N
01/31/2022,16,2,DIB_DIB_G2,PCCRN,21.86,N
01/31/2022,16,2,DIB_DIB_G3,PCCRN,21.86,N
01/31/2022,16,2,DIB_DIB_G4,PCCRN,21.86,N
01/31/2022,16,2,DIB_PUN1,PUN,21.86,N
01/31/2022,16,2,DIB_PUN2,PUN,21.86,N
01/31/2022,16,2,DOWGEN_PUN1,PUN,21.86,N
01/31/2022,16,2,DOWGEN_PUN2,PUN,21.86,N
01/31/2022,16,2,DOWGEN_PUN3,PUN,21.86,N
01/31/2022,16,2,DOW_61_2_63,RN,21.86,N
01/31/2022,16,2,DOW_64,RN,21.86,N
01/31/2022,16,2,DOW_81_2_84,RN,21.86,N
01/31/2022,16,2,DOW_G37_G35,RN,21.86,N
01/31/2022,16,2,DOW_G66_ST65,RN,21.86,N
01/31/2022,16,2,DOW_G67,RN,21.86,N
01/31/2022,16,2,DOW_G96_ST95,RN,21.86,N
01/31/2022,16,2,DUKE_CC1,LCCRN,21.86,N
01/31/2022,16,2,DUKE_GST1CCU,PCCRN,21.86,N
01/31/2022,16,2,DUKE_GT2_CCU,PCCRN,21.86,N
01/31/2022,16,2,DUP_PUN1,PUN,21.86,N
01/31/2022,16,2,DUP_PUN2,PUN,21.86,N
01/31/2022,16,2,DUP_PUN3,PUN,21.86,N
01/31/2022,16,2,DUP_PUN4,PUN,21.86,N
01/31/2022,16,2,ECLIPSE_UN1,RN,21.86,N
01/31/2022,16,2,ELB_ELBCREEK,RN,21.86,N
01/31/2022,16,2,ELECTRAW_1_2,RN,21.86,N
01/31/2022,16,2,EL_RAYO_ALL,RN,21.86,N
01/31/2022,16,2,ENAS_ENA1,RN,21.86,N
01/31/2022,16,2,ERSL_RN,RN,21.86,N
01/31/2022,16,2,ETCCS_CC1,LCCRN,21.86,N
01/31/2022,16,2,ETCCS_CCU,PCCRN,21.86,N
01/31/2022,16,2,EUNICE_ALL,RN,10.99,N
01/31/2022,16,2,EXGNSND_RN,RN,21.86,N
01/31/2022,16,2,EXGNWTL_1,RN,21.86,N
01/31/2022,16,2,EXN_14,RN,21.86,N
01/31/2022,16,2,EXN_1_3,RN,21.86,N
01/31/2022,16,2,EXN_4,RN,21.86,N
01/31/2022,16,2,EXN_8,RN,21.86,N
01/31/2022,16,2,EXN_9_13,RN,21.86,N
01/31/2022,16,2,EXN_PUN1,PUN,21.86,N
01/31/2022,16,2,EXN_PUN2,PUN,21.86,N
01/31/2022,16,2,EXN_PUN3,PUN,21.86,N
01/31/2022,16,2,E_BLACK_RN,RN,21.86,N
01/31/2022,16,2,FAL_FALCONG1,RN,21.86,N
01/31/2022,16,2,FAL_FALCONG2,RN,21.86,N
01/31/2022,16,2,FAL_FALCONG3,RN,21.86,N
01/31/2022,16,2,FEGC_RN,RN,21.86,N
01/31/2022,16,2,FERGCC_CC1,LCCRN,21.86,N
01/31/2022,16,2,FERGCC_GT1_1,PCCRN,21.86,N
01/31/2022,16,2,FERGCC_GT2_3,PCCRN,21.86,N
01/31/2022,16,2,FERGCC_ST1_5,PCCRN,21.86,N
01/31/2022,16,2,FERMI_ALL,RN,21.86,N
01/31/2022,16,2,FLCNS_CC1,LCCRN,21.86,N
01/31/2022,16,2,FLCNS_UNIT1,PCCRN,21.86,N
01/31/2022,16,2,FLCNS_UNIT2,PCCRN,21.86,N
01/31/2022,16,2,FLCNS_UNIT3,PCCRN,21.86,N
01/31/2022,16,2,FLOWERII_RN,RN,21.86,N
01/31/2022,16,2,FLTBES1,RN,21.86,N
01/31/2022,16,2,FLTCK_SSI,RN,21.86,N
01/31/2022,16,2,FLUVANNA_1_2,RN,21.86,N
01/31/2022,16,2,FLVABES1_ESR,RN,21.86,N
01/31/2022,16,2,FOARDCTY_ALL,RN,21.86,N
01/31/2022,16,2,FORMOSA_CC1,LCCRN,21.86,N
01/31/2022,16,2,FORMOSA_CC2,LCCRN,21.86,N
01/31/2022,16,2,FORMOSA_PUN1,PUN,21.86,N
01/31/2022,16,2,FORMOSA_PUN2,PUN,21.86,N
01/31/2022,16,2,FO_FORMOSA11,RN,21.86,N
01/31/2022,16,2,FO_FORMOSA12,RN,21.86,N
01/31/2022,16,2,FO_FORMOSG1,PCCRN,21.86,N
01/31/2022,16,2,FO_FORMOSG10,PCCRN,21.86,N
01/31/2022,16,2,FO_FORMOSG13,PCCRN,21.86,N
01/31/2022,16,2,FO_FORMOSG14,PCCRN,21.86,N
01/31/2022,16,2,FO_FORMOSG15,PCCRN,21.86,N
01/31/2022,16,2,FO_FORMOSG2,PCCRN,21.86,N
01/31/2022,16,2,FO_FORMOSG3,PCCRN,21.86,N
01/31/2022,16,2,FO_FORMOSG4,PCCRN,21.86,N
01/31/2022,16,2,FO_FORMOSG5,PCCRN,21.86,N
01/31/2022,16,2,FO_FORMOSG6,PCCRN,21.86,N
01/31/2022,16,2,FO_FORMOSG7,PCCRN,21.86,N
01/31/2022,16,2,FO_FORMOSG8,RN,21.86,N
01/31/2022,16,2,FO_FORMOSG9,PCCRN,21.86,N
01/31/2022,16,2,FPPYD_FPP_G1,RN,21.86,N
01/31/2022,16,2,FPPYD_FPP_G2,RN,21.86,N
01/31/2022,16,2,FPPYD_FPP_G3,RN,21.86,N
01/31/2022,16,2,FREC_1_CCU,PCCRN,21.86,N
01/31/2022,16,2,FREC_2_CCU,PCCRN,21.86,N
01/31/2022,16,2,FREC_CC1,LCCRN,21.86,N
01/31/2022,16,2,FREC_CC2,LCCRN,21.86,N
01/31/2022,16,2,FRNYPP_1_CCU,PCCRN,21.86,N
01/31/2022,16,2,FRNYPP_2_CCU,PCCRN,21.86,N
01/31/2022,16,2,FRNYPP_CC1,LCCRN,21.86,N
01/31/2022,16,2,FRNYPP_CC2,LCCRN,21.86,N
01/31/2022,16,2,FTR_CC1,LCCRN,21.86,N
01/31/2022,16,2,FTR_FTR_G1_4,PCCRN,21.86,N
01/31/2022,16,2,FTWIND_UNIT1,RN,21.86,N
01/31/2022,16,2,FWLR_SLR_1,RN,21.86,N
01/31/2022,16,2,GALO_RN1,RN,21.86,N
01/31/2022,16,2,GAMBIT_RN,RN,21.86,N
01/31/2022,16,2,GBY_GT,RN,21.86,N
01/31/2022,16,2,GID_GIDEONG1,RN,21.86,N
01/31/2022,16,2,GID_GIDEONG2,RN,21.86,N
01/31/2022,16,2,GID_GIDEONG3,RN,21.86,N
01/31/2022,16,2,GOA_GOATWIND,RN,21.86,N
01/31/2022,16,2,GPASTURE_ALL,RN,21.86,N
01/31/2022,16,2,GRANDVW1_A_B,RN,21.86,N
01/31/2022,16,2,GREASWOD_ALL,RN,21.86,N
01/31/2022,16,2,GRIF_TRL_RN,RN,21.86,N
01/31/2022,16,2,GRSES_UNIT1,RN,21.86,N
01/31/2022,16,2,GRSES_UNIT2,RN,21.86,N
01/31/2022,16,2,GUADG_CC1,LCCRN,21.86,N
01/31/2022,16,2,GUADG_CC2,LCCRN,21.86,N
01/31/2022,16,2,GUADG_CCU1,PCCRN,21.86,N
01/31/2022,16,2,GUADG_CCU2,PCCRN,21.86,N
01/31/2022,16,2,GUNMTN_NODE,RN,21.86,N
01/31/2022,16,2,GWEC_G1,RN,21.86,N
01/31/2022,16,2,HAYSEN1_2,RN,21.86,N
01/31/2022,16,2,HAYSEN3_4,RN,21.86,N
01/31/2022,16,2,HB_BUSAVG,SH,21.86,N
01/31/2022,16,2,HB_HOUSTON,HU,21.86,N
01/31/2022,16,2,HB_HUBAVG,AH,21.86,N
01/31/2022,16,2,HB_NORTH,HU,21.86,N
01/31/2022,16,2,HB_PAN,HU,21.86,N
01/31/2022,16,2,HB_SOUTH,HU,21.86,N
01/31/2022,16,2,HB_WEST,HU,21.86,N
01/31/2022,16,2,HELIOS_RN,RN,21.86,N
01/31/2022,16,2,HHGT_KENDAL,RN,21.86,N
01/31/2022,16,2,HHOLLW2_WND1,RN,21.86,N
01/31/2022,16,2,HHOLLW3_WND1,RN,21.86,N
01/31/2022,16,2,HHOLLW4_WND1,RN,21.86,N
01/31/2022,16,2,HICK_G1_G2,RN,21.86,N
01/31/2022,16,2,HI_LONE_ALL,RN,21.86,N
01/31/2022,16,2,HLSES_UNIT3,RN,21.86,N
01/31/2022,16,2,HLSES_UNIT4,RN,21.86,N
01/31/2022,16,2,HLSES_UNIT5,RN,21.86,N
01/31/2022,16,2,HOLSTEIN_ALL,RN,21.86,N
01/31/2022,16,2,HORSCR_RN,RN,21.86,N
01/31/2022,16,2,HORSECRK_RN,RN,21.86,N
01/31/2022,16,2,HOVEY_GEN,RN,21.86,N
01/31/2022,16,2,HRBESS_BESS,RN,21.86,N
01/31/2022,16,2,HRFDWIND_ALL,RN,21.86,N
01/31/2022,16,2,HWF_HWFG1,RN,21.86,N
01/31/2022,16,2,H_HOLLO_WND1,RN,21.86,N
01/31/2022,16,2,IMP_RN1,RN,21.86,N
01/31/2022,16,2,INDNENR_1_RN,RN,21.86,N
01/31/2022,16,2,INDNENR_2_RN,RN,21.86,N
01/31/2022,16,2,INDNNWP_RN,RN,21.86,N
01/31/2022,16,2,INDN_INDNNWP,RN,21.86,N
01/31/2022,16,2,IND_INADALE1,RN,21.86,N
01/31/2022,16,2,INGLCOSW_CC1,LCCRN,21.86,N
01/31/2022,16,2,INGLCOSW_STG,PCCRN,21.86,N
01/31/2022,16,2,INGLCOS_CTG1,PCCRN,21.86,N
01/31/2022,16,2,INGLCOS_CTG2,PCCRN,21.86,N
01/31/2022,16,2,INGLCO_PUN1,PUN,21.86,N
01/31/2022,16,2,INGLCO_PUN2,PUN,21.86,N
01/31/2022,16,2,INGLCO_PUN3,PUN,21.86,N
01/31/2022,16,2,INKS_INKS_G1,RN,21.86,N
01/31/2022,16,2,IN_INDNENR,RN,21.86,N
01/31/2022,16,2,IN_INDNENR_2,RN,21.86,N
01/31/2022,16,2,JACKCNTY_CC1,LCCRN,21.86,N
01/31/2022,16,2,JACKCNTY_CT1,PCCRN,21.86,N
01/31/2022,16,2,JACKCNTY_CT2,PCCRN,21.86,N
01/31/2022,16,2,JACKCNTY_STG,PCCRN,21.86,N
01/31/2022,16,2,JCKCNTY2_CC1,LCCRN,21.86,N
01/31/2022,16,2,JCKCNTY2_CT3,PCCRN,21.86,N
01/31/2022,16,2,JCKCNTY2_CT4,PCCRN,21.86,N
01/31/2022,16,2,JCKCNTY2_ST2,PCCRN,21.86,N
01/31/2022,16,2,JC_BAT_RN,RN,21.86,N
01/31/2022,16,2,JUNO_ALL,RN,21.86,N
01/31/2022,16,2,KARAKAW1_1,RN,21.86,N
01/31/2022,16,2,KARAKAW2_1,RN,21.86,N
01/31/2022,16,2,KEECHI_U1,RN,21.86,N
01/31/2022,16,2,KELAMSL_U1,RN,21.86,N
01/31/2022,16,2,KEO_KEO_SM1,RN,21.86,N
01/31/2022,16,2,KINGE_ALL,RN,21.86,N
01/31/2022,16,2,KINGW_ALL,RN,21.86,N
01/31/2022,16,2,KING_KINGNE,RN,21.86,N
01/31/2022,16,2,KING_KINGNW,RN,21.86,N
01/31/2022,16,2,KING_KINGSE,RN,21.86,N
01/31/2022,16,2,KING_KINGSW,RN,21.86,N
01/31/2022,16,2,KMCHI_CC1,LCCRN,21.86,N
01/31/2022,16,2,KMCHI_CC2,LCCRN,21.86,N
01/31/2022,16,2,LAMESASLR_G,RN,21.86,N
01/31/2022,16,2,LAPETUS_U1,RN,21.86,N
01/31/2022,16,2,LARDVFTN_G4,RN,21.86,N
01/31/2022,16,2,LARDVFTN_G5,RN,21.86,N
01/31/2022,16,2,LASSO_GEN,RN,21.86,N
01/31/2022,16,2,LEG_LEG_G1,RN,21.86,N
01/31/2022,16,2,LEG_LEG_G2,RN,21.86,N
01/31/2022,16,2,LEONLCPCT1_2,RN,21.86,N
01/31/2022,16,2,LEONLCPCT3_4,RN,21.86,N
01/31/2022,16,2,LGDRAW_S_ALL,RN,21.86,N
01/31/2022,16,2,LGD_LANGFORD,RN,21.86,N
01/31/2022,16,2,LGE_CC1,LCCRN,21.86,N
01/31/2022,16,2,LGE_LGE_GT1,PCCRN,21.86,N
01/31/2022,16,2,LGE_LGE_GT2,PCCRN,21.86,N
01/31/2022,16,2,LGE_LGE_STG,PCCRN,21.86,N
01/31/2022,16,2,LGE_PUN1,RN,21.86,N
01/31/2022,16,2,LGE_PUN2,RN,21.86,N
01/31/2022,16,2,LGW_UNIT_ALL,RN,21.86,N
01/31/2022,16,2,LHM_CVC_G4,RN,21.86,N
01/31/2022,16,2,LHM_PUN1,PUN,21.86,N
01/31/2022,16,2,LHM_PUN2,PUN,21.86,N
01/31/2022,16,2,LHORN_N_U1_2,RN,21.86,N
01/31/2022,16,2,LHSES_UNIT1,RN,21.86,N
01/31/2022,16,2,LHSES_UNIT2,RN,21.86,N
01/31/2022,16,2,LILY_RN,RN,21.86,N
01/31/2022,16,2,LMAJADAS_ALL,RN,21.86,N
01/31/2022,16,2,LNCRK_ALL,RN,21.86,N
01/31/2022,16,2,LONEWOLF_ALL,RN,21.86,N
01/31/2022,16,2,LOSTPI_CC1,LCCRN,21.86,N
01/31/2022,16,2,LOS_LOSTPGT1,PCCRN,21.86,N
01/31/2022,16,2,LOS_LOSTPGT2,PCCRN,21.86,N
01/31/2022,16,2,LOS_LOSTPST1,PCCRN,21.86,N
01/31/2022,16,2,LPCCS_CC1,LCCRN,21.86,N
01/31/2022,16,2,LPCCS_CC2,LCCRN,21.86,N
01/31/2022,16,2,LPCCS_CT11,PCCRN,21.86,N
01/31/2022,16,2,LPCCS_CT12,PCCRN,21.86,N
01/31/2022,16,2,LPCCS_CT21,PCCRN,21.86,N
01/31/2022,16,2,LPCCS_CT22,PCCRN,21.86,N
01/31/2022,16,2,LPCCS_UNIT1,PCCRN,21.86,N
01/31/2022,16,2,LPCCS_UNIT2,PCCRN,21.86,N
01/31/2022,16,2,LV1A_LV1B,RN,21.86,N
01/31/2022,16,2,LV3_UNIT1,RN,21.86,N
01/31/2022,16,2,LV4_UNIT_1,RN,21.86,N
01/31/2022,16,2,LV5_UNIT1,RN,21.86,N
01/31/2022,16,2,LZ_AEN,LZEW,21.86,N
01/31/2022,16,2,LZ_AEN,LZ,21.86,N
01/31/2022,16,2,LZ_CPS,LZEW,21.86,N
01/31/2022,16,2,LZ_CPS,LZ,21.86,N
01/31/2022,16,2,LZ_HOUSTON,LZEW,21.86,N
01/31/2022,16,2,LZ_HOUSTON,LZ,21.86,N
01/31/2022,16,2,LZ_LCRA,LZEW,21.86,N
01/31/2022,16,2,LZ_LCRA,LZ,21.86,N
01/31/2022,16,2,LZ_NORTH,LZEW,21.86,N
01/31/2022,16,2,LZ_NORTH,LZ,21.86,N
01/31/2022,16,2,LZ_RAYBN,LZEW,21.86,N
01/31/2022,16,2,LZ_RAYBN,LZ,21.86,N
01/31/2022,16,2,LZ_SOUTH,LZEW,21.86,N
01/31/2022,16,2,LZ_SOUTH,LZ,21.86,N
01/31/2022,16,2,LZ_WEST,LZ,21.86,N
01/31/2022,16,2,LZ_WEST,LZEW,21.86,N
01/31/2022,16,2,MADERO_RN,RN,21.86,N
01/31/2022,16,2,MARBFA,RN,21.86,N
01/31/2022,16,2,MARIAH_ALL,RN,21.86,N
01/31/2022,16,2,MAR_MARSFOG1,RN,21.86,N
01/31/2022,16,2,MAR_MARSFOG2,RN,21.86,N
01/31/2022,16,2,MAR_MARSFOG3,RN,21.86,N
01/31/2022,16,2,MASSENGL_CC1,LCCRN,21.86,N
01/31/2022,16,2,MASSENGL_G6,PCCRN,21.86,N
01/31/2022,16,2,MASSENGL_G7,PCCRN,21.86,N
01/31/2022,16,2,MASSENGL_G8,PCCRN,21.86,N
01/31/2022,16,2,MAVCRK_W_ALL,RN,21.86,N
01/31/2022,16,2,MCDLD_FCSBW1,RN,21.86,N
01/31/2022,16,2,MCSES_UNIT6,RN,21.86,N
01/31/2022,16,2,MCSES_UNIT7,RN,21.86,N
01/31/2022,16,2,MCSES_UNIT8,RN,21.86,N
01/31/2022,16,2,MDANP_CT1_2,RN,21.86,N
01/31/2022,16,2,MDANP_CT3_4,RN,21.86,N
01/31/2022,16,2,MDANP_CT5_6,RN,21.86,N
01/31/2022,16,2,MESQCRK_ALL,RN,21.86,N
01/31/2022,16,2,MESTENO_RN,RN,21.86,N
01/31/2022,16,2,MGSES_CT123,RN,21.86,N
01/31/2022,16,2,MGSES_CT456,RN,21.86,N
01/31/2022,16,2,MIAM1_G1_G2,RN,21.86,N
01/31/2022,16,2,MIL_MILG1_2,RN,21.86,N
01/31/2022,16,2,MIL_MILG345,RN,21.86,N
01/31/2022,16,2,MIRAGE_G1,RN,21.86,N
01/31/2022,16,2,MIRASOLE_GEN,RN,21.86,N
01/31/2022,16,2,MISAE_GEN_RN,RN,21.86,N
01/31/2022,16,2,MLSES_UNIT1,RN,21.86,N
01/31/2022,16,2,MLSES_UNIT2,RN,21.86,N
01/31/2022,16,2,MLSES_UNIT3,RN,21.86,N
01/31/2022,16,2,MOZART_WIND1,RN,21.86,N
01/31/2022,16,2,MWEC_G1,RN,21.86,N
01/31/2022,16,2,NACPW_UNIT1,RN,21.86,N
01/31/2022,16,2,NBOHR_RN,RN,21.86,N
01/31/2022,16,2,NCARBIDEG8,RN,21.86,N
01/31/2022,16,2,NCARBIDE_1_7,RN,21.86,N
01/31/2022,16,2,NCARBID_PUN1,PUN,21.86,N
01/31/2022,16,2,NCARBID_PUN2,PUN,21.86,N
01/31/2022,16,2,NCO_RN,RN,21.86,N
01/31/2022,16,2,NEBULA_RN,RN,21.86,N
01/31/2022,16,2,NEDIN_CC1,LCCRN,21.86,N
01/31/2022,16,2,NED_NEDIN_G1,PCCRN,21.86,N
01/31/2022,16,2,NED_NEDIN_G2,PCCRN,21.86,N
01/31/2022,16,2,NED_NEDIN_G3,PCCRN,21.86,N
01/31/2022,16,2,NF_BRP_RN,RN,21.86,N
01/31/2022,16,2,NOBLESLR_ALL,RN,21.86,N
01/31/2022,16,2,NUECES_B_CC1,LCCRN,21.86,N
01/31/2022,16,2,NUE_NUECESG7,PCCRN,21.86,N
01/31/2022,16,2,NUE_NUECESG8,PCCRN,21.86,N
01/31/2022,16,2,NUE_NUECESG9,PCCRN,21.86,N
01/31/2022,16,2,NWF_NWF1,RN,21.86,N
01/31/2022,16,2,OBERON_U1,RN,21.86,N
01/31/2022,16,2,ODESW_RN,RN,21.86,N
01/31/2022,16,2,OECCS_1,PCCRN,21.86,N
01/31/2022,16,2,OECCS_2,PCCRN,21.86,N
01/31/2022,16,2,OECCS_CC1,LCCRN,21.86,N
01/31/2022,16,2,OECCS_CC2,LCCRN,21.86,N
01/31/2022,16,2,OGSES_1,RN,21.86,N
01/31/2022,16,2,OGSES_2,RN,21.86,N
01/31/2022,16,2,OKLA_OKLA_G1,RN,21.86,N
01/31/2022,16,2,OLIN_OLING_1,RN,21.86,N
01/31/2022,16,2,OLIN_OLING_2,RN,21.86,N
01/31/2022,16,2,OLIN_OLING_3,RN,21.86,N
01/31/2022,16,2,OLIN_OLING_4,RN,21.86,N
01/31/2022,16,2,OWF_OWF,RN,21.86,N
01/31/2022,16,2,OXY_OXY_CCG1,RN,21.86,N
01/31/2022,16,2,OXY_PUN1,PUN,21.86,N
01/31/2022,16,2,OXY_PUN2,PUN,21.86,N
01/31/2022,16,2,PALMWI_UNIT1,RN,21.86,N
01/31/2022,16,2,PANDA_S_CC1,LCCRN,21.86,N
01/31/2022,16,2,PANDA_S_CT1,PCCRN,21.86,N
01/31/2022,16,2,PANDA_S_CT2,PCCRN,21.86,N
01/31/2022,16,2,PANDA_S_ST1,PCCRN,21.86,N
01/31/2022,16,2,PANDA_T1_CC1,LCCRN,21.86,N
01/31/2022,16,2,PANDA_T1_CT1,PCCRN,21.86,N
01/31/2022,16,2,PANDA_T1_CT2,PCCRN,21.86,N
01/31/2022,16,2,PANDA_T1_ST1,PCCRN,21.86,N
01/31/2022,16,2,PANDA_T2_CC1,LCCRN,21.86,N
01/31/2022,16,2,PANDA_T2_CT1,PCCRN,21.86,N
01/31/2022,16,2,PANDA_T2_CT2,PCCRN,21.86,N
01/31/2022,16,2,PANDA_T2_ST1,PCCRN,21.86,N
01/31/2022,16,2,PAP1_PAP1,RN,21.86,N
01/31/2022,16,2,PB2SES_CT1,RN,21.86,N
01/31/2022,16,2,PB2SES_CT2,RN,21.86,N
01/31/2022,16,2,PB2SES_CT3,RN,21.86,N
01/31/2022,16,2,PB2SES_CT4,RN,21.86,N
01/31/2022,16,2,PB2SES_CT5,RN,21.86,N
01/31/2022,16,2,PC_NORTH_1,RN,21.86,N
01/31/2022,16,2,PC_SOUTH_ALL,RN,21.86,N
01/31/2022,16,2,PEARSA_1_24,RN,21.86,N
01/31/2022,16,2,PENA_ALL,RN,21.86,N
01/31/2022,16,2,PES1_RN,RN,21.86,N
01/31/2022,16,2,PEY_RN,RN,21.86,N
01/31/2022,16,2,PH1_UNIT1_2,RN,21.86,N
01/31/2022,16,2,PH2_U1_U2,RN,21.86,N
01/31/2022,16,2,PHILLWND_ALL,RN,21.86,N
01/31/2022,16,2,PHOEBE_ALL,RN,21.86,N
01/31/2022,16,2,PHOENIX_RN,RN,21.86,N
01/31/2022,16,2,PLN_ALL,RN,21.86,N
01/31/2022,16,2,PNPI_GT2_RN,RN,21.86,N
01/31/2022,16,2,PRID_RN,RN,21.86,N
01/31/2022,16,2,PROSPERO_ALL,RN,10.99,N
01/31/2022,16,2,PRO_RN,RN,21.86,N
01/31/2022,16,2,PRSPERO2_ALL,RN,10.99,N
01/31/2022,16,2,PR_PR_ALL,RN,21.86,N
01/31/2022,16,2,PR_PR_G2,RN,21.86,N
01/31/2022,16,2,PSA_CC1,LCCRN,21.86,N
01/31/2022,16,2,PSA_PSA_G1,PCCRN,21.86,N
01/31/2022,16,2,PSA_PSA_G2,PCCRN,21.86,N
01/31/2022,16,2,PSA_PSA_G3,PCCRN,21.86,N
01/31/2022,16,2,PSA_PSA_G4,PCCRN,21.86,N
01/31/2022,16,2,PSA_PSA_G5,PCCRN,21.86,N
01/31/2022,16,2,PSA_PSA_G6,PCCRN,21.86,N
01/31/2022,16,2,PSA_PSA_G7,PCCRN,21.86,N
01/31/2022,16,2,PSA_PUN1,PUN,21.86,N
01/31/2022,16,2,PSA_PUN2,PUN,21.86,N
01/31/2022,16,2,PSA_PUN3,PUN,21.86,N
01/31/2022,16,2,PSA_PUN4,PUN,21.86,N
01/31/2022,16,2,PSA_PUN5,PUN,21.86,N
01/31/2022,16,2,PSG_CC1,LCCRN,21.86,N
01/31/2022,16,2,PSG_PSG_GT2,PCCRN,21.86,N
01/31/2022,16,2,PSG_PSG_GT3,PCCRN,21.86,N
01/31/2022,16,2,PSG_PSG_ST1,PCCRN,21.86,N
01/31/2022,16,2,PTLBES_BESS1,RN,21.86,N
01/31/2022,16,2,PYR_PYRON1,RN,21.86,N
01/31/2022,16,2,QALSW_ALL,PCCRN,21.86,N
01/31/2022,16,2,QALSW_CC1,LCCRN,21.86,N
01/31/2022,16,2,QALSW_CC2,LCCRN,21.86,N
01/31/2022,16,2,QUEEN_BA_RN,RN,21.86,N
01/31/2022,16,2,QUEEN_SL_RN,RN,21.86,N
01/31/2022,16,2,RAB_G1-8,RN,21.86,N
01/31/2022,16,2,RAMBLER_UNIT,RN,21.86,N
01/31/2022,16,2,RANCHERO_ALL,RN,21.86,N
01/31/2022,16,2,RAYBURN_CC1,LCCRN,21.86,N
01/31/2022,16,2,RAYBURN_G1_2,RN,21.86,N
01/31/2022,16,2,RAYB_G78910,PCCRN,21.86,N
01/31/2022,16,2,RDCAN_RDCNY1,RN,21.86,N
01/31/2022,16,2,REDBARN_RN,RN,21.86,N
01/31/2022,16,2,REDFISH_ALL,RN,21.86,N
01/31/2022,16,2,REDGATE_ALL,RN,21.86,N
01/31/2022,16,2,REDGATE_RN,RN,21.86,N
01/31/2022,16,2,RELOJ_ALL,RN,21.86,N
01/31/2022,16,2,REROCK_ALL,RN,21.86,N
01/31/2022,16,2,RHESS2_ESS1,RN,21.86,N
01/31/2022,16,2,RHESS_1,RN,21.86,N
01/31/2022,16,2,RIGGIN_UNIT1,RN,21.86,N
01/31/2022,16,2,RIONOG_CC1,LCCRN,21.86,N
01/31/2022,16,2,RIONOG_CT1,PCCRN,21.86,N
01/31/2022,16,2,RIONOG_CT2,PCCRN,21.86,N
01/31/2022,16,2,RIONOG_CT3,PCCRN,21.86,N
01/31/2022,16,2,RIONOG_ST1,PCCRN,21.86,N
01/31/2022,16,2,RIPPEY_ALL,RN,21.86,N
01/31/2022,16,2,RN_APOGEE,RN,21.86,N
01/31/2022,16,2,RN_BYU_G8,PCCRN,21.86,N
01/31/2022,16,2,RN_DEC_AGR_A,RN,21.86,N
01/31/2022,16,2,RN_DEC_AGR_B,RN,21.86,N
01/31/2022,16,2,RN_DEC_AGR_C,RN,21.86,N
01/31/2022,16,2,RN_DEC_AGR_D,RN,21.86,N
01/31/2022,16,2,RN_ECEC_HOLT,RN,21.86,N
01/31/2022,16,2,RN_OCI_ALAMO,RN,21.86,N
01/31/2022,16,2,RN_RTS1,RN,21.86,N
01/31/2022,16,2,RN_SR_WIND1,RN,21.86,N
01/31/2022,16,2,RN_TOSBATT,RN,21.86,N
01/31/2022,16,2,ROUTE66_RN,RN,21.86,N
01/31/2022,16,2,RPUBRDS_RN,RN,21.86,N
01/31/2022,16,2,RSK_RN,RN,21.86,N
01/31/2022,16,2,SALVTION_GEN,RN,21.86,N
01/31/2022,16,2,SAMSON_ALL,RN,21.86,N
01/31/2022,16,2,SANDHSYD1_2,RN,21.86,N
01/31/2022,16,2,SANDHSYD3_4,RN,21.86,N
01/31/2022,16,2,SANDHSYD6_7,RN,21.86,N
01/31/2022,16,2,SANDHSYD_5AC,PCCRN,21.86,N
01/31/2022,16,2,SANDHSYD_CC1,LCCRN,21.86,N
01/31/2022,16,2,SANTACRU_ALL,RN,21.86,N
01/31/2022,16,2,SAN_SANMIGG1,RN,21.86,N
01/31/2022,16,2,SC2SES_UNIT1,RN,21.86,N
01/31/2022,16,2,SCES_UNIT1,RN,21.86,N
01/31/2022,16,2,SCLP_PUN1,PUN,21.86,N
01/31/2022,16,2,SCLP_PUN2,PUN,21.86,N
01/31/2022,16,2,SCLP_PUN3,PUN,21.86,N
01/31/2022,16,2,SCLP_PUN4,PUN,21.86,N
01/31/2022,16,2,SCLP_SCLPC_1,RN,21.86,N
01/31/2022,16,2,SCLP_SCLPC_2,RN,21.86,N
01/31/2022,16,2,SCLP_SCLPC_3,RN,21.86,N
01/31/2022,16,2,SCLP_SCLPC_4,RN,21.86,N
01/31/2022,16,2,SCSES_UNIT2,RN,21.86,N
01/31/2022,16,2,SDSES_PUN1,RN,21.86,N
01/31/2022,16,2,SDSES_PUN2,RN,21.86,N
01/31/2022,16,2,SDSES_PUN3,RN,21.86,N
01/31/2022,16,2,SDSES_PUN4,RN,21.86,N
01/31/2022,16,2,SENATEWD_1,RN,21.86,N
01/31/2022,16,2,SGM_SIGNALMT,RN,21.86,N
01/31/2022,16,2,SHAFFER_ALL,RN,21.86,N
01/31/2022,16,2,SHANNONW_RN,RN,21.86,N
01/31/2022,16,2,SILASRAY_CC1,LCCRN,21.86,N
01/31/2022,16,2,SIL_SILAS_10,RN,21.86,N
01/31/2022,16,2,SIL_SILAS_6,PCCRN,21.86,N
01/31/2022,16,2,SIL_SILAS_9,PCCRN,21.86,N
01/31/2022,16,2,SIRIUS_UNIT1,RN,21.86,N
01/31/2022,16,2,SJS_SJS_G1,RN,21.86,N
01/31/2022,16,2,SJS_SJS_G2,RN,21.86,N
01/31/2022,16,2,SKY1,RN,21.86,N
01/31/2022,16,2,SLCN_ESS_ALL,RN,21.86,N
01/31/2022,16,2,SLTFRK_UN1_2,RN,21.86,N
01/31/2022,16,2,SL_PUN1,PUN,21.86,N
01/31/2022,16,2,SL_PUN2,PUN,21.86,N
01/31/2022,16,2,SL_SL_G1,RN,21.86,N
01/31/2022,16,2,SL_SL_G2,RN,21.86,N
01/31/2022,16,2,SL_SL_G3,RN,21.86,N
01/31/2022,16,2,SL_SL_G4,RN,21.86,N
01/31/2022,16,2,SNY_BESS_RN,RN,21.86,N
01/31/2022,16,2,SOLARA_UNIT1,RN,21.86,N
01/31/2022,16,2,SPLAIN1_RN,RN,21.86,N
01/31/2022,16,2,SPLAIN2_RN,RN,21.86,N
01/31/2022,16,2,SPNC_SPNCE_4,RN,21.86,N
01/31/2022,16,2,SPNC_SPNCE_5,RN,21.86,N
01/31/2022,16,2,SPTX12B_RN,RN,21.86,N
01/31/2022,16,2,SRWE1_UNIT1,RN,21.86,N
01/31/2022,16,2,SSPURT_WIND1,RN,21.86,N
01/31/2022,16,2,STEAM_ENG123,RN,21.86,N
01/31/2022,16,2,STEA_STEAM_1,RN,21.86,N
01/31/2022,16,2,STEA_STEAM_2,RN,21.86,N
01/31/2022,16,2,STEA_STEAM_3,RN,21.86,N
01/31/2022,16,2,STELLA_RN,RN,21.86,N
01/31/2022,16,2,STP_STP_G1,RN,21.86,N
01/31/2022,16,2,STP_STP_G2,RN,21.86,N
01/31/2022,16,2,STRATEGC_RN,RN,21.86,N
01/31/2022,16,2,STWF_T1,RN,21.86,N
01/31/2022,16,2,SWEC_G1,RN,21.86,N
01/31/2022,16,2,SWEETWN2_2_4,RN,21.86,N
01/31/2022,16,2,SWEETWN3_3,RN,21.86,N
01/31/2022,16,2,SWEETWND_1,RN,21.86,N
01/31/2022,16,2,SWOOSE1_U1,RN,21.86,N
01/31/2022,16,2,SWOOSEII_RN,RN,21.86,N
01/31/2022,16,2,SWTWN4_WND45,RN,21.86,N
01/31/2022,16,2,SWT_BESS_RN,RN,21.86,N
01/31/2022,16,2,S_HILLS_RN,RN,21.86,N
01/31/2022,16,2,TAHOKA_ALL,RN,21.86,N
01/31/2022,16,2,TAYGETE2_ALL,RN,21.86,N
01/31/2022,16,2,TAYGETE_ALL,RN,21.86,N
01/31/2022,16,2,TC_PUN1,PUN,21.86,N
01/31/2022,16,2,TC_PUN2,PUN,21.86,N
01/31/2022,16,2,TC_TCHP1,RN,21.86,N
01/31/2022,16,2,TEN_CC1,LCCRN,21.86,N
01/31/2022,16,2,TEN_CT1_STG,PCCRN,21.86,N
01/31/2022,16,2,TGCCS_ALL,PCCRN,21.86,N
01/31/2022,16,2,TGCCS_CC1,LCCRN,21.86,N
01/31/2022,16,2,TGF_TGFGT,RN,21.86,N
01/31/2022,16,2,TGW_T1_T2,RN,21.86,N
01/31/2022,16,2,THW_1_CCU,PCCRN,21.86,N
01/31/2022,16,2,THW_2_CCU,PCCRN,21.86,N
01/31/2022,16,2,THW_CC1,LCCRN,21.86,N
01/31/2022,16,2,THW_CC2,LCCRN,21.86,N
01/31/2022,16,2,THW_THWGT5X,RN,21.86,N
01/31/2022,16,2,THW_THWGT_1,RN,21.86,N
01/31/2022,16,2,TI_SOLAR_ALL,RN,21.86,N
01/31/2022,16,2,TKWSW_CHAMP,RN,21.86,N
01/31/2022,16,2,TKWSW_ROSCOE,RN,21.86,N
01/31/2022,16,2,TNP_TNP_O_1,RN,21.86,N
01/31/2022,16,2,TNP_TNP_O_2,RN,21.86,N
01/31/2022,16,2,TNSKA_CC1,LCCRN,21.86,N
01/31/2022,16,2,TNSKA_CCU,PCCRN,21.86,N
01/31/2022,16,2,TOPAZ_ALL,RN,21.86,N
01/31/2022,16,2,TORR_ALL,RN,21.86,N
01/31/2022,16,2,TOYAH_RN,RN,21.86,N
01/31/2022,16,2,TRENT_TRENT,RN,21.86,N
01/31/2022,16,2,TRINITY_ALL,RN,21.86,N
01/31/2022,16,2,TRIPBUT1_RN,RN,21.86,N
01/31/2022,16,2,TRSES_UNIT6,RN,21.86,N
01/31/2022,16,2,TRUENO_ALL,RN,21.86,N
01/31/2022,16,2,TRUSGILL_RN,RN,21.86,N
01/31/2022,16,2,TTRSW_RN,RN,21.86,N
01/31/2022,16,2,TTWEC_G1,RN,21.86,N
01/31/2022,16,2,TXCTY_CC1,LCCRN,21.86,N
01/31/2022,16,2,TXCTY_CTA,PCCRN,21.86,N
01/31/2022,16,2,TXCTY_CTB,PCCRN,21.86,N
01/31/2022,16,2,TXCTY_CTC,PCCRN,21.86,N
01/31/2022,16,2,TXCTY_ST,PCCRN,21.86,N
01/31/2022,16,2,TYLRWIND_RN,RN,21.86,N
01/31/2022,16,2,T_CK_GT2_RN,RN,21.86,N
01/31/2022,16,2,T_CK_GT3_RN,RN,21.86,N
01/31/2022,16,2,UCC_COG_PUN2,PUN,21.86,N
01/31/2022,16,2,UCC_UCC_C_2,RN,21.86,N
01/31/2022,16,2,VANCOURT_RN,RN,21.86,N
01/31/2022,16,2,VENADO_ALL,RN,21.86,N
01/31/2022,16,2,VERAWIND_ALL,RN,21.86,N
01/31/2022,16,2,VERTIGO_UN1,RN,21.86,N
01/31/2022,16,2,VICTORIA_CC1,LCCRN,21.86,N
01/31/2022,16,2,VICTPORT_ALL,RN,21.86,N
01/31/2022,16,2,VICTPORT_RN,RN,21.86,N
01/31/2022,16,2,VIC_VICTORG5,PCCRN,21.86,N
01/31/2022,16,2,VIC_VICTORG6,PCCRN,21.86,N
01/31/2022,16,2,VISION_RN,RN,21.86,N
01/31/2022,16,2,VLSES_UNIT3,PCCRN,21.86,N
01/31/2022,16,2,VORT_ALL_RN,RN,21.86,N
01/31/2022,16,2,WAKEWE_ALL,RN,21.86,N
01/31/2022,16,2,WAP_WAPGT_1,RN,21.86,N
01/31/2022,16,2,WAP_WAP_G1,RN,21.86,N
01/31/2022,16,2,WAP_WAP_G2,RN,21.86,N
01/31/2022,16,2,WAP_WAP_G3,RN,21.86,N
01/31/2022,16,2,WAP_WAP_G4,RN,21.86,N
01/31/2022,16,2,WAP_WAP_G5,RN,21.86,N
01/31/2022,16,2,WAP_WAP_G6,RN,21.86,N
01/31/2022,16,2,WAP_WAP_G7,RN,21.86,N
01/31/2022,16,2,WAP_WAP_G8,RN,21.86,N
01/31/2022,16,2,WAYMARK_RN,RN,21.86,N
01/31/2022,16,2,WCPP_CC1,LCCRN,21.86,N
01/31/2022,16,2,WCPP_CT1,PCCRN,21.86,N
01/31/2022,16,2,WCPP_CT2,PCCRN,21.86,N
01/31/2022,16,2,WCPP_ST1,PCCRN,21.86,N
01/31/2022,16,2,WEBBER_WS_T1,RN,21.86,N
01/31/2022,16,2,WEC_WECG1,RN,21.86,N
01/31/2022,16,2,WFCOGEN_13,PCCRN,21.86,N
01/31/2022,16,2,WFCOGEN_24,PCCRN,21.86,N
01/31/2022,16,2,WFCOGEN_CC1,LCCRN,21.86,N
01/31/2022,16,2,WGU_RN,RN,21.86,N
01/31/2022,16,2,WHCCS2_4,PCCRN,21.86,N
01/31/2022,16,2,WHCCS2_5_6,PCCRN,21.86,N
01/31/2022,16,2,WHCCS2_CC2,LCCRN,21.86,N
01/31/2022,16,2,WHCCS_CC1,LCCRN,21.86,N
01/31/2022,16,2,WHCCS_CT1_ST,PCCRN,21.86,N
01/31/2022,16,2,WHCCS_CT2,PCCRN,21.86,N
01/31/2022,16,2,WHITE_PT_UN1,RN,21.86,N
01/31/2022,16,2,WHMESA_U1,RN,21.86,N
01/31/2022,16,2,WHTTAIL_WR1,RN,21.86,N
01/31/2022,16,2,WH_WIND_ALL,RN,21.86,N
01/31/2022,16,2,WILDWIND_ALL,RN,21.86,N
01/31/2022,16,2,WIPOPA_1_2,RN,21.86,N
01/31/2022,16,2,WIPOPA_3_4,RN,21.86,N
01/31/2022,16,2,WIR_WIRTZ_G1,RN,21.86,N
01/31/2022,16,2,WIR_WIRTZ_G2,RN,21.86,N
01/31/2022,16,2,WL_RANCH_RN,RN,21.86,N
01/31/2022,16,2,WNDTS2_UNIT1,RN,21.86,N
01/31/2022,16,2,WND_WHITNEY,RN,21.86,N
01/31/2022,16,2,WOODWRD1_RN,RN,21.86,N
01/31/2022,16,2,WOODWRD2_RN,RN,21.86,N
01/31/2022,16,2,WOO_WOODWRD1,RN,21.86,N
01/31/2022,16,2,WOO_WOODWRD2,RN,21.86,N
01/31/2022,16,2,WOV_BESS_RN,RN,21.86,N
01/31/2022,16,2,WRSBES_BESS1,RN,21.86,N
01/31/2022,16,2,W_PECO_UNIT1,RN,21.86,N
01/31/2022,16,2,X443ESRN,RN,21.86,N
