DeliveryDate,DeliveryHour,DeliveryInterval,SettlementPointName,SettlementPointType,SettlementPointPrice,DSTFlag
01/31/2022,8,4,AEEC,RN,134.69,N
01/31/2022,8,4,AJAXWIND_RN,RN,134.62,N
01/31/2022,8,4,ALGOD_ALL_RN,RN,131.89,N
01/31/2022,8,4,ALVIN_RN,RN,130.4,N
01/31/2022,8,4,AMADEUS_ALL,RN,134.66,N
01/31/2022,8,4,AMISTAD_ALL,RN,134.22,N
01/31/2022,8,4,AMOCOOIL_CC1,LCCRN,130.61,N
01/31/2022,8,4,AMOCOOIL_CC2,LCCRN,130.61,N
01/31/2022,8,4,AMOCO_PUN1,PUN,130.61,N
01/31/2022,8,4,AMOCO_PUN2,PUN,130.61,N
01/31/2022,8,4,AMO_AMOCO_1,PCCRN,130.61,N
01/31/2022,8,4,AMO_AMOCO_2,PCCRN,130.61,N
01/31/2022,8,4,AMO_AMOCO_5,PCCRN,130.61,N
01/31/2022,8,4,AMO_AMOCO_G1,PCCRN,130.61,N
01/31/2022,8,4,AMO_AMOCO_G2,PCCRN,130.61,N
01/31/2022,8,4,AMO_AMOCO_G3,PCCRN,130.61,N
01/31/2022,8,4,AMO_AMOCO_S1,PCCRN,130.61,N
01/31/2022,8,4,AMO_AMOCO_S2,PCCRN,130.61,N
01/31/2022,8,4,ANACACHO_ANA,RN,134.05,N
01/31/2022,8,4,ANCHOR_ALL,RN,134.42,N
01/31/2022,8,4,ANSON1_ALL,RN,134.65,N
01/31/2022,8,4,AQUI_ALL,RN,134.75,N
01/31/2022,8,4,ARAGORN_RN,RN,134.82,N
01/31/2022,8,4,ASTRA_RN,RN,134.67,N
01/31/2022,8,4,ATK_ATKINSG7,RN,133.19,N
01/31/2022,8,4,AUSTPL_ALL,RN,138.61,N
01/31/2022,8,4,AVIAT_ALL,RN,134.89,N
01/31/2022,8,4,AZURE_RN,RN,134.63,N
01/31/2022,8,4,AZ_ALL,RN,130.89,N
01/31/2022,8,4,BAC_RN_ALL,RN,130.61,N
01/31/2022,8,4,BAFFIN_ALL,RN,132.07,N
01/31/2022,8,4,BAIRDWND_ALL,RN,134.54,N
01/31/2022,8,4,BARROW_ALL,RN,134.81,N
01/31/2022,8,4,BASTEN_CC1,LCCRN,136.38,N
01/31/2022,8,4,BASTEN_CCU,PCCRN,136.38,N
01/31/2022,8,4,BATCAVE_RN,RN,136.13,N
01/31/2022,8,4,BBREEZE_1_2,RN,132.23,N
01/31/2022,8,4,BCATWD_WD_1,RN,134.62,N
01/31/2022,8,4,BCK_RN,RN,130.67,N
01/31/2022,8,4,BIGSTAR_ALL,RN,134.54,N
01/31/2022,8,4,BLACKJAK_RN,RN,132.03,N
01/31/2022,8,4,BLSMT1_5_A_6,RN,134.63,N
01/31/2022,8,4,BLUEJAY_RN,RN,132.97,N
01/31/2022,8,4,BOOTLEG_UN1,RN,134.85,N
01/31/2022,8,4,BORDAS_345,RN,132.62,N
01/31/2022,8,4,BOSQUESW_CC1,LCCRN,134.94,N
01/31/2022,8,4,BOSQUESW_CC2,LCCRN,134.97,N
01/31/2022,8,4,BOSQ_BSQSU_5,PCCRN,134.97,N
01/31/2022,8,4,BOSQ_BSQS_12,PCCRN,134.97,N
01/31/2022,8,4,BOSQ_BSQS_34,PCCRN,134.94,N
01/31/2022,8,4,BRANDON_RN,RN,134.7,N
01/31/2022,8,4,BRAUNIG_CC1,LCCRN,134.31,N
01/31/2022,8,4,BRAUNIG_VHB1,RN,134.23,N
01/31/2022,8,4,BRAUNIG_VHB2,RN,134.23,N
01/31/2022,8,4,BRAUNIG_VHB3,RN,134.23,N
01/31/2022,8,4,BRAZ_WND_ALL,RN,134.75,N
01/31/2022,8,4,BRA_AVR1_CT2,PCCRN,134.31,N
01/31/2022,8,4,BRA_AVR_CST1,PCCRN,134.31,N
01/31/2022,8,4,BRHEIGHT_RN,RN,130.61,N
01/31/2022,8,4,BRIGHTSD_RN,RN,133.03,N
01/31/2022,8,4,BRISCOE_WIND,RN,134.67,N
01/31/2022,8,4,BRPANGLE_RN,RN,129.92,N
01/31/2022,8,4,BRPMAGNO_RN,RN,130.53,N
01/31/2022,8,4,BRP_BRAZ_RN,RN,129.93,N
01/31/2022,8,4,BRP_DIKN_RN,RN,130.56,N
01/31/2022,8,4,BRP_LOOP_RN,RN,130.6,N
01/31/2022,8,4,BRP_LOP1_RN,RN,132.52,N
01/31/2022,8,4,BRP_PBL1_RN,RN,133.85,N
01/31/2022,8,4,BRP_PBL2_RN,RN,133.85,N
01/31/2022,8,4,BRP_RN_UNIT1,RN,134.55,N
01/31/2022,8,4,BRP_SEMI_RN,RN,130.5,N
01/31/2022,8,4,BRP_SWNY_RN,RN,129.93,N
01/31/2022,8,4,BRP_ZPT1_RN,RN,132.63,N
01/31/2022,8,4,BRP_ZPT2_RN,RN,132.63,N
01/31/2022,8,4,BRTSW_BCW1,RN,134.61,N
01/31/2022,8,4,BR_VHB6CT5_6,RN,134.19,N
01/31/2022,8,4,BR_VHB6CT7_8,RN,134.19,N
01/31/2022,8,4,BSS_U1,RN,129.93,N
01/31/2022,8,4,BTE_BTE_G1,PCCRN,130.96,N
01/31/2022,8,4,BTE_BTE_G2,PCCRN,130.96,N
01/31/2022,8,4,BTE_BTE_G3,PCCRN,130.96,N
01/31/2022,8,4,BTE_BTE_G4,PCCRN,130.96,N
01/31/2022,8,4,BTE_CC1,LCCRN,130.96,N
01/31/2022,8,4,BTE_PUN1,PUN,130.96,N
01/31/2022,8,4,BTE_PUN2,PUN,130.96,N
01/31/2022,8,4,BUCHAN_ALL,RN,137.25,N
01/31/2022,8,4,BUCKTHRN_RN,RN,134.67,N
01/31/2022,8,4,BUFF_GAP_ALL,RN,134.88,N
01/31/2022,8,4,BULLCRK_1_2,RN,134.76,N
01/31/2022,8,4,BVE_CC1,LCCRN,130.67,N
01/31/2022,8,4,BVE_UNIT1,PCCRN,130.67,N
01/31/2022,8,4,BVE_UNIT2,PCCRN,130.67,N
01/31/2022,8,4,BVE_UNIT3,PCCRN,130.67,N
01/31/2022,8,4,BYU_BYU_1,RN,130.74,N
01/31/2022,8,4,BYU_BYU_12,PCCRN,130.74,N
01/31/2022,8,4,BYU_BYU_34,PCCRN,130.74,N
01/31/2022,8,4,BYU_BYU_G8,RN,130.74,N
01/31/2022,8,4,BYU_CC1,LCCRN,130.74,N
01/31/2022,8,4,BYU_PUN1,PUN,130.74,N
01/31/2022,8,4,BYU_PUN2,PUN,130.74,N
01/31/2022,8,4,BYU_PUN3,PUN,130.74,N
01/31/2022,8,4,BYU_PUN4,PUN,130.74,N
01/31/2022,8,4,B_DAVIS_3,PCCRN,131.89,N
01/31/2022,8,4,B_DAVIS_4,PCCRN,131.89,N
01/31/2022,8,4,B_DAVIS_CC1,LCCRN,131.89,N
01/31/2022,8,4,B_D_B_DAVIG1,RN,131.89,N
01/31/2022,8,4,B_D_B_DAVIG2,PCCRN,131.89,N
01/31/2022,8,4,CABEZON_ALL,RN,132.61,N
01/31/2022,8,4,CALAVER_JKS1,RN,134.24,N
01/31/2022,8,4,CALAVER_JKS2,RN,134.24,N
01/31/2022,8,4,CALAVER_JTD1,RN,134.28,N
01/31/2022,8,4,CALAVER_JTD2,RN,134.28,N
01/31/2022,8,4,CALAVER_OWS1,RN,134.28,N
01/31/2022,8,4,CALAVER_OWS2,RN,134.28,N
01/31/2022,8,4,CALHOUN_ALL,RN,130.73,N
01/31/2022,8,4,CALLAHA_WND1,RN,134.84,N
01/31/2022,8,4,CAL_CALGT1,PCCRN,130.9,N
01/31/2022,8,4,CAL_CALSTG1,PCCRN,130.9,N
01/31/2022,8,4,CAL_CC1,LCCRN,130.9,N
01/31/2022,8,4,CAL_PUN1,PUN,130.9,N
01/31/2022,8,4,CAL_PUN2,PUN,130.9,N
01/31/2022,8,4,CAMWIND_RN,RN,132.2,N
01/31/2022,8,4,CAPRIDG4_CR4,RN,134.89,N
01/31/2022,8,4,CAPRIDGE_ALL,RN,134.89,N
01/31/2022,8,4,CARBN_BSP_1,RN,134.8,N
01/31/2022,8,4,CASL_GAP_UN1,RN,134.82,N
01/31/2022,8,4,CBECII_1,RN,129.35,N
01/31/2022,8,4,CBECII_2,RN,129.35,N
01/31/2022,8,4,CBECII_89,PCCRN,129.35,N
01/31/2022,8,4,CBECII_CC3,LCCRN,129.35,N
01/31/2022,8,4,CBECII_CT7,PCCRN,129.35,N
01/31/2022,8,4,CBEC_ALL,PCCRN,127.85,N
01/31/2022,8,4,CBEC_CC1,LCCRN,127.85,N
01/31/2022,8,4,CBEC_CC2,LCCRN,127.85,N
01/31/2022,8,4,CBY4_ALL,PCCRN,130.94,N
01/31/2022,8,4,CBY4_CC1,LCCRN,130.94,N
01/31/2022,8,4,CBY_CBY_G1,RN,130.92,N
01/31/2022,8,4,CBY_CBY_G2,RN,130.92,N
01/31/2022,8,4,CCEC_CC1,LCCRN,131.87,N
01/31/2022,8,4,CCEC_GT1,PCCRN,131.87,N
01/31/2022,8,4,CCEC_GT2,PCCRN,131.87,N
01/31/2022,8,4,CCEC_PUN1,PUN,131.87,N
01/31/2022,8,4,CCEC_PUN2,PUN,131.87,N
01/31/2022,8,4,CCEC_ST1,PCCRN,131.87,N
01/31/2022,8,4,CEDROHI_CHW1,RN,132.71,N
01/31/2022,8,4,CFLATS_UNIT,RN,135.43,N
01/31/2022,8,4,CHALUP_ALL,RN,132.2,N
01/31/2022,8,4,CHAMON_UN1,RN,130.98,N
01/31/2022,8,4,CHAMON_UN2,RN,130.98,N
01/31/2022,8,4,CHEDPW_GT2,PCCRN,131.1,N
01/31/2022,8,4,CHE_CC1,LCCRN,131.08,N
01/31/2022,8,4,CHE_LYD,PCCRN,131.07,N
01/31/2022,8,4,CHE_LYD2,PCCRN,131.07,N
01/31/2022,8,4,CHE_PUN1,PUN,131.07,N
01/31/2022,8,4,CHE_PUN2,PUN,131.07,N
01/31/2022,8,4,CHISMGRD_RN,RN,134.5,N
01/31/2022,8,4,CITYVICT_ALL,RN,130.63,N
01/31/2022,8,4,CN_BRKS_UNT1,RN,134.67,N
01/31/2022,8,4,COL_COLETOG1,RN,131.84,N
01/31/2022,8,4,CONIGLIO_RN,RN,134.39,N
01/31/2022,8,4,CORAZON_RN,RN,132.81,N
01/31/2022,8,4,COTPLNS_RN,RN,134.67,N
01/31/2022,8,4,COTTON_PAP2,RN,131.77,N
01/31/2022,8,4,CPSES_UNIT1,RN,134.58,N
01/31/2022,8,4,CPSES_UNIT2,RN,134.58,N
01/31/2022,8,4,CRANELL_ALL,RN,132.03,N
01/31/2022,8,4,CROSSETT_ALL,RN,134.82,N
01/31/2022,8,4,CSC_CSECG1_2,RN,134.74,N
01/31/2022,8,4,CVC_CC1,LCCRN,131.1,N
01/31/2022,8,4,CVC_CVCG1_5,PCCRN,131.1,N
01/31/2022,8,4,CVC_CVC_G2,PCCRN,131.1,N
01/31/2022,8,4,CVC_CVC_G3,PCCRN,131.1,N
01/31/2022,8,4,DANSBY_ALL,RN,133.34,N
01/31/2022,8,4,DC2SES_ALL,RN,134.59,N
01/31/2022,8,4,DC_E,LZ_DC,134.37,N
01/31/2022,8,4,DC_E,LZ_DCEW,134.37,N
01/31/2022,8,4,DC_L,LZ_DCEW,132.87,N
01/31/2022,8,4,DC_L,LZ_DC,132.87,N
01/31/2022,8,4,DC_N,LZ_DCEW,134.63,N
01/31/2022,8,4,DC_N,LZ_DC,134.63,N
01/31/2022,8,4,DC_R,LZ_DCEW,132.28,N
01/31/2022,8,4,DC_R,LZ_DC,132.28,N
01/31/2022,8,4,DC_S,LZ_DCEW,133.91,N
01/31/2022,8,4,DC_S,LZ_DC,133.91,N
01/31/2022,8,4,DDPEC_CC1,LCCRN,130.8,N
01/31/2022,8,4,DDPEC_GT1,PCCRN,130.8,N
01/31/2022,8,4,DDPEC_GT2,PCCRN,130.8,N
01/31/2022,8,4,DDPEC_GT3,PCCRN,130.8,N
01/31/2022,8,4,DDPEC_GT4,PCCRN,130.8,N
01/31/2022,8,4,DDPEC_GT6,PCCRN,130.8,N
01/31/2022,8,4,DDPEC_ST1,PCCRN,130.8,N
01/31/2022,8,4,DECKER_DPG1,RN,139.06,N
01/31/2022,8,4,DECKER_DPG2,RN,139.06,N
01/31/2022,8,4,DECKER_GT,RN,140.04,N
01/31/2022,8,4,DENISON_G1_2,RN,134.4,N
01/31/2022,8,4,DERMOTT_ALL,RN,134.71,N
01/31/2022,8,4,DIB_CC1,LCCRN,130.85,N
01/31/2022,8,4,DIB_DIB_G1,PCCRN,130.85,N
01/31/2022,8,4,DIB_DIB_G2,PCCRN,130.85,N
01/31/2022,8,4,DIB_DIB_G3,PCCRN,130.85,N
01/31/2022,8,4,DIB_DIB_G4,PCCRN,130.85,N
01/31/2022,8,4,DIB_PUN1,PUN,130.85,N
01/31/2022,8,4,DIB_PUN2,PUN,130.85,N
01/31/2022,8,4,DOWGEN_PUN1,PUN,129.92,N
01/31/2022,8,4,DOWGEN_PUN2,PUN,129.92,N
01/31/2022,8,4,DOWGEN_PUN3,PUN,129.92,N
01/31/2022,8,4,DOW_61_2_63,RN,129.92,N
01/31/2022,8,4,DOW_64,RN,129.92,N
01/31/2022,8,4,DOW_81_2_84,RN,129.92,N
01/31/2022,8,4,DOW_G37_G35,RN,129.92,N
01/31/2022,8,4,DOW_G66_ST65,RN,129.92,N
01/31/2022,8,4,DOW_G67,RN,129.92,N
01/31/2022,8,4,DOW_G96_ST95,RN,129.92,N
01/31/2022,8,4,DUKE_CC1,LCCRN,132.27,N
01/31/2022,8,4,DUKE_GST1CCU,PCCRN,132.27,N
01/31/2022,8,4,DUKE_GT2_CCU,PCCRN,132.27,N
01/31/2022,8,4,DUP_PUN1,PUN,130.66,N
01/31/2022,8,4,DUP_PUN2,PUN,130.66,N
01/31/2022,8,4,DUP_PUN3,PUN,130.66,N
01/31/2022,8,4,DUP_PUN4,PUN,130.66,N
01/31/2022,8,4,ECLIPSE_UN1,RN,134.1,N
01/31/2022,8,4,ELB_ELBCREEK,RN,134.81,N
01/31/2022,8,4,ELECTRAW_1_2,RN,134.62,N
01/31/2022,8,4,EL_RAYO_ALL,RN,132.21,N
01/31/2022,8,4,ENAS_ENA1,RN,134.77,N
01/31/2022,8,4,ERSL_RN,RN,133.62,N
01/31/2022,8,4,ETCCS_CC1,LCCRN,134.35,N
01/31/2022,8,4,ETCCS_CCU,PCCRN,134.35,N
01/31/2022,8,4,EUNICE_ALL,RN,134.81,N
01/31/2022,8,4,EXGNSND_RN,RN,132.63,N
01/31/2022,8,4,EXGNWTL_1,RN,132.71,N
01/31/2022,8,4,EXN_14,RN,130.92,N
01/31/2022,8,4,EXN_1_3,RN,130.92,N
01/31/2022,8,4,EXN_4,RN,130.92,N
01/31/2022,8,4,EXN_8,RN,130.92,N
01/31/2022,8,4,EXN_9_13,RN,130.92,N
01/31/2022,8,4,EXN_PUN1,PUN,130.92,N
01/31/2022,8,4,EXN_PUN2,PUN,130.92,N
01/31/2022,8,4,EXN_PUN3,PUN,130.92,N
01/31/2022,8,4,E_BLACK_RN,RN,140.89,N
01/31/2022,8,4,FAL_FALCONG1,RN,132.46,N
01/31/2022,8,4,FAL_FALCONG2,RN,132.46,N
01/31/2022,8,4,FAL_FALCONG3,RN,132.46,N
01/31/2022,8,4,FEGC_RN,RN,130.5,N
01/31/2022,8,4,FERGCC_CC1,LCCRN,137.04,N
01/31/2022,8,4,FERGCC_GT1_1,PCCRN,137.04,N
01/31/2022,8,4,FERGCC_GT2_3,PCCRN,137.04,N
01/31/2022,8,4,FERGCC_ST1_5,PCCRN,137.04,N
01/31/2022,8,4,FERMI_ALL,RN,134.41,N
01/31/2022,8,4,FLCNS_CC1,LCCRN,134.81,N
01/31/2022,8,4,FLCNS_UNIT1,PCCRN,134.81,N
01/31/2022,8,4,FLCNS_UNIT2,PCCRN,134.81,N
01/31/2022,8,4,FLCNS_UNIT3,PCCRN,134.81,N
01/31/2022,8,4,FLOWERII_RN,RN,134.83,N
01/31/2022,8,4,FLTBES1,RN,134.83,N
01/31/2022,8,4,FLTCK_SSI,RN,134.72,N
01/31/2022,8,4,FLUVANNA_1_2,RN,134.72,N
01/31/2022,8,4,FLVABES1_ESR,RN,134.83,N
01/31/2022,8,4,FOARDCTY_ALL,RN,134.64,N
01/31/2022,8,4,FORMOSA_CC1,LCCRN,129.84,N
01/31/2022,8,4,FORMOSA_CC2,LCCRN,129.84,N
01/31/2022,8,4,FORMOSA_PUN1,PUN,129.84,N
01/31/2022,8,4,FORMOSA_PUN2,PUN,129.84,N
01/31/2022,8,4,FO_FORMOSA11,RN,129.84,N
01/31/2022,8,4,FO_FORMOSA12,RN,129.84,N
01/31/2022,8,4,FO_FORMOSG1,PCCRN,129.84,N
01/31/2022,8,4,FO_FORMOSG10,PCCRN,129.84,N
01/31/2022,8,4,FO_FORMOSG13,PCCRN,129.84,N
01/31/2022,8,4,FO_FORMOSG14,PCCRN,129.84,N
01/31/2022,8,4,FO_FORMOSG15,PCCRN,129.84,N
01/31/2022,8,4,FO_FORMOSG2,PCCRN,129.84,N
01/31/2022,8,4,FO_FORMOSG3,PCCRN,129.84,N
01/31/2022,8,4,FO_FORMOSG4,PCCRN,129.84,N
01/31/2022,8,4,FO_FORMOSG5,PCCRN,129.84,N
01/31/2022,8,4,FO_FORMOSG6,PCCRN,129.84,N
01/31/2022,8,4,FO_FORMOSG7,PCCRN,129.84,N
01/31/2022,8,4,FO_FORMOSG8,RN,129.84,N
01/31/2022,8,4,FO_FORMOSG9,PCCRN,129.84,N
01/31/2022,8,4,FPPYD_FPP_G1,RN,117.76,N
01/31/2022,8,4,FPPYD_FPP_G2,RN,117.76,N
01/31/2022,8,4,FPPYD_FPP_G3,RN,117.81,N
01/31/2022,8,4,FREC_1_CCU,PCCRN,134.07,N
01/31/2022,8,4,FREC_2_CCU,PCCRN,134,N
01/31/2022,8,4,FREC_CC1,LCCRN,134.07,N
01/31/2022,8,4,FREC_CC2,LCCRN,134,N
01/31/2022,8,4,FRNYPP_1_CCU,PCCRN,134.32,N
01/31/2022,8,4,FRNYPP_2_CCU,PCCRN,134.32,N
01/31/2022,8,4,FRNYPP_CC1,LCCRN,134.32,N
01/31/2022,8,4,FRNYPP_CC2,LCCRN,134.32,N
01/31/2022,8,4,FTR_CC1,LCCRN,132.34,N
01/31/2022,8,4,FTR_FTR_G1_4,PCCRN,132.34,N
01/31/2022,8,4,FTWIND_UNIT1,RN,134.9,N
01/31/2022,8,4,FWLR_SLR_1,RN,134.82,N
01/31/2022,8,4,GALO_RN1,RN,135.03,N
01/31/2022,8,4,GAMBIT_RN,RN,129.92,N
01/31/2022,8,4,GBY_GT,RN,130.91,N
01/31/2022,8,4,GID_GIDEONG1,RN,163.9,N
01/31/2022,8,4,GID_GIDEONG2,RN,163.9,N
01/31/2022,8,4,GID_GIDEONG3,RN,163.9,N
01/31/2022,8,4,GOA_GOATWIND,RN,134.88,N
01/31/2022,8,4,GPASTURE_ALL,RN,134.68,N
01/31/2022,8,4,GRANDVW1_A_B,RN,134.66,N
01/31/2022,8,4,GREASWOD_ALL,RN,134.84,N
01/31/2022,8,4,GRIF_TRL_RN,RN,134.63,N
01/31/2022,8,4,GRSES_UNIT1,RN,134.63,N
01/31/2022,8,4,GRSES_UNIT2,RN,134.62,N
01/31/2022,8,4,GUADG_CC1,LCCRN,134.65,N
01/31/2022,8,4,GUADG_CC2,LCCRN,134.65,N
01/31/2022,8,4,GUADG_CCU1,PCCRN,134.65,N
01/31/2022,8,4,GUADG_CCU2,PCCRN,134.65,N
01/31/2022,8,4,GUNMTN_NODE,RN,134.79,N
01/31/2022,8,4,GWEC_G1,RN,135.19,N
01/31/2022,8,4,HAYSEN1_2,RN,135.39,N
01/31/2022,8,4,HAYSEN3_4,RN,135.39,N
01/31/2022,8,4,HB_BUSAVG,SH,132.1,N
01/31/2022,8,4,HB_HOUSTON,HU,130.93,N
01/31/2022,8,4,HB_HUBAVG,AH,132.24,N
01/31/2022,8,4,HB_NORTH,HU,132.25,N
01/31/2022,8,4,HB_PAN,HU,134.66,N
01/31/2022,8,4,HB_SOUTH,HU,131.01,N
01/31/2022,8,4,HB_WEST,HU,134.76,N
01/31/2022,8,4,HELIOS_RN,RN,133.91,N
01/31/2022,8,4,HHGT_KENDAL,RN,135.05,N
01/31/2022,8,4,HHOLLW2_WND1,RN,134.88,N
01/31/2022,8,4,HHOLLW3_WND1,RN,134.88,N
01/31/2022,8,4,HHOLLW4_WND1,RN,134.88,N
01/31/2022,8,4,HICK_G1_G2,RN,134.9,N
01/31/2022,8,4,HI_LONE_ALL,RN,134.87,N
01/31/2022,8,4,HLSES_UNIT3,RN,134.46,N
01/31/2022,8,4,HLSES_UNIT4,RN,134.46,N
01/31/2022,8,4,HLSES_UNIT5,RN,134.46,N
01/31/2022,8,4,HOLSTEIN_ALL,RN,134.87,N
01/31/2022,8,4,HORSCR_RN,RN,134.82,N
01/31/2022,8,4,HORSECRK_RN,RN,134.63,N
01/31/2022,8,4,HOVEY_GEN,RN,134.83,N
01/31/2022,8,4,HRBESS_BESS,RN,134.83,N
01/31/2022,8,4,HRFDWIND_ALL,RN,134.67,N
01/31/2022,8,4,HWF_HWFG1,RN,134.74,N
01/31/2022,8,4,H_HOLLO_WND1,RN,134.88,N
01/31/2022,8,4,IMP_RN1,RN,134.38,N
01/31/2022,8,4,INDNENR_1_RN,RN,134.79,N
01/31/2022,8,4,INDNENR_2_RN,RN,134.81,N
01/31/2022,8,4,INDNNWP_RN,RN,134.8,N
01/31/2022,8,4,INDN_INDNNWP,RN,134.8,N
01/31/2022,8,4,IND_INADALE1,RN,134.76,N
01/31/2022,8,4,INGLCOSW_CC1,LCCRN,131.7,N
01/31/2022,8,4,INGLCOSW_STG,PCCRN,131.7,N
01/31/2022,8,4,INGLCOS_CTG1,PCCRN,131.7,N
01/31/2022,8,4,INGLCOS_CTG2,PCCRN,131.7,N
01/31/2022,8,4,INGLCO_PUN1,PUN,131.7,N
01/31/2022,8,4,INGLCO_PUN2,PUN,131.7,N
01/31/2022,8,4,INGLCO_PUN3,PUN,131.7,N
01/31/2022,8,4,INKS_INKS_G1,RN,136.99,N
01/31/2022,8,4,IN_INDNENR,RN,134.79,N
01/31/2022,8,4,IN_INDNENR_2,RN,134.81,N
01/31/2022,8,4,JACKCNTY_CC1,LCCRN,134.54,N
01/31/2022,8,4,JACKCNTY_CT1,PCCRN,134.54,N
01/31/2022,8,4,JACKCNTY_CT2,PCCRN,134.54,N
01/31/2022,8,4,JACKCNTY_STG,PCCRN,134.54,N
01/31/2022,8,4,JCKCNTY2_CC1,LCCRN,134.56,N
01/31/2022,8,4,JCKCNTY2_CT3,PCCRN,134.56,N
01/31/2022,8,4,JCKCNTY2_CT4,PCCRN,134.56,N
01/31/2022,8,4,JCKCNTY2_ST2,PCCRN,134.56,N
01/31/2022,8,4,JC_BAT_RN,RN,136.92,N
01/31/2022,8,4,JUNO_ALL,RN,134.76,N
01/31/2022,8,4,KARAKAW1_1,RN,131.89,N
01/31/2022,8,4,KARAKAW2_1,RN,131.89,N
01/31/2022,8,4,KEECHI_U1,RN,134.54,N
01/31/2022,8,4,KELAMSL_U1,RN,134.2,N
01/31/2022,8,4,KEO_KEO_SM1,RN,134.82,N
01/31/2022,8,4,KINGE_ALL,RN,134.82,N
01/31/2022,8,4,KINGW_ALL,RN,134.82,N
01/31/2022,8,4,KING_KINGNE,RN,134.82,N
01/31/2022,8,4,KING_KINGNW,RN,134.82,N
01/31/2022,8,4,KING_KINGSE,RN,134.82,N
01/31/2022,8,4,KING_KINGSW,RN,134.82,N
01/31/2022,8,4,KMCHI_CC1,LCCRN,134.39,N
01/31/2022,8,4,KMCHI_CC2,LCCRN,134.39,N
01/31/2022,8,4,LAMESASLR_G,RN,134.79,N
01/31/2022,8,4,LAPETUS_U1,RN,134.81,N
01/31/2022,8,4,LARDVFTN_G4,RN,132.87,N
01/31/2022,8,4,LARDVFTN_G5,RN,132.87,N
01/31/2022,8,4,LASSO_GEN,RN,134.83,N
01/31/2022,8,4,LEG_LEG_G1,RN,133.69,N
01/31/2022,8,4,LEG_LEG_G2,RN,133.69,N
01/31/2022,8,4,LEONLCPCT1_2,RN,134.17,N
01/31/2022,8,4,LEONLCPCT3_4,RN,134.17,N
01/31/2022,8,4,LGDRAW_S_ALL,RN,134.76,N
01/31/2022,8,4,LGD_LANGFORD,RN,134.9,N
01/31/2022,8,4,LGE_CC1,LCCRN,131.7,N
01/31/2022,8,4,LGE_LGE_GT1,PCCRN,131.7,N
01/31/2022,8,4,LGE_LGE_GT2,PCCRN,131.7,N
01/31/2022,8,4,LGE_LGE_STG,PCCRN,131.7,N
01/31/2022,8,4,LGE_PUN1,RN,131.7,N
01/31/2022,8,4,LGE_PUN2,RN,131.7,N
01/31/2022,8,4,LGW_UNIT_ALL,RN,134.93,N
01/31/2022,8,4,LHM_CVC_G4,RN,130.97,N
01/31/2022,8,4,LHM_PUN1,PUN,130.97,N
01/31/2022,8,4,LHM_PUN2,PUN,130.97,N
01/31/2022,8,4,LHORN_N_U1_2,RN,134.67,N
01/31/2022,8,4,LHSES_UNIT1,RN,134.34,N
01/31/2022,8,4,LHSES_UNIT2,RN,134.34,N
01/31/2022,8,4,LILY_RN,RN,134.29,N
01/31/2022,8,4,LMAJADAS_ALL,RN,132.18,N
01/31/2022,8,4,LNCRK_ALL,RN,134.77,N
01/31/2022,8,4,LONEWOLF_ALL,RN,134.81,N
01/31/2022,8,4,LOSTPI_CC1,LCCRN,114.19,N
01/31/2022,8,4,LOS_LOSTPGT1,PCCRN,114.19,N
01/31/2022,8,4,LOS_LOSTPGT2,PCCRN,114.19,N
01/31/2022,8,4,LOS_LOSTPST1,PCCRN,114.19,N
01/31/2022,8,4,LPCCS_CC1,LCCRN,134.38,N
01/31/2022,8,4,LPCCS_CC2,LCCRN,134.38,N
01/31/2022,8,4,LPCCS_CT11,PCCRN,134.38,N
01/31/2022,8,4,LPCCS_CT12,PCCRN,134.38,N
01/31/2022,8,4,LPCCS_CT21,PCCRN,134.38,N
01/31/2022,8,4,LPCCS_CT22,PCCRN,134.38,N
01/31/2022,8,4,LPCCS_UNIT1,PCCRN,134.38,N
01/31/2022,8,4,LPCCS_UNIT2,PCCRN,134.38,N
01/31/2022,8,4,LV1A_LV1B,RN,132.19,N
01/31/2022,8,4,LV3_UNIT1,RN,132.61,N
01/31/2022,8,4,LV4_UNIT_1,RN,132.61,N
01/31/2022,8,4,LV5_UNIT1,RN,132.36,N
01/31/2022,8,4,LZ_AEN,LZEW,138.8,N
01/31/2022,8,4,LZ_AEN,LZ,138.67,N
01/31/2022,8,4,LZ_CPS,LZEW,134.28,N
01/31/2022,8,4,LZ_CPS,LZ,134.35,N
01/31/2022,8,4,LZ_HOUSTON,LZEW,130.65,N
01/31/2022,8,4,LZ_HOUSTON,LZ,130.64,N
01/31/2022,8,4,LZ_LCRA,LZ,134.58,N
01/31/2022,8,4,LZ_LCRA,LZEW,134.62,N
01/31/2022,8,4,LZ_NORTH,LZEW,134.44,N
01/31/2022,8,4,LZ_NORTH,LZ,134.47,N
01/31/2022,8,4,LZ_RAYBN,LZEW,134.28,N
01/31/2022,8,4,LZ_RAYBN,LZ,134.33,N
01/31/2022,8,4,LZ_SOUTH,LZEW,132.52,N
01/31/2022,8,4,LZ_SOUTH,LZ,132.64,N
01/31/2022,8,4,LZ_WEST,LZ,134.79,N
01/31/2022,8,4,LZ_WEST,LZEW,134.68,N
01/31/2022,8,4,MADERO_RN,RN,132.28,N
01/31/2022,8,4,MARBFA,RN,137.51,N
01/31/2022,8,4,MARIAH_ALL,RN,134.67,N
01/31/2022,8,4,MAR_MARSFOG1,RN,138.47,N
01/31/2022,8,4,MAR_MARSFOG2,RN,138.47,N
01/31/2022,8,4,MAR_MARSFOG3,RN,138.47,N
01/31/2022,8,4,MASSENGL_CC1,LCCRN,134.7,N
01/31/2022,8,4,MASSENGL_G6,PCCRN,134.7,N
01/31/2022,8,4,MASSENGL_G7,PCCRN,134.7,N
01/31/2022,8,4,MASSENGL_G8,PCCRN,134.7,N
01/31/2022,8,4,MAVCRK_W_ALL,RN,135.03,N
01/31/2022,8,4,MCDLD_FCSBW1,RN,134.81,N
01/31/2022,8,4,MCSES_UNIT6,RN,134.37,N
01/31/2022,8,4,MCSES_UNIT7,RN,134.37,N
01/31/2022,8,4,MCSES_UNIT8,RN,134.37,N
01/31/2022,8,4,MDANP_CT1_2,RN,134.41,N
01/31/2022,8,4,MDANP_CT3_4,RN,134.46,N
01/31/2022,8,4,MDANP_CT5_6,RN,134.46,N
01/31/2022,8,4,MESQCRK_ALL,RN,134.76,N
01/31/2022,8,4,MESTENO_RN,RN,132.61,N
01/31/2022,8,4,MGSES_CT123,RN,134.8,N
01/31/2022,8,4,MGSES_CT456,RN,134.8,N
01/31/2022,8,4,MIAM1_G1_G2,RN,134.66,N
01/31/2022,8,4,MIL_MILG1_2,RN,134.62,N
01/31/2022,8,4,MIL_MILG345,RN,134.62,N
01/31/2022,8,4,MIRAGE_G1,RN,130.75,N
01/31/2022,8,4,MIRASOLE_GEN,RN,132.46,N
01/31/2022,8,4,MISAE_GEN_RN,RN,134.64,N
01/31/2022,8,4,MLSES_UNIT1,RN,55.74,N
01/31/2022,8,4,MLSES_UNIT2,RN,55.74,N
01/31/2022,8,4,MLSES_UNIT3,RN,55.74,N
01/31/2022,8,4,MOZART_WIND1,RN,134.77,N
01/31/2022,8,4,MWEC_G1,RN,134.74,N
01/31/2022,8,4,NACPW_UNIT1,RN,134.23,N
01/31/2022,8,4,NBOHR_RN,RN,134.84,N
01/31/2022,8,4,NCARBIDEG8,RN,130.7,N
01/31/2022,8,4,NCARBIDE_1_7,RN,130.7,N
01/31/2022,8,4,NCARBID_PUN1,PUN,130.7,N
01/31/2022,8,4,NCARBID_PUN2,PUN,130.7,N
01/31/2022,8,4,NCO_RN,RN,129.93,N
01/31/2022,8,4,NEBULA_RN,RN,132.22,N
01/31/2022,8,4,NEDIN_CC1,LCCRN,132.27,N
01/31/2022,8,4,NED_NEDIN_G1,PCCRN,132.27,N
01/31/2022,8,4,NED_NEDIN_G2,PCCRN,132.27,N
01/31/2022,8,4,NED_NEDIN_G3,PCCRN,132.27,N
01/31/2022,8,4,NF_BRP_RN,RN,137.96,N
01/31/2022,8,4,NOBLESLR_ALL,RN,134.48,N
01/31/2022,8,4,NUECES_B_CC1,LCCRN,131.87,N
01/31/2022,8,4,NUE_NUECESG7,PCCRN,131.87,N
01/31/2022,8,4,NUE_NUECESG8,PCCRN,131.87,N
01/31/2022,8,4,NUE_NUECESG9,PCCRN,131.87,N
01/31/2022,8,4,NWF_NWF1,RN,134.81,N
01/31/2022,8,4,OBERON_U1,RN,134.81,N
01/31/2022,8,4,ODESW_RN,RN,134.81,N
01/31/2022,8,4,OECCS_1,PCCRN,134.81,N
01/31/2022,8,4,OECCS_2,PCCRN,134.81,N
01/31/2022,8,4,OECCS_CC1,LCCRN,134.81,N
01/31/2022,8,4,OECCS_CC2,LCCRN,134.81,N
01/31/2022,8,4,OGSES_1,RN,133.87,N
01/31/2022,8,4,OGSES_2,RN,133.87,N
01/31/2022,8,4,OKLA_OKLA_G1,RN,134.63,N
01/31/2022,8,4,OLIN_OLING_1,RN,134.36,N
01/31/2022,8,4,OLIN_OLING_2,RN,134.36,N
01/31/2022,8,4,OLIN_OLING_3,RN,134.36,N
01/31/2022,8,4,OLIN_OLING_4,RN,134.36,N
01/31/2022,8,4,OWF_OWF,RN,134.81,N
01/31/2022,8,4,OXY_OXY_CCG1,RN,131.89,N
01/31/2022,8,4,OXY_PUN1,PUN,131.89,N
01/31/2022,8,4,OXY_PUN2,PUN,131.89,N
01/31/2022,8,4,PALMWI_UNIT1,RN,132.2,N
01/31/2022,8,4,PANDA_S_CC1,LCCRN,134.41,N
01/31/2022,8,4,PANDA_S_CT1,PCCRN,134.41,N
01/31/2022,8,4,PANDA_S_CT2,PCCRN,134.41,N
01/31/2022,8,4,PANDA_S_ST1,PCCRN,134.41,N
01/31/2022,8,4,PANDA_T1_CC1,LCCRN,135.73,N
01/31/2022,8,4,PANDA_T1_CT1,PCCRN,135.73,N
01/31/2022,8,4,PANDA_T1_CT2,PCCRN,135.73,N
01/31/2022,8,4,PANDA_T1_ST1,PCCRN,135.73,N
01/31/2022,8,4,PANDA_T2_CC1,LCCRN,135.73,N
01/31/2022,8,4,PANDA_T2_CT1,PCCRN,135.73,N
01/31/2022,8,4,PANDA_T2_CT2,PCCRN,135.73,N
01/31/2022,8,4,PANDA_T2_ST1,PCCRN,135.73,N
01/31/2022,8,4,PAP1_PAP1,RN,131.77,N
01/31/2022,8,4,PB2SES_CT1,RN,134.82,N
01/31/2022,8,4,PB2SES_CT2,RN,134.82,N
01/31/2022,8,4,PB2SES_CT3,RN,134.82,N
01/31/2022,8,4,PB2SES_CT4,RN,134.82,N
01/31/2022,8,4,PB2SES_CT5,RN,134.82,N
01/31/2022,8,4,PC_NORTH_1,RN,134.81,N
01/31/2022,8,4,PC_SOUTH_ALL,RN,134.81,N
01/31/2022,8,4,PEARSA_1_24,RN,133.65,N
01/31/2022,8,4,PENA_ALL,RN,132.07,N
01/31/2022,8,4,PES1_RN,RN,130.5,N
01/31/2022,8,4,PEY_RN,RN,129.79,N
01/31/2022,8,4,PH1_UNIT1_2,RN,134.66,N
01/31/2022,8,4,PH2_U1_U2,RN,134.66,N
01/31/2022,8,4,PHILLWND_ALL,RN,134.99,N
01/31/2022,8,4,PHOEBE_ALL,RN,134.82,N
01/31/2022,8,4,PHOENIX_RN,RN,134.39,N
01/31/2022,8,4,PLN_ALL,RN,128.94,N
01/31/2022,8,4,PNPI_GT2_RN,RN,130.38,N
01/31/2022,8,4,PRID_RN,RN,135.45,N
01/31/2022,8,4,PROSPERO_ALL,RN,134.81,N
01/31/2022,8,4,PRO_RN,RN,130.5,N
01/31/2022,8,4,PRSPERO2_ALL,RN,134.81,N
01/31/2022,8,4,PR_PR_ALL,RN,130.91,N
01/31/2022,8,4,PR_PR_G2,RN,130.91,N
01/31/2022,8,4,PSA_CC1,LCCRN,130.97,N
01/31/2022,8,4,PSA_PSA_G1,PCCRN,130.97,N
01/31/2022,8,4,PSA_PSA_G2,PCCRN,130.97,N
01/31/2022,8,4,PSA_PSA_G3,PCCRN,130.97,N
01/31/2022,8,4,PSA_PSA_G4,PCCRN,130.97,N
01/31/2022,8,4,PSA_PSA_G5,PCCRN,130.97,N
01/31/2022,8,4,PSA_PSA_G6,PCCRN,130.97,N
01/31/2022,8,4,PSA_PSA_G7,PCCRN,130.97,N
01/31/2022,8,4,PSA_PUN1,PUN,130.97,N
01/31/2022,8,4,PSA_PUN2,PUN,130.97,N
01/31/2022,8,4,PSA_PUN3,PUN,130.97,N
01/31/2022,8,4,PSA_PUN4,PUN,130.97,N
01/31/2022,8,4,PSA_PUN5,PUN,130.97,N
01/31/2022,8,4,PSG_CC1,LCCRN,130.89,N
01/31/2022,8,4,PSG_PSG_GT2,PCCRN,130.89,N
01/31/2022,8,4,PSG_PSG_GT3,PCCRN,130.89,N
01/31/2022,8,4,PSG_PSG_ST1,PCCRN,130.89,N
01/31/2022,8,4,PTLBES_BESS1,RN,130.47,N
01/31/2022,8,4,PYR_PYRON1,RN,134.76,N
01/31/2022,8,4,QALSW_ALL,PCCRN,134.81,N
01/31/2022,8,4,QALSW_CC1,LCCRN,134.81,N
01/31/2022,8,4,QALSW_CC2,LCCRN,134.81,N
01/31/2022,8,4,QUEEN_BA_RN,RN,134.83,N
01/31/2022,8,4,QUEEN_SL_RN,RN,134.83,N
01/31/2022,8,4,RAB_G1-8,RN,130.67,N
01/31/2022,8,4,RAMBLER_UNIT,RN,134.95,N
01/31/2022,8,4,RANCHERO_ALL,RN,134.89,N
01/31/2022,8,4,RAYBURN_CC1,LCCRN,130.55,N
01/31/2022,8,4,RAYBURN_G1_2,RN,130.53,N
01/31/2022,8,4,RAYB_G78910,PCCRN,130.55,N
01/31/2022,8,4,RDCAN_RDCNY1,RN,134.75,N
01/31/2022,8,4,REDBARN_RN,RN,134.85,N
01/31/2022,8,4,REDFISH_ALL,RN,132.17,N
01/31/2022,8,4,REDGATE_ALL,RN,132.27,N
01/31/2022,8,4,REDGATE_RN,RN,132.27,N
01/31/2022,8,4,RELOJ_ALL,RN,132.62,N
01/31/2022,8,4,REROCK_ALL,RN,134.83,N
01/31/2022,8,4,RHESS2_ESS1,RN,137.75,N
01/31/2022,8,4,RHESS_1,RN,137.75,N
01/31/2022,8,4,RIGGIN_UNIT1,RN,134.82,N
01/31/2022,8,4,RIONOG_CC1,LCCRN,135.13,N
01/31/2022,8,4,RIONOG_CT1,PCCRN,135.13,N
01/31/2022,8,4,RIONOG_CT2,PCCRN,135.13,N
01/31/2022,8,4,RIONOG_CT3,PCCRN,135.13,N
01/31/2022,8,4,RIONOG_ST1,PCCRN,135.13,N
01/31/2022,8,4,RIPPEY_ALL,RN,134.46,N
01/31/2022,8,4,RN_APOGEE,RN,134.72,N
01/31/2022,8,4,RN_BYU_G8,PCCRN,130.74,N
01/31/2022,8,4,RN_DEC_AGR_A,RN,134.46,N
01/31/2022,8,4,RN_DEC_AGR_B,RN,134.46,N
01/31/2022,8,4,RN_DEC_AGR_C,RN,134.46,N
01/31/2022,8,4,RN_DEC_AGR_D,RN,134.46,N
01/31/2022,8,4,RN_ECEC_HOLT,RN,134.81,N
01/31/2022,8,4,RN_OCI_ALAMO,RN,134.28,N
01/31/2022,8,4,RN_RTS1,RN,135.07,N
01/31/2022,8,4,RN_SR_WIND1,RN,132.21,N
01/31/2022,8,4,RN_TOSBATT,RN,134.8,N
01/31/2022,8,4,ROUTE66_RN,RN,134.66,N
01/31/2022,8,4,RPUBRDS_RN,RN,134.09,N
01/31/2022,8,4,RSK_RN,RN,134.84,N
01/31/2022,8,4,SALVTION_GEN,RN,134.63,N
01/31/2022,8,4,SAMSON_ALL,RN,134.37,N
01/31/2022,8,4,SANDHSYD1_2,RN,138.28,N
01/31/2022,8,4,SANDHSYD3_4,RN,138.28,N
01/31/2022,8,4,SANDHSYD6_7,RN,138.28,N
01/31/2022,8,4,SANDHSYD_5AC,PCCRN,138.28,N
01/31/2022,8,4,SANDHSYD_CC1,LCCRN,138.28,N
01/31/2022,8,4,SANTACRU_ALL,RN,131.95,N
01/31/2022,8,4,SAN_SANMIGG1,RN,133.56,N
01/31/2022,8,4,SC2SES_UNIT1,RN,134.23,N
01/31/2022,8,4,SCES_UNIT1,RN,134.93,N
01/31/2022,8,4,SCLP_PUN1,PUN,129.93,N
01/31/2022,8,4,SCLP_PUN2,PUN,129.93,N
01/31/2022,8,4,SCLP_PUN3,PUN,129.93,N
01/31/2022,8,4,SCLP_PUN4,PUN,129.93,N
01/31/2022,8,4,SCLP_SCLPC_1,RN,129.93,N
01/31/2022,8,4,SCLP_SCLPC_2,RN,129.93,N
01/31/2022,8,4,SCLP_SCLPC_3,RN,129.93,N
01/31/2022,8,4,SCLP_SCLPC_4,RN,129.93,N
01/31/2022,8,4,SCSES_UNIT2,RN,134.23,N
01/31/2022,8,4,SDSES_PUN1,RN,137.16,N
01/31/2022,8,4,SDSES_PUN2,RN,137.16,N
01/31/2022,8,4,SDSES_PUN3,RN,137.16,N
01/31/2022,8,4,SDSES_PUN4,RN,137.16,N
01/31/2022,8,4,SENATEWD_1,RN,134.59,N
01/31/2022,8,4,SGM_SIGNALMT,RN,134.8,N
01/31/2022,8,4,SHAFFER_ALL,RN,131.96,N
01/31/2022,8,4,SHANNONW_RN,RN,134.59,N
01/31/2022,8,4,SILASRAY_CC1,LCCRN,132.22,N
01/31/2022,8,4,SIL_SILAS_10,RN,132.22,N
01/31/2022,8,4,SIL_SILAS_6,PCCRN,132.22,N
01/31/2022,8,4,SIL_SILAS_9,PCCRN,132.22,N
01/31/2022,8,4,SIRIUS_UNIT1,RN,134.81,N
01/31/2022,8,4,SJS_SJS_G1,RN,130.78,N
01/31/2022,8,4,SJS_SJS_G2,RN,130.78,N
01/31/2022,8,4,SKY1,RN,120.33,N
01/31/2022,8,4,SLCN_ESS_ALL,RN,138.39,N
01/31/2022,8,4,SLTFRK_UN1_2,RN,134.66,N
01/31/2022,8,4,SL_PUN1,PUN,130.89,N
01/31/2022,8,4,SL_PUN2,PUN,130.89,N
01/31/2022,8,4,SL_SL_G1,RN,130.89,N
01/31/2022,8,4,SL_SL_G2,RN,130.89,N
01/31/2022,8,4,SL_SL_G3,RN,130.89,N
01/31/2022,8,4,SL_SL_G4,RN,130.89,N
01/31/2022,8,4,SNY_BESS_RN,RN,134.76,N
01/31/2022,8,4,SOLARA_UNIT1,RN,134.76,N
01/31/2022,8,4,SPLAIN1_RN,RN,134.67,N
01/31/2022,8,4,SPLAIN2_RN,RN,134.67,N
01/31/2022,8,4,SPNC_SPNCE_4,RN,134.45,N
01/31/2022,8,4,SPNC_SPNCE_5,RN,134.45,N
01/31/2022,8,4,SPTX12B_RN,RN,134.82,N
01/31/2022,8,4,SRWE1_UNIT1,RN,134.76,N
01/31/2022,8,4,SSPURT_WIND1,RN,134.67,N
01/31/2022,8,4,STEAM_ENG123,RN,134.35,N
01/31/2022,8,4,STEA_STEAM_1,RN,134.35,N
01/31/2022,8,4,STEA_STEAM_2,RN,134.35,N
01/31/2022,8,4,STEA_STEAM_3,RN,134.35,N
01/31/2022,8,4,STELLA_RN,RN,132.07,N
01/31/2022,8,4,STP_STP_G1,RN,129.77,N
01/31/2022,8,4,STP_STP_G2,RN,129.77,N
01/31/2022,8,4,STRATEGC_RN,RN,134.2,N
01/31/2022,8,4,STWF_T1,RN,134.8,N
01/31/2022,8,4,SWEC_G1,RN,134.8,N
01/31/2022,8,4,SWEETWN2_2_4,RN,134.81,N
01/31/2022,8,4,SWEETWN3_3,RN,134.81,N
01/31/2022,8,4,SWEETWND_1,RN,134.81,N
01/31/2022,8,4,SWOOSE1_U1,RN,134.82,N
01/31/2022,8,4,SWOOSEII_RN,RN,134.82,N
01/31/2022,8,4,SWTWN4_WND45,RN,134.81,N
01/31/2022,8,4,SWT_BESS_RN,RN,134.79,N
01/31/2022,8,4,S_HILLS_RN,RN,134.61,N
01/31/2022,8,4,TAHOKA_ALL,RN,134.75,N
01/31/2022,8,4,TAYGETE2_ALL,RN,134.83,N
01/31/2022,8,4,TAYGETE_ALL,RN,134.83,N
01/31/2022,8,4,TC_PUN1,PUN,130.7,N
01/31/2022,8,4,TC_PUN2,PUN,130.7,N
01/31/2022,8,4,TC_TCHP1,RN,130.7,N
01/31/2022,8,4,TEN_CC1,LCCRN,134.57,N
01/31/2022,8,4,TEN_CT1_STG,PCCRN,134.57,N
01/31/2022,8,4,TGCCS_ALL,PCCRN,55.74,N
01/31/2022,8,4,TGCCS_CC1,LCCRN,55.74,N
01/31/2022,8,4,TGF_TGFGT,RN,129.93,N
01/31/2022,8,4,TGW_T1_T2,RN,132.07,N
01/31/2022,8,4,THW_1_CCU,PCCRN,131,N
01/31/2022,8,4,THW_2_CCU,PCCRN,131,N
01/31/2022,8,4,THW_CC1,LCCRN,131,N
01/31/2022,8,4,THW_CC2,LCCRN,131,N
01/31/2022,8,4,THW_THWGT5X,RN,131.1,N
01/31/2022,8,4,THW_THWGT_1,RN,131.08,N
01/31/2022,8,4,TI_SOLAR_ALL,RN,134.82,N
01/31/2022,8,4,TKWSW_CHAMP,RN,134.76,N
01/31/2022,8,4,TKWSW_ROSCOE,RN,134.76,N
01/31/2022,8,4,TNP_TNP_O_1,RN,134.45,N
01/31/2022,8,4,TNP_TNP_O_2,RN,134.45,N
01/31/2022,8,4,TNSKA_CC1,LCCRN,134.38,N
01/31/2022,8,4,TNSKA_CCU,PCCRN,134.38,N
01/31/2022,8,4,TOPAZ_ALL,RN,130.61,N
01/31/2022,8,4,TORR_ALL,RN,132.81,N
01/31/2022,8,4,TOYAH_RN,RN,134.83,N
01/31/2022,8,4,TRENT_TRENT,RN,134.8,N
01/31/2022,8,4,TRINITY_ALL,RN,134.61,N
01/31/2022,8,4,TRIPBUT1_RN,RN,134.83,N
01/31/2022,8,4,TRSES_UNIT6,RN,134.21,N
01/31/2022,8,4,TRUENO_ALL,RN,132.21,N
01/31/2022,8,4,TRUSGILL_RN,RN,134.63,N
01/31/2022,8,4,TTRSW_RN,RN,134.37,N
01/31/2022,8,4,TTWEC_G1,RN,134.89,N
01/31/2022,8,4,TXCTY_CC1,LCCRN,130.61,N
01/31/2022,8,4,TXCTY_CTA,PCCRN,130.61,N
01/31/2022,8,4,TXCTY_CTB,PCCRN,130.61,N
01/31/2022,8,4,TXCTY_CTC,PCCRN,130.61,N
01/31/2022,8,4,TXCTY_ST,PCCRN,130.61,N
01/31/2022,8,4,TYLRWIND_RN,RN,134.49,N
01/31/2022,8,4,T_CK_GT2_RN,RN,134.71,N
01/31/2022,8,4,T_CK_GT3_RN,RN,134.71,N
01/31/2022,8,4,UCC_COG_PUN2,PUN,130.61,N
01/31/2022,8,4,UCC_UCC_C_2,RN,130.61,N
01/31/2022,8,4,VANCOURT_RN,RN,132.22,N
01/31/2022,8,4,VENADO_ALL,RN,132.52,N
01/31/2022,8,4,VERAWIND_ALL,RN,134.63,N
01/31/2022,8,4,VERTIGO_UN1,RN,134.68,N
01/31/2022,8,4,VICTORIA_CC1,LCCRN,130.63,N
01/31/2022,8,4,VICTPORT_ALL,RN,130.66,N
01/31/2022,8,4,VICTPORT_RN,RN,130.66,N
01/31/2022,8,4,VIC_VICTORG5,PCCRN,130.63,N
01/31/2022,8,4,VIC_VICTORG6,PCCRN,130.63,N
01/31/2022,8,4,VISION_RN,RN,134.14,N
01/31/2022,8,4,VLSES_UNIT3,PCCRN,134.39,N
01/31/2022,8,4,VORT_ALL_RN,RN,134.61,N
01/31/2022,8,4,WAKEWE_ALL,RN,134.67,N
01/31/2022,8,4,WAP_WAPGT_1,RN,130.38,N
01/31/2022,8,4,WAP_WAP_G1,RN,130.38,N
01/31/2022,8,4,WAP_WAP_G2,RN,130.38,N
01/31/2022,8,4,WAP_WAP_G3,RN,130.3,N
01/31/2022,8,4,WAP_WAP_G4,RN,130.3,N
01/31/2022,8,4,WAP_WAP_G5,RN,130.38,N
01/31/2022,8,4,WAP_WAP_G6,RN,130.45,N
01/31/2022,8,4,WAP_WAP_G7,RN,130.45,N
01/31/2022,8,4,WAP_WAP_G8,RN,130.67,N
01/31/2022,8,4,WAYMARK_RN,RN,134.85,N
01/31/2022,8,4,WCPP_CC1,LCCRN,134.56,N
01/31/2022,8,4,WCPP_CT1,PCCRN,134.56,N
01/31/2022,8,4,WCPP_CT2,PCCRN,134.56,N
01/31/2022,8,4,WCPP_ST1,PCCRN,134.56,N
01/31/2022,8,4,WEBBER_WS_T1,RN,142.59,N
01/31/2022,8,4,WEC_WECG1,RN,134.73,N
01/31/2022,8,4,WFCOGEN_13,PCCRN,134.61,N
01/31/2022,8,4,WFCOGEN_24,PCCRN,134.61,N
01/31/2022,8,4,WFCOGEN_CC1,LCCRN,134.61,N
01/31/2022,8,4,WGU_RN,RN,130.38,N
01/31/2022,8,4,WHCCS2_4,PCCRN,134.58,N
01/31/2022,8,4,WHCCS2_5_6,PCCRN,134.58,N
01/31/2022,8,4,WHCCS2_CC2,LCCRN,134.58,N
01/31/2022,8,4,WHCCS_CC1,LCCRN,134.58,N
01/31/2022,8,4,WHCCS_CT1_ST,PCCRN,134.58,N
01/31/2022,8,4,WHCCS_CT2,PCCRN,134.58,N
01/31/2022,8,4,WHITE_PT_UN1,RN,131.73,N
01/31/2022,8,4,WHMESA_U1,RN,134.9,N
01/31/2022,8,4,WHTTAIL_WR1,RN,134.49,N
01/31/2022,8,4,WH_WIND_ALL,RN,134.71,N
01/31/2022,8,4,WILDWIND_ALL,RN,134.47,N
01/31/2022,8,4,WIPOPA_1_2,RN,106.72,N
01/31/2022,8,4,WIPOPA_3_4,RN,106.72,N
01/31/2022,8,4,WIR_WIRTZ_G1,RN,137.11,N
01/31/2022,8,4,WIR_WIRTZ_G2,RN,137.11,N
01/31/2022,8,4,WL_RANCH_RN,RN,134.97,N
01/31/2022,8,4,WNDTS2_UNIT1,RN,134.6,N
01/31/2022,8,4,WND_WHITNEY,RN,134.91,N
01/31/2022,8,4,WOODWRD1_RN,RN,134.82,N
01/31/2022,8,4,WOODWRD2_RN,RN,134.82,N
01/31/2022,8,4,WOO_WOODWRD1,RN,134.82,N
01/31/2022,8,4,WOO_WOODWRD2,RN,134.82,N
01/31/2022,8,4,WOV_BESS_RN,RN,134.81,N
01/31/2022,8,4,WRSBES_BESS1,RN,134.82,N
01/31/2022,8,4,W_PECO_UNIT1,RN,134.82,N
01/31/2022,8,4,X443ESRN,RN,134.35,N
