DeliveryDate,DeliveryHour,DeliveryInterval,SettlementPointName,SettlementPointType,SettlementPointPrice,DSTFlag
01/31/2022,14,3,AEEC,RN,28.93,N
01/31/2022,14,3,AJAXWIND_RN,RN,28.93,N
01/31/2022,14,3,ALGOD_ALL_RN,RN,28.93,N
01/31/2022,14,3,ALVIN_RN,RN,28.93,N
01/31/2022,14,3,AMADEUS_ALL,RN,28.93,N
01/31/2022,14,3,AMISTAD_ALL,RN,28.93,N
01/31/2022,14,3,AMOCOOIL_CC1,LCCRN,28.93,N
01/31/2022,14,3,AMOCOOIL_CC2,LCCRN,28.93,N
01/31/2022,14,3,AMOCO_PUN1,PUN,28.93,N
01/31/2022,14,3,AMOCO_PUN2,PUN,28.93,N
01/31/2022,14,3,AMO_AMOCO_1,PCCRN,28.93,N
01/31/2022,14,3,AMO_AMOCO_2,PCCRN,28.93,N
01/31/2022,14,3,AMO_AMOCO_5,PCCRN,28.93,N
01/31/2022,14,3,AMO_AMOCO_G1,PCCRN,28.93,N
01/31/2022,14,3,AMO_AMOCO_G2,PCCRN,28.93,N
01/31/2022,14,3,AMO_AMOCO_G3,PCCRN,28.93,N
01/31/2022,14,3,AMO_AMOCO_S1,PCCRN,28.93,N
01/31/2022,14,3,AMO_AMOCO_S2,PCCRN,28.93,N
01/31/2022,14,3,ANACACHO_ANA,RN,28.93,N
01/31/2022,14,3,ANCHOR_ALL,RN,28.93,N
01/31/2022,14,3,ANSON1_ALL,RN,28.93,N
01/31/2022,14,3,AQUI_ALL,RN,28.93,N
01/31/2022,14,3,ARAGORN_RN,RN,28.93,N
01/31/2022,14,3,ASTRA_RN,RN,28.93,N
01/31/2022,14,3,ATK_ATKINSG7,RN,28.93,N
01/31/2022,14,3,AUSTPL_ALL,RN,28.93,N
01/31/2022,14,3,AVIAT_ALL,RN,28.93,N
01/31/2022,14,3,AZURE_RN,RN,28.93,N
01/31/2022,14,3,AZ_ALL,RN,28.93,N
01/31/2022,14,3,BAC_RN_ALL,RN,28.93,N
01/31/2022,14,3,BAFFIN_ALL,RN,28.93,N
01/31/2022,14,3,BAIRDWND_ALL,RN,28.93,N
01/31/2022,14,3,BARROW_ALL,RN,28.93,N
01/31/2022,14,3,BASTEN_CC1,LCCRN,28.93,N
01/31/2022,14,3,BASTEN_CCU,PCCRN,28.93,N
01/31/2022,14,3,BATCAVE_RN,RN,28.93,N
01/31/2022,14,3,BBREEZE_1_2,RN,28.93,N
01/31/2022,14,3,BCATWD_WD_1,RN,28.93,N
01/31/2022,14,3,BCK_RN,RN,28.93,N
01/31/2022,14,3,BIGSTAR_ALL,RN,28.93,N
01/31/2022,14,3,BLACKJAK_RN,RN,28.93,N
01/31/2022,14,3,BLSMT1_5_A_6,RN,28.93,N
01/31/2022,14,3,BLUEJAY_RN,RN,28.93,N
01/31/2022,14,3,BOOTLEG_UN1,RN,28.93,N
01/31/2022,14,3,BORDAS_345,RN,28.93,N
01/31/2022,14,3,BOSQUESW_CC1,LCCRN,28.93,N
01/31/2022,14,3,BOSQUESW_CC2,LCCRN,28.93,N
01/31/2022,14,3,BOSQ_BSQSU_5,PCCRN,28.93,N
01/31/2022,14,3,BOSQ_BSQS_12,PCCRN,28.93,N
01/31/2022,14,3,BOSQ_BSQS_34,PCCRN,28.93,N
01/31/2022,14,3,BRANDON_RN,RN,28.93,N
01/31/2022,14,3,BRAUNIG_CC1,LCCRN,28.93,N
01/31/2022,14,3,BRAUNIG_VHB1,RN,28.93,N
01/31/2022,14,3,BRAUNIG_VHB2,RN,28.93,N
01/31/2022,14,3,BRAUNIG_VHB3,RN,28.93,N
01/31/2022,14,3,BRAZ_WND_ALL,RN,28.93,N
01/31/2022,14,3,BRA_AVR1_CT2,PCCRN,28.93,N
01/31/2022,14,3,BRA_AVR_CST1,PCCRN,28.93,N
01/31/2022,14,3,BRHEIGHT_RN,RN,28.93,N
01/31/2022,14,3,BRIGHTSD_RN,RN,28.93,N
01/31/2022,14,3,BRISCOE_WIND,RN,28.93,N
01/31/2022,14,3,BRPANGLE_RN,RN,28.93,N
01/31/2022,14,3,BRPMAGNO_RN,RN,28.93,N
01/31/2022,14,3,BRP_BRAZ_RN,RN,28.93,N
01/31/2022,14,3,BRP_DIKN_RN,RN,28.93,N
01/31/2022,14,3,BRP_LOOP_RN,RN,28.93,N
01/31/2022,14,3,BRP_LOP1_RN,RN,28.93,N
01/31/2022,14,3,BRP_PBL1_RN,RN,28.93,N
01/31/2022,14,3,BRP_PBL2_RN,RN,28.93,N
01/31/2022,14,3,BRP_RN_UNIT1,RN,28.93,N
01/31/2022,14,3,BRP_SEMI_RN,RN,28.93,N
01/31/2022,14,3,BRP_SWNY_RN,RN,28.93,N
01/31/2022,14,3,BRP_ZPT1_RN,RN,28.93,N
01/31/2022,14,3,BRP_ZPT2_RN,RN,28.93,N
01/31/2022,14,3,BRTSW_BCW1,RN,28.93,N
01/31/2022,14,3,BR_VHB6CT5_6,RN,28.93,N
01/31/2022,14,3,BR_VHB6CT7_8,RN,28.93,N
01/31/2022,14,3,BSS_U1,RN,28.93,N
01/31/2022,14,3,BTE_BTE_G1,PCCRN,28.93,N
01/31/2022,14,3,BTE_BTE_G2,PCCRN,28.93,N
01/31/2022,14,3,BTE_BTE_G3,PCCRN,28.93,N
01/31/2022,14,3,BTE_BTE_G4,PCCRN,28.93,N
01/31/2022,14,3,BTE_CC1,LCCRN,28.93,N
01/31/2022,14,3,BTE_PUN1,PUN,28.93,N
01/31/2022,14,3,BTE_PUN2,PUN,28.93,N
01/31/2022,14,3,BUCHAN_ALL,RN,28.93,N
01/31/2022,14,3,BUCKTHRN_RN,RN,28.93,N
01/31/2022,14,3,BUFF_GAP_ALL,RN,28.93,N
01/31/2022,14,3,BULLCRK_1_2,RN,28.93,N
01/31/2022,14,3,BVE_CC1,LCCRN,28.93,N
01/31/2022,14,3,BVE_UNIT1,PCCRN,28.93,N
01/31/2022,14,3,BVE_UNIT2,PCCRN,28.93,N
01/31/2022,14,3,BVE_UNIT3,PCCRN,28.93,N
01/31/2022,14,3,BYU_BYU_1,RN,28.93,N
01/31/2022,14,3,BYU_BYU_12,PCCRN,28.93,N
01/31/2022,14,3,BYU_BYU_34,PCCRN,28.93,N
01/31/2022,14,3,BYU_BYU_G8,RN,28.93,N
01/31/2022,14,3,BYU_CC1,LCCRN,28.93,N
01/31/2022,14,3,BYU_PUN1,PUN,28.93,N
01/31/2022,14,3,BYU_PUN2,PUN,28.93,N
01/31/2022,14,3,BYU_PUN3,PUN,28.93,N
01/31/2022,14,3,BYU_PUN4,PUN,28.93,N
01/31/2022,14,3,B_DAVIS_3,PCCRN,28.93,N
01/31/2022,14,3,B_DAVIS_4,PCCRN,28.93,N
01/31/2022,14,3,B_DAVIS_CC1,LCCRN,28.93,N
01/31/2022,14,3,B_D_B_DAVIG1,RN,28.93,N
01/31/2022,14,3,B_D_B_DAVIG2,PCCRN,28.93,N
01/31/2022,14,3,CABEZON_ALL,RN,28.93,N
01/31/2022,14,3,CALAVER_JKS1,RN,28.93,N
01/31/2022,14,3,CALAVER_JKS2,RN,28.93,N
01/31/2022,14,3,CALAVER_JTD1,RN,28.93,N
01/31/2022,14,3,CALAVER_JTD2,RN,28.93,N
01/31/2022,14,3,CALAVER_OWS1,RN,28.93,N
01/31/2022,14,3,CALAVER_OWS2,RN,28.93,N
01/31/2022,14,3,CALHOUN_ALL,RN,28.93,N
01/31/2022,14,3,CALLAHA_WND1,RN,28.93,N
01/31/2022,14,3,CAL_CALGT1,PCCRN,28.93,N
01/31/2022,14,3,CAL_CALSTG1,PCCRN,28.93,N
01/31/2022,14,3,CAL_CC1,LCCRN,28.93,N
01/31/2022,14,3,CAL_PUN1,PUN,28.93,N
01/31/2022,14,3,CAL_PUN2,PUN,28.93,N
01/31/2022,14,3,CAMWIND_RN,RN,-31.64,N
01/31/2022,14,3,CAPRIDG4_CR4,RN,28.93,N
01/31/2022,14,3,CAPRIDGE_ALL,RN,28.93,N
01/31/2022,14,3,CARBN_BSP_1,RN,28.93,N
01/31/2022,14,3,CASL_GAP_UN1,RN,28.93,N
01/31/2022,14,3,CBECII_1,RN,28.93,N
01/31/2022,14,3,CBECII_2,RN,28.93,N
01/31/2022,14,3,CBECII_89,PCCRN,28.93,N
01/31/2022,14,3,CBECII_CC3,LCCRN,28.93,N
01/31/2022,14,3,CBECII_CT7,PCCRN,28.93,N
01/31/2022,14,3,CBEC_ALL,PCCRN,28.93,N
01/31/2022,14,3,CBEC_CC1,LCCRN,28.93,N
01/31/2022,14,3,CBEC_CC2,LCCRN,28.93,N
01/31/2022,14,3,CBY4_ALL,PCCRN,28.93,N
01/31/2022,14,3,CBY4_CC1,LCCRN,28.93,N
01/31/2022,14,3,CBY_CBY_G1,RN,28.93,N
01/31/2022,14,3,CBY_CBY_G2,RN,28.93,N
01/31/2022,14,3,CCEC_CC1,LCCRN,28.93,N
01/31/2022,14,3,CCEC_GT1,PCCRN,28.93,N
01/31/2022,14,3,CCEC_GT2,PCCRN,28.93,N
01/31/2022,14,3,CCEC_PUN1,PUN,28.93,N
01/31/2022,14,3,CCEC_PUN2,PUN,28.93,N
01/31/2022,14,3,CCEC_ST1,PCCRN,28.93,N
01/31/2022,14,3,CEDROHI_CHW1,RN,28.93,N
01/31/2022,14,3,CFLATS_UNIT,RN,28.93,N
01/31/2022,14,3,CHALUP_ALL,RN,-31.64,N
01/31/2022,14,3,CHAMON_UN1,RN,28.93,N
01/31/2022,14,3,CHAMON_UN2,RN,28.93,N
01/31/2022,14,3,CHEDPW_GT2,PCCRN,28.93,N
01/31/2022,14,3,CHE_CC1,LCCRN,28.93,N
01/31/2022,14,3,CHE_LYD,PCCRN,28.93,N
01/31/2022,14,3,CHE_LYD2,PCCRN,28.93,N
01/31/2022,14,3,CHE_PUN1,PUN,28.93,N
01/31/2022,14,3,CHE_PUN2,PUN,28.93,N
01/31/2022,14,3,CHISMGRD_RN,RN,28.93,N
01/31/2022,14,3,CITYVICT_ALL,RN,28.93,N
01/31/2022,14,3,CN_BRKS_UNT1,RN,28.93,N
01/31/2022,14,3,COL_COLETOG1,RN,28.93,N
01/31/2022,14,3,CONIGLIO_RN,RN,28.93,N
01/31/2022,14,3,CORAZON_RN,RN,28.93,N
01/31/2022,14,3,COTPLNS_RN,RN,28.93,N
01/31/2022,14,3,COTTON_PAP2,RN,28.93,N
01/31/2022,14,3,CPSES_UNIT1,RN,28.93,N
01/31/2022,14,3,CPSES_UNIT2,RN,28.93,N
01/31/2022,14,3,CRANELL_ALL,RN,28.93,N
01/31/2022,14,3,CROSSETT_ALL,RN,28.93,N
01/31/2022,14,3,CSC_CSECG1_2,RN,28.93,N
01/31/2022,14,3,CVC_CC1,LCCRN,28.93,N
01/31/2022,14,3,CVC_CVCG1_5,PCCRN,28.93,N
01/31/2022,14,3,CVC_CVC_G2,PCCRN,28.93,N
01/31/2022,14,3,CVC_CVC_G3,PCCRN,28.93,N
01/31/2022,14,3,DANSBY_ALL,RN,28.93,N
01/31/2022,14,3,DC2SES_ALL,RN,28.93,N
01/31/2022,14,3,DC_E,LZ_DCEW,28.93,N
01/31/2022,14,3,DC_E,LZ_DC,28.93,N
01/31/2022,14,3,DC_L,LZ_DCEW,28.93,N
01/31/2022,14,3,DC_L,LZ_DC,28.93,N
01/31/2022,14,3,DC_N,LZ_DC,28.93,N
01/31/2022,14,3,DC_N,LZ_DCEW,28.93,N
01/31/2022,14,3,DC_R,LZ_DCEW,-31.64,N
01/31/2022,14,3,DC_R,LZ_DC,-31.64,N
01/31/2022,14,3,DC_S,LZ_DCEW,28.93,N
01/31/2022,14,3,DC_S,LZ_DC,28.93,N
01/31/2022,14,3,DDPEC_CC1,LCCRN,28.93,N
01/31/2022,14,3,DDPEC_GT1,PCCRN,28.93,N
01/31/2022,14,3,DDPEC_GT2,PCCRN,28.93,N
01/31/2022,14,3,DDPEC_GT3,PCCRN,28.93,N
01/31/2022,14,3,DDPEC_GT4,PCCRN,28.93,N
01/31/2022,14,3,DDPEC_GT6,PCCRN,28.93,N
01/31/2022,14,3,DDPEC_ST1,PCCRN,28.93,N
01/31/2022,14,3,DECKER_DPG1,RN,28.93,N
01/31/2022,14,3,DECKER_DPG2,RN,28.93,N
01/31/2022,14,3,DECKER_GT,RN,28.93,N
01/31/2022,14,3,DENISON_G1_2,RN,28.93,N
01/31/2022,14,3,DERMOTT_ALL,RN,28.93,N
01/31/2022,14,3,DIB_CC1,LCCRN,28.93,N
01/31/2022,14,3,DIB_DIB_G1,PCCRN,28.93,N
01/31/2022,14,3,DIB_DIB_G2,PCCRN,28.93,N
01/31/2022,14,3,DIB_DIB_G3,PCCRN,28.93,N
01/31/2022,14,3,DIB_DIB_G4,PCCRN,28.93,N
01/31/2022,14,3,DIB_PUN1,PUN,28.93,N
01/31/2022,14,3,DIB_PUN2,PUN,28.93,N
01/31/2022,14,3,DOWGEN_PUN1,PUN,28.93,N
01/31/2022,14,3,DOWGEN_PUN2,PUN,28.93,N
01/31/2022,14,3,DOWGEN_PUN3,PUN,28.93,N
01/31/2022,14,3,DOW_61_2_63,RN,28.93,N
01/31/2022,14,3,DOW_64,RN,28.93,N
01/31/2022,14,3,DOW_81_2_84,RN,28.93,N
01/31/2022,14,3,DOW_G37_G35,RN,28.93,N
01/31/2022,14,3,DOW_G66_ST65,RN,28.93,N
01/31/2022,14,3,DOW_G67,RN,28.93,N
01/31/2022,14,3,DOW_G96_ST95,RN,28.93,N
01/31/2022,14,3,DUKE_CC1,LCCRN,-31.64,N
01/31/2022,14,3,DUKE_GST1CCU,PCCRN,-31.64,N
01/31/2022,14,3,DUKE_GT2_CCU,PCCRN,-31.64,N
01/31/2022,14,3,DUP_PUN1,PUN,28.93,N
01/31/2022,14,3,DUP_PUN2,PUN,28.93,N
01/31/2022,14,3,DUP_PUN3,PUN,28.93,N
01/31/2022,14,3,DUP_PUN4,PUN,28.93,N
01/31/2022,14,3,ECLIPSE_UN1,RN,28.93,N
01/31/2022,14,3,ELB_ELBCREEK,RN,28.93,N
01/31/2022,14,3,ELECTRAW_1_2,RN,28.93,N
01/31/2022,14,3,EL_RAYO_ALL,RN,-31.64,N
01/31/2022,14,3,ENAS_ENA1,RN,28.93,N
01/31/2022,14,3,ERSL_RN,RN,28.93,N
01/31/2022,14,3,ETCCS_CC1,LCCRN,28.93,N
01/31/2022,14,3,ETCCS_CCU,PCCRN,28.93,N
01/31/2022,14,3,EUNICE_ALL,RN,14.95,N
01/31/2022,14,3,EXGNSND_RN,RN,28.93,N
01/31/2022,14,3,EXGNWTL_1,RN,28.93,N
01/31/2022,14,3,EXN_14,RN,28.93,N
01/31/2022,14,3,EXN_1_3,RN,28.93,N
01/31/2022,14,3,EXN_4,RN,28.93,N
01/31/2022,14,3,EXN_8,RN,28.93,N
01/31/2022,14,3,EXN_9_13,RN,28.93,N
01/31/2022,14,3,EXN_PUN1,PUN,28.93,N
01/31/2022,14,3,EXN_PUN2,PUN,28.93,N
01/31/2022,14,3,EXN_PUN3,PUN,28.93,N
01/31/2022,14,3,E_BLACK_RN,RN,28.93,N
01/31/2022,14,3,FAL_FALCONG1,RN,28.93,N
01/31/2022,14,3,FAL_FALCONG2,RN,28.93,N
01/31/2022,14,3,FAL_FALCONG3,RN,28.93,N
01/31/2022,14,3,FEGC_RN,RN,28.93,N
01/31/2022,14,3,FERGCC_CC1,LCCRN,28.93,N
01/31/2022,14,3,FERGCC_GT1_1,PCCRN,28.93,N
01/31/2022,14,3,FERGCC_GT2_3,PCCRN,28.93,N
01/31/2022,14,3,FERGCC_ST1_5,PCCRN,28.93,N
01/31/2022,14,3,FERMI_ALL,RN,28.93,N
01/31/2022,14,3,FLCNS_CC1,LCCRN,28.93,N
01/31/2022,14,3,FLCNS_UNIT1,PCCRN,28.93,N
01/31/2022,14,3,FLCNS_UNIT2,PCCRN,28.93,N
01/31/2022,14,3,FLCNS_UNIT3,PCCRN,28.93,N
01/31/2022,14,3,FLOWERII_RN,RN,28.93,N
01/31/2022,14,3,FLTBES1,RN,28.93,N
01/31/2022,14,3,FLTCK_SSI,RN,28.93,N
01/31/2022,14,3,FLUVANNA_1_2,RN,28.93,N
01/31/2022,14,3,FLVABES1_ESR,RN,28.93,N
01/31/2022,14,3,FOARDCTY_ALL,RN,28.93,N
01/31/2022,14,3,FORMOSA_CC1,LCCRN,28.93,N
01/31/2022,14,3,FORMOSA_CC2,LCCRN,28.93,N
01/31/2022,14,3,FORMOSA_PUN1,PUN,28.93,N
01/31/2022,14,3,FORMOSA_PUN2,PUN,28.93,N
01/31/2022,14,3,FO_FORMOSA11,RN,28.93,N
01/31/2022,14,3,FO_FORMOSA12,RN,28.93,N
01/31/2022,14,3,FO_FORMOSG1,PCCRN,28.93,N
01/31/2022,14,3,FO_FORMOSG10,PCCRN,28.93,N
01/31/2022,14,3,FO_FORMOSG13,PCCRN,28.93,N
01/31/2022,14,3,FO_FORMOSG14,PCCRN,28.93,N
01/31/2022,14,3,FO_FORMOSG15,PCCRN,28.93,N
01/31/2022,14,3,FO_FORMOSG2,PCCRN,28.93,N
01/31/2022,14,3,FO_FORMOSG3,PCCRN,28.93,N
01/31/2022,14,3,FO_FORMOSG4,PCCRN,28.93,N
01/31/2022,14,3,FO_FORMOSG5,PCCRN,28.93,N
01/31/2022,14,3,FO_FORMOSG6,PCCRN,28.93,N
01/31/2022,14,3,FO_FORMOSG7,PCCRN,28.93,N
01/31/2022,14,3,FO_FORMOSG8,RN,28.93,N
01/31/2022,14,3,FO_FORMOSG9,PCCRN,28.93,N
01/31/2022,14,3,FPPYD_FPP_G1,RN,28.93,N
01/31/2022,14,3,FPPYD_FPP_G2,RN,28.93,N
01/31/2022,14,3,FPPYD_FPP_G3,RN,28.93,N
01/31/2022,14,3,FREC_1_CCU,PCCRN,28.93,N
01/31/2022,14,3,FREC_2_CCU,PCCRN,28.93,N
01/31/2022,14,3,FREC_CC1,LCCRN,28.93,N
01/31/2022,14,3,FREC_CC2,LCCRN,28.93,N
01/31/2022,14,3,FRNYPP_1_CCU,PCCRN,28.93,N
01/31/2022,14,3,FRNYPP_2_CCU,PCCRN,28.93,N
01/31/2022,14,3,FRNYPP_CC1,LCCRN,28.93,N
01/31/2022,14,3,FRNYPP_CC2,LCCRN,28.93,N
01/31/2022,14,3,FTR_CC1,LCCRN,28.93,N
01/31/2022,14,3,FTR_FTR_G1_4,PCCRN,28.93,N
01/31/2022,14,3,FTWIND_UNIT1,RN,28.93,N
01/31/2022,14,3,FWLR_SLR_1,RN,28.93,N
01/31/2022,14,3,GALO_RN1,RN,28.93,N
01/31/2022,14,3,GAMBIT_RN,RN,28.93,N
01/31/2022,14,3,GBY_GT,RN,28.93,N
01/31/2022,14,3,GID_GIDEONG1,RN,28.93,N
01/31/2022,14,3,GID_GIDEONG2,RN,28.93,N
01/31/2022,14,3,GID_GIDEONG3,RN,28.93,N
01/31/2022,14,3,GOA_GOATWIND,RN,28.93,N
01/31/2022,14,3,GPASTURE_ALL,RN,28.93,N
01/31/2022,14,3,GRANDVW1_A_B,RN,28.93,N
01/31/2022,14,3,GREASWOD_ALL,RN,28.93,N
01/31/2022,14,3,GRIF_TRL_RN,RN,28.93,N
01/31/2022,14,3,GRSES_UNIT1,RN,28.93,N
01/31/2022,14,3,GRSES_UNIT2,RN,28.93,N
01/31/2022,14,3,GUADG_CC1,LCCRN,28.93,N
01/31/2022,14,3,GUADG_CC2,LCCRN,28.93,N
01/31/2022,14,3,GUADG_CCU1,PCCRN,28.93,N
01/31/2022,14,3,GUADG_CCU2,PCCRN,28.93,N
01/31/2022,14,3,GUNMTN_NODE,RN,28.93,N
01/31/2022,14,3,GWEC_G1,RN,28.93,N
01/31/2022,14,3,HAYSEN1_2,RN,28.93,N
01/31/2022,14,3,HAYSEN3_4,RN,28.93,N
01/31/2022,14,3,HB_BUSAVG,SH,27.53,N
01/31/2022,14,3,HB_HOUSTON,HU,28.93,N
01/31/2022,14,3,HB_HUBAVG,AH,27.32,N
01/31/2022,14,3,HB_NORTH,HU,28.76,N
01/31/2022,14,3,HB_PAN,HU,28.93,N
01/31/2022,14,3,HB_SOUTH,HU,22.66,N
01/31/2022,14,3,HB_WEST,HU,28.93,N
01/31/2022,14,3,HELIOS_RN,RN,28.93,N
01/31/2022,14,3,HHGT_KENDAL,RN,28.93,N
01/31/2022,14,3,HHOLLW2_WND1,RN,28.93,N
01/31/2022,14,3,HHOLLW3_WND1,RN,28.93,N
01/31/2022,14,3,HHOLLW4_WND1,RN,28.93,N
01/31/2022,14,3,HICK_G1_G2,RN,28.93,N
01/31/2022,14,3,HI_LONE_ALL,RN,28.93,N
01/31/2022,14,3,HLSES_UNIT3,RN,28.93,N
01/31/2022,14,3,HLSES_UNIT4,RN,28.93,N
01/31/2022,14,3,HLSES_UNIT5,RN,28.93,N
01/31/2022,14,3,HOLSTEIN_ALL,RN,28.93,N
01/31/2022,14,3,HORSCR_RN,RN,28.93,N
01/31/2022,14,3,HORSECRK_RN,RN,28.93,N
01/31/2022,14,3,HOVEY_GEN,RN,28.93,N
01/31/2022,14,3,HRBESS_BESS,RN,28.93,N
01/31/2022,14,3,HRFDWIND_ALL,RN,28.93,N
01/31/2022,14,3,HWF_HWFG1,RN,28.93,N
01/31/2022,14,3,H_HOLLO_WND1,RN,28.93,N
01/31/2022,14,3,IMP_RN1,RN,28.93,N
01/31/2022,14,3,INDNENR_1_RN,RN,28.93,N
01/31/2022,14,3,INDNENR_2_RN,RN,28.93,N
01/31/2022,14,3,INDNNWP_RN,RN,28.93,N
01/31/2022,14,3,INDN_INDNNWP,RN,28.93,N
01/31/2022,14,3,IND_INADALE1,RN,28.93,N
01/31/2022,14,3,INGLCOSW_CC1,LCCRN,28.93,N
01/31/2022,14,3,INGLCOSW_STG,PCCRN,28.93,N
01/31/2022,14,3,INGLCOS_CTG1,PCCRN,28.93,N
01/31/2022,14,3,INGLCOS_CTG2,PCCRN,28.93,N
01/31/2022,14,3,INGLCO_PUN1,PUN,28.93,N
01/31/2022,14,3,INGLCO_PUN2,PUN,28.93,N
01/31/2022,14,3,INGLCO_PUN3,PUN,28.93,N
01/31/2022,14,3,INKS_INKS_G1,RN,28.93,N
01/31/2022,14,3,IN_INDNENR,RN,28.93,N
01/31/2022,14,3,IN_INDNENR_2,RN,28.93,N
01/31/2022,14,3,JACKCNTY_CC1,LCCRN,28.93,N
01/31/2022,14,3,JACKCNTY_CT1,PCCRN,28.93,N
01/31/2022,14,3,JACKCNTY_CT2,PCCRN,28.93,N
01/31/2022,14,3,JACKCNTY_STG,PCCRN,28.93,N
01/31/2022,14,3,JCKCNTY2_CC1,LCCRN,28.93,N
01/31/2022,14,3,JCKCNTY2_CT3,PCCRN,28.93,N
01/31/2022,14,3,JCKCNTY2_CT4,PCCRN,28.93,N
01/31/2022,14,3,JCKCNTY2_ST2,PCCRN,28.93,N
01/31/2022,14,3,JC_BAT_RN,RN,28.93,N
01/31/2022,14,3,JUNO_ALL,RN,28.93,N
01/31/2022,14,3,KARAKAW1_1,RN,28.93,N
01/31/2022,14,3,KARAKAW2_1,RN,28.93,N
01/31/2022,14,3,KEECHI_U1,RN,28.93,N
01/31/2022,14,3,KELAMSL_U1,RN,28.93,N
01/31/2022,14,3,KEO_KEO_SM1,RN,28.93,N
01/31/2022,14,3,KINGE_ALL,RN,28.93,N
01/31/2022,14,3,KINGW_ALL,RN,28.93,N
01/31/2022,14,3,KING_KINGNE,RN,28.93,N
01/31/2022,14,3,KING_KINGNW,RN,28.93,N
01/31/2022,14,3,KING_KINGSE,RN,28.93,N
01/31/2022,14,3,KING_KINGSW,RN,28.93,N
01/31/2022,14,3,KMCHI_CC1,LCCRN,28.93,N
01/31/2022,14,3,KMCHI_CC2,LCCRN,28.93,N
01/31/2022,14,3,LAMESASLR_G,RN,28.93,N
01/31/2022,14,3,LAPETUS_U1,RN,28.93,N
01/31/2022,14,3,LARDVFTN_G4,RN,28.93,N
01/31/2022,14,3,LARDVFTN_G5,RN,28.93,N
01/31/2022,14,3,LASSO_GEN,RN,28.93,N
01/31/2022,14,3,LEG_LEG_G1,RN,28.93,N
01/31/2022,14,3,LEG_LEG_G2,RN,28.93,N
01/31/2022,14,3,LEONLCPCT1_2,RN,28.93,N
01/31/2022,14,3,LEONLCPCT3_4,RN,28.93,N
01/31/2022,14,3,LGDRAW_S_ALL,RN,28.93,N
01/31/2022,14,3,LGD_LANGFORD,RN,28.93,N
01/31/2022,14,3,LGE_CC1,LCCRN,28.93,N
01/31/2022,14,3,LGE_LGE_GT1,PCCRN,28.93,N
01/31/2022,14,3,LGE_LGE_GT2,PCCRN,28.93,N
01/31/2022,14,3,LGE_LGE_STG,PCCRN,28.93,N
01/31/2022,14,3,LGE_PUN1,RN,28.93,N
01/31/2022,14,3,LGE_PUN2,RN,28.93,N
01/31/2022,14,3,LGW_UNIT_ALL,RN,28.93,N
01/31/2022,14,3,LHM_CVC_G4,RN,28.93,N
01/31/2022,14,3,LHM_PUN1,PUN,28.93,N
01/31/2022,14,3,LHM_PUN2,PUN,28.93,N
01/31/2022,14,3,LHORN_N_U1_2,RN,28.93,N
01/31/2022,14,3,LHSES_UNIT1,RN,28.93,N
01/31/2022,14,3,LHSES_UNIT2,RN,28.93,N
01/31/2022,14,3,LILY_RN,RN,28.93,N
01/31/2022,14,3,LMAJADAS_ALL,RN,-31.64,N
01/31/2022,14,3,LNCRK_ALL,RN,28.93,N
01/31/2022,14,3,LONEWOLF_ALL,RN,28.93,N
01/31/2022,14,3,LOSTPI_CC1,LCCRN,28.93,N
01/31/2022,14,3,LOS_LOSTPGT1,PCCRN,28.93,N
01/31/2022,14,3,LOS_LOSTPGT2,PCCRN,28.93,N
01/31/2022,14,3,LOS_LOSTPST1,PCCRN,28.93,N
01/31/2022,14,3,LPCCS_CC1,LCCRN,28.93,N
01/31/2022,14,3,LPCCS_CC2,LCCRN,28.93,N
01/31/2022,14,3,LPCCS_CT11,PCCRN,28.93,N
01/31/2022,14,3,LPCCS_CT12,PCCRN,28.93,N
01/31/2022,14,3,LPCCS_CT21,PCCRN,28.93,N
01/31/2022,14,3,LPCCS_CT22,PCCRN,28.93,N
01/31/2022,14,3,LPCCS_UNIT1,PCCRN,28.93,N
01/31/2022,14,3,LPCCS_UNIT2,PCCRN,28.93,N
01/31/2022,14,3,LV1A_LV1B,RN,-31.64,N
01/31/2022,14,3,LV3_UNIT1,RN,28.93,N
01/31/2022,14,3,LV4_UNIT_1,RN,28.93,N
01/31/2022,14,3,LV5_UNIT1,RN,-31.64,N
01/31/2022,14,3,LZ_AEN,LZEW,28.93,N
01/31/2022,14,3,LZ_AEN,LZ,28.93,N
01/31/2022,14,3,LZ_CPS,LZEW,28.93,N
01/31/2022,14,3,LZ_CPS,LZ,28.93,N
01/31/2022,14,3,LZ_HOUSTON,LZEW,28.93,N
01/31/2022,14,3,LZ_HOUSTON,LZ,28.93,N
01/31/2022,14,3,LZ_LCRA,LZEW,28.93,N
01/31/2022,14,3,LZ_LCRA,LZ,28.93,N
01/31/2022,14,3,LZ_NORTH,LZ,28.93,N
01/31/2022,14,3,LZ_NORTH,LZEW,28.93,N
01/31/2022,14,3,LZ_RAYBN,LZEW,28.93,N
01/31/2022,14,3,LZ_RAYBN,LZ,28.93,N
01/31/2022,14,3,LZ_SOUTH,LZ,16.33,N
01/31/2022,14,3,LZ_SOUTH,LZEW,16.33,N
01/31/2022,14,3,LZ_WEST,LZEW,28.93,N
01/31/2022,14,3,LZ_WEST,LZ,28.93,N
01/31/2022,14,3,MADERO_RN,RN,-31.64,N
01/31/2022,14,3,MARBFA,RN,28.93,N
01/31/2022,14,3,MARIAH_ALL,RN,28.93,N
01/31/2022,14,3,MAR_MARSFOG1,RN,28.93,N
01/31/2022,14,3,MAR_MARSFOG2,RN,28.93,N
01/31/2022,14,3,MAR_MARSFOG3,RN,28.93,N
01/31/2022,14,3,MASSENGL_CC1,LCCRN,28.93,N
01/31/2022,14,3,MASSENGL_G6,PCCRN,28.93,N
01/31/2022,14,3,MASSENGL_G7,PCCRN,28.93,N
01/31/2022,14,3,MASSENGL_G8,PCCRN,28.93,N
01/31/2022,14,3,MAVCRK_W_ALL,RN,28.93,N
01/31/2022,14,3,MCDLD_FCSBW1,RN,28.93,N
01/31/2022,14,3,MCSES_UNIT6,RN,28.93,N
01/31/2022,14,3,MCSES_UNIT7,RN,28.93,N
01/31/2022,14,3,MCSES_UNIT8,RN,28.93,N
01/31/2022,14,3,MDANP_CT1_2,RN,28.93,N
01/31/2022,14,3,MDANP_CT3_4,RN,28.93,N
01/31/2022,14,3,MDANP_CT5_6,RN,28.93,N
01/31/2022,14,3,MESQCRK_ALL,RN,28.93,N
01/31/2022,14,3,MESTENO_RN,RN,28.93,N
01/31/2022,14,3,MGSES_CT123,RN,28.93,N
01/31/2022,14,3,MGSES_CT456,RN,28.93,N
01/31/2022,14,3,MIAM1_G1_G2,RN,28.93,N
01/31/2022,14,3,MIL_MILG1_2,RN,28.93,N
01/31/2022,14,3,MIL_MILG345,RN,28.93,N
01/31/2022,14,3,MIRAGE_G1,RN,28.93,N
01/31/2022,14,3,MIRASOLE_GEN,RN,28.93,N
01/31/2022,14,3,MISAE_GEN_RN,RN,28.93,N
01/31/2022,14,3,MLSES_UNIT1,RN,22.92,N
01/31/2022,14,3,MLSES_UNIT2,RN,22.92,N
01/31/2022,14,3,MLSES_UNIT3,RN,22.92,N
01/31/2022,14,3,MOZART_WIND1,RN,28.93,N
01/31/2022,14,3,MWEC_G1,RN,28.93,N
01/31/2022,14,3,NACPW_UNIT1,RN,28.93,N
01/31/2022,14,3,NBOHR_RN,RN,28.93,N
01/31/2022,14,3,NCARBIDEG8,RN,28.93,N
01/31/2022,14,3,NCARBIDE_1_7,RN,28.93,N
01/31/2022,14,3,NCARBID_PUN1,PUN,28.93,N
01/31/2022,14,3,NCARBID_PUN2,PUN,28.93,N
01/31/2022,14,3,NCO_RN,RN,28.93,N
01/31/2022,14,3,NEBULA_RN,RN,-31.64,N
01/31/2022,14,3,NEDIN_CC1,LCCRN,-31.64,N
01/31/2022,14,3,NED_NEDIN_G1,PCCRN,-31.64,N
01/31/2022,14,3,NED_NEDIN_G2,PCCRN,-31.64,N
01/31/2022,14,3,NED_NEDIN_G3,PCCRN,-31.64,N
01/31/2022,14,3,NF_BRP_RN,RN,28.93,N
01/31/2022,14,3,NOBLESLR_ALL,RN,28.93,N
01/31/2022,14,3,NUECES_B_CC1,LCCRN,28.93,N
01/31/2022,14,3,NUE_NUECESG7,PCCRN,28.93,N
01/31/2022,14,3,NUE_NUECESG8,PCCRN,28.93,N
01/31/2022,14,3,NUE_NUECESG9,PCCRN,28.93,N
01/31/2022,14,3,NWF_NWF1,RN,28.93,N
01/31/2022,14,3,OBERON_U1,RN,28.93,N
01/31/2022,14,3,ODESW_RN,RN,28.93,N
01/31/2022,14,3,OECCS_1,PCCRN,28.93,N
01/31/2022,14,3,OECCS_2,PCCRN,28.93,N
01/31/2022,14,3,OECCS_CC1,LCCRN,28.93,N
01/31/2022,14,3,OECCS_CC2,LCCRN,28.93,N
01/31/2022,14,3,OGSES_1,RN,28.93,N
01/31/2022,14,3,OGSES_2,RN,28.93,N
01/31/2022,14,3,OKLA_OKLA_G1,RN,28.93,N
01/31/2022,14,3,OLIN_OLING_1,RN,28.93,N
01/31/2022,14,3,OLIN_OLING_2,RN,28.93,N
01/31/2022,14,3,OLIN_OLING_3,RN,28.93,N
01/31/2022,14,3,OLIN_OLING_4,RN,28.93,N
01/31/2022,14,3,OWF_OWF,RN,28.93,N
01/31/2022,14,3,OXY_OXY_CCG1,RN,28.93,N
01/31/2022,14,3,OXY_PUN1,PUN,28.93,N
01/31/2022,14,3,OXY_PUN2,PUN,28.93,N
01/31/2022,14,3,PALMWI_UNIT1,RN,-31.64,N
01/31/2022,14,3,PANDA_S_CC1,LCCRN,28.93,N
01/31/2022,14,3,PANDA_S_CT1,PCCRN,28.93,N
01/31/2022,14,3,PANDA_S_CT2,PCCRN,28.93,N
01/31/2022,14,3,PANDA_S_ST1,PCCRN,28.93,N
01/31/2022,14,3,PANDA_T1_CC1,LCCRN,28.93,N
01/31/2022,14,3,PANDA_T1_CT1,PCCRN,28.93,N
01/31/2022,14,3,PANDA_T1_CT2,PCCRN,28.93,N
01/31/2022,14,3,PANDA_T1_ST1,PCCRN,28.93,N
01/31/2022,14,3,PANDA_T2_CC1,LCCRN,28.93,N
01/31/2022,14,3,PANDA_T2_CT1,PCCRN,28.93,N
01/31/2022,14,3,PANDA_T2_CT2,PCCRN,28.93,N
01/31/2022,14,3,PANDA_T2_ST1,PCCRN,28.93,N
01/31/2022,14,3,PAP1_PAP1,RN,28.93,N
01/31/2022,14,3,PB2SES_CT1,RN,28.93,N
01/31/2022,14,3,PB2SES_CT2,RN,28.93,N
01/31/2022,14,3,PB2SES_CT3,RN,28.93,N
01/31/2022,14,3,PB2SES_CT4,RN,28.93,N
01/31/2022,14,3,PB2SES_CT5,RN,28.93,N
01/31/2022,14,3,PC_NORTH_1,RN,28.93,N
01/31/2022,14,3,PC_SOUTH_ALL,RN,28.93,N
01/31/2022,14,3,PEARSA_1_24,RN,28.93,N
01/31/2022,14,3,PENA_ALL,RN,28.93,N
01/31/2022,14,3,PES1_RN,RN,28.93,N
01/31/2022,14,3,PEY_RN,RN,28.93,N
01/31/2022,14,3,PH1_UNIT1_2,RN,28.93,N
01/31/2022,14,3,PH2_U1_U2,RN,28.93,N
01/31/2022,14,3,PHILLWND_ALL,RN,28.93,N
01/31/2022,14,3,PHOEBE_ALL,RN,28.93,N
01/31/2022,14,3,PHOENIX_RN,RN,28.93,N
01/31/2022,14,3,PLN_ALL,RN,28.93,N
01/31/2022,14,3,PNPI_GT2_RN,RN,28.93,N
01/31/2022,14,3,PRID_RN,RN,28.93,N
01/31/2022,14,3,PROSPERO_ALL,RN,14.95,N
01/31/2022,14,3,PRO_RN,RN,28.93,N
01/31/2022,14,3,PRSPERO2_ALL,RN,14.95,N
01/31/2022,14,3,PR_PR_ALL,RN,28.93,N
01/31/2022,14,3,PR_PR_G2,RN,28.93,N
01/31/2022,14,3,PSA_CC1,LCCRN,28.93,N
01/31/2022,14,3,PSA_PSA_G1,PCCRN,28.93,N
01/31/2022,14,3,PSA_PSA_G2,PCCRN,28.93,N
01/31/2022,14,3,PSA_PSA_G3,PCCRN,28.93,N
01/31/2022,14,3,PSA_PSA_G4,PCCRN,28.93,N
01/31/2022,14,3,PSA_PSA_G5,PCCRN,28.93,N
01/31/2022,14,3,PSA_PSA_G6,PCCRN,28.93,N
01/31/2022,14,3,PSA_PSA_G7,PCCRN,28.93,N
01/31/2022,14,3,PSA_PUN1,PUN,28.93,N
01/31/2022,14,3,PSA_PUN2,PUN,28.93,N
01/31/2022,14,3,PSA_PUN3,PUN,28.93,N
01/31/2022,14,3,PSA_PUN4,PUN,28.93,N
01/31/2022,14,3,PSA_PUN5,PUN,28.93,N
01/31/2022,14,3,PSG_CC1,LCCRN,28.93,N
01/31/2022,14,3,PSG_PSG_GT2,PCCRN,28.93,N
01/31/2022,14,3,PSG_PSG_GT3,PCCRN,28.93,N
01/31/2022,14,3,PSG_PSG_ST1,PCCRN,28.93,N
01/31/2022,14,3,PTLBES_BESS1,RN,28.93,N
01/31/2022,14,3,PYR_PYRON1,RN,28.93,N
01/31/2022,14,3,QALSW_ALL,PCCRN,28.93,N
01/31/2022,14,3,QALSW_CC1,LCCRN,28.93,N
01/31/2022,14,3,QALSW_CC2,LCCRN,28.93,N
01/31/2022,14,3,QUEEN_BA_RN,RN,28.93,N
01/31/2022,14,3,QUEEN_SL_RN,RN,28.93,N
01/31/2022,14,3,RAB_G1-8,RN,28.93,N
01/31/2022,14,3,RAMBLER_UNIT,RN,28.93,N
01/31/2022,14,3,RANCHERO_ALL,RN,28.93,N
01/31/2022,14,3,RAYBURN_CC1,LCCRN,28.93,N
01/31/2022,14,3,RAYBURN_G1_2,RN,28.93,N
01/31/2022,14,3,RAYB_G78910,PCCRN,28.93,N
01/31/2022,14,3,RDCAN_RDCNY1,RN,28.93,N
01/31/2022,14,3,REDBARN_RN,RN,28.93,N
01/31/2022,14,3,REDFISH_ALL,RN,-31.64,N
01/31/2022,14,3,REDGATE_ALL,RN,-31.64,N
01/31/2022,14,3,REDGATE_RN,RN,-31.64,N
01/31/2022,14,3,RELOJ_ALL,RN,28.93,N
01/31/2022,14,3,REROCK_ALL,RN,28.93,N
01/31/2022,14,3,RHESS2_ESS1,RN,28.93,N
01/31/2022,14,3,RHESS_1,RN,28.93,N
01/31/2022,14,3,RIGGIN_UNIT1,RN,28.93,N
01/31/2022,14,3,RIONOG_CC1,LCCRN,28.93,N
01/31/2022,14,3,RIONOG_CT1,PCCRN,28.93,N
01/31/2022,14,3,RIONOG_CT2,PCCRN,28.93,N
01/31/2022,14,3,RIONOG_CT3,PCCRN,28.93,N
01/31/2022,14,3,RIONOG_ST1,PCCRN,28.93,N
01/31/2022,14,3,RIPPEY_ALL,RN,28.93,N
01/31/2022,14,3,RN_APOGEE,RN,28.93,N
01/31/2022,14,3,RN_BYU_G8,PCCRN,28.93,N
01/31/2022,14,3,RN_DEC_AGR_A,RN,28.93,N
01/31/2022,14,3,RN_DEC_AGR_B,RN,28.93,N
01/31/2022,14,3,RN_DEC_AGR_C,RN,28.93,N
01/31/2022,14,3,RN_DEC_AGR_D,RN,28.93,N
01/31/2022,14,3,RN_ECEC_HOLT,RN,28.93,N
01/31/2022,14,3,RN_OCI_ALAMO,RN,28.93,N
01/31/2022,14,3,RN_RTS1,RN,28.93,N
01/31/2022,14,3,RN_SR_WIND1,RN,-31.64,N
01/31/2022,14,3,RN_TOSBATT,RN,28.93,N
01/31/2022,14,3,ROUTE66_RN,RN,28.93,N
01/31/2022,14,3,RPUBRDS_RN,RN,28.93,N
01/31/2022,14,3,RSK_RN,RN,28.93,N
01/31/2022,14,3,SALVTION_GEN,RN,28.93,N
01/31/2022,14,3,SAMSON_ALL,RN,28.93,N
01/31/2022,14,3,SANDHSYD1_2,RN,28.93,N
01/31/2022,14,3,SANDHSYD3_4,RN,28.93,N
01/31/2022,14,3,SANDHSYD6_7,RN,28.93,N
01/31/2022,14,3,SANDHSYD_5AC,PCCRN,28.93,N
01/31/2022,14,3,SANDHSYD_CC1,LCCRN,28.93,N
01/31/2022,14,3,SANTACRU_ALL,RN,28.93,N
01/31/2022,14,3,SAN_SANMIGG1,RN,28.93,N
01/31/2022,14,3,SC2SES_UNIT1,RN,28.93,N
01/31/2022,14,3,SCES_UNIT1,RN,28.93,N
01/31/2022,14,3,SCLP_PUN1,PUN,28.93,N
01/31/2022,14,3,SCLP_PUN2,PUN,28.93,N
01/31/2022,14,3,SCLP_PUN3,PUN,28.93,N
01/31/2022,14,3,SCLP_PUN4,PUN,28.93,N
01/31/2022,14,3,SCLP_SCLPC_1,RN,28.93,N
01/31/2022,14,3,SCLP_SCLPC_2,RN,28.93,N
01/31/2022,14,3,SCLP_SCLPC_3,RN,28.93,N
01/31/2022,14,3,SCLP_SCLPC_4,RN,28.93,N
01/31/2022,14,3,SCSES_UNIT2,RN,28.93,N
01/31/2022,14,3,SDSES_PUN1,RN,28.93,N
01/31/2022,14,3,SDSES_PUN2,RN,28.93,N
01/31/2022,14,3,SDSES_PUN3,RN,28.93,N
01/31/2022,14,3,SDSES_PUN4,RN,28.93,N
01/31/2022,14,3,SENATEWD_1,RN,28.93,N
01/31/2022,14,3,SGM_SIGNALMT,RN,28.93,N
01/31/2022,14,3,SHAFFER_ALL,RN,28.93,N
01/31/2022,14,3,SHANNONW_RN,RN,28.93,N
01/31/2022,14,3,SILASRAY_CC1,LCCRN,-31.64,N
01/31/2022,14,3,SIL_SILAS_10,RN,-31.64,N
01/31/2022,14,3,SIL_SILAS_6,PCCRN,-31.64,N
01/31/2022,14,3,SIL_SILAS_9,PCCRN,-31.64,N
01/31/2022,14,3,SIRIUS_UNIT1,RN,28.93,N
01/31/2022,14,3,SJS_SJS_G1,RN,28.93,N
01/31/2022,14,3,SJS_SJS_G2,RN,28.93,N
01/31/2022,14,3,SKY1,RN,28.93,N
01/31/2022,14,3,SLCN_ESS_ALL,RN,28.93,N
01/31/2022,14,3,SLTFRK_UN1_2,RN,28.93,N
01/31/2022,14,3,SL_PUN1,PUN,28.93,N
01/31/2022,14,3,SL_PUN2,PUN,28.93,N
01/31/2022,14,3,SL_SL_G1,RN,28.93,N
01/31/2022,14,3,SL_SL_G2,RN,28.93,N
01/31/2022,14,3,SL_SL_G3,RN,28.93,N
01/31/2022,14,3,SL_SL_G4,RN,28.93,N
01/31/2022,14,3,SNY_BESS_RN,RN,28.93,N
01/31/2022,14,3,SOLARA_UNIT1,RN,28.93,N
01/31/2022,14,3,SPLAIN1_RN,RN,28.93,N
01/31/2022,14,3,SPLAIN2_RN,RN,28.93,N
01/31/2022,14,3,SPNC_SPNCE_4,RN,28.93,N
01/31/2022,14,3,SPNC_SPNCE_5,RN,28.93,N
01/31/2022,14,3,SPTX12B_RN,RN,28.93,N
01/31/2022,14,3,SRWE1_UNIT1,RN,28.93,N
01/31/2022,14,3,SSPURT_WIND1,RN,28.93,N
01/31/2022,14,3,STEAM_ENG123,RN,28.93,N
01/31/2022,14,3,STEA_STEAM_1,RN,28.93,N
01/31/2022,14,3,STEA_STEAM_2,RN,28.93,N
01/31/2022,14,3,STEA_STEAM_3,RN,28.93,N
01/31/2022,14,3,STELLA_RN,RN,28.93,N
01/31/2022,14,3,STP_STP_G1,RN,28.93,N
01/31/2022,14,3,STP_STP_G2,RN,28.93,N
01/31/2022,14,3,STRATEGC_RN,RN,28.93,N
01/31/2022,14,3,STWF_T1,RN,28.93,N
01/31/2022,14,3,SWEC_G1,RN,28.93,N
01/31/2022,14,3,SWEETWN2_2_4,RN,28.93,N
01/31/2022,14,3,SWEETWN3_3,RN,28.93,N
01/31/2022,14,3,SWEETWND_1,RN,28.93,N
01/31/2022,14,3,SWOOSE1_U1,RN,28.93,N
01/31/2022,14,3,SWOOSEII_RN,RN,28.93,N
01/31/2022,14,3,SWTWN4_WND45,RN,28.93,N
01/31/2022,14,3,SWT_BESS_RN,RN,28.93,N
01/31/2022,14,3,S_HILLS_RN,RN,28.93,N
01/31/2022,14,3,TAHOKA_ALL,RN,28.93,N
01/31/2022,14,3,TAYGETE2_ALL,RN,28.93,N
01/31/2022,14,3,TAYGETE_ALL,RN,28.93,N
01/31/2022,14,3,TC_PUN1,PUN,28.93,N
01/31/2022,14,3,TC_PUN2,PUN,28.93,N
01/31/2022,14,3,TC_TCHP1,RN,28.93,N
01/31/2022,14,3,TEN_CC1,LCCRN,28.93,N
01/31/2022,14,3,TEN_CT1_STG,PCCRN,28.93,N
01/31/2022,14,3,TGCCS_ALL,PCCRN,22.92,N
01/31/2022,14,3,TGCCS_CC1,LCCRN,22.92,N
01/31/2022,14,3,TGF_TGFGT,RN,28.93,N
01/31/2022,14,3,TGW_T1_T2,RN,28.93,N
01/31/2022,14,3,THW_1_CCU,PCCRN,28.93,N
01/31/2022,14,3,THW_2_CCU,PCCRN,28.93,N
01/31/2022,14,3,THW_CC1,LCCRN,28.93,N
01/31/2022,14,3,THW_CC2,LCCRN,28.93,N
01/31/2022,14,3,THW_THWGT5X,RN,28.93,N
01/31/2022,14,3,THW_THWGT_1,RN,28.93,N
01/31/2022,14,3,TI_SOLAR_ALL,RN,28.93,N
01/31/2022,14,3,TKWSW_CHAMP,RN,28.93,N
01/31/2022,14,3,TKWSW_ROSCOE,RN,28.93,N
01/31/2022,14,3,TNP_TNP_O_1,RN,28.93,N
01/31/2022,14,3,TNP_TNP_O_2,RN,28.93,N
01/31/2022,14,3,TNSKA_CC1,LCCRN,28.93,N
01/31/2022,14,3,TNSKA_CCU,PCCRN,28.93,N
01/31/2022,14,3,TOPAZ_ALL,RN,28.93,N
01/31/2022,14,3,TORR_ALL,RN,28.93,N
01/31/2022,14,3,TOYAH_RN,RN,28.93,N
01/31/2022,14,3,TRENT_TRENT,RN,28.93,N
01/31/2022,14,3,TRINITY_ALL,RN,28.93,N
01/31/2022,14,3,TRIPBUT1_RN,RN,28.93,N
01/31/2022,14,3,TRSES_UNIT6,RN,28.93,N
01/31/2022,14,3,TRUENO_ALL,RN,-31.64,N
01/31/2022,14,3,TRUSGILL_RN,RN,28.93,N
01/31/2022,14,3,TTRSW_RN,RN,28.93,N
01/31/2022,14,3,TTWEC_G1,RN,28.93,N
01/31/2022,14,3,TXCTY_CC1,LCCRN,28.93,N
01/31/2022,14,3,TXCTY_CTA,PCCRN,28.93,N
01/31/2022,14,3,TXCTY_CTB,PCCRN,28.93,N
01/31/2022,14,3,TXCTY_CTC,PCCRN,28.93,N
01/31/2022,14,3,TXCTY_ST,PCCRN,28.93,N
01/31/2022,14,3,TYLRWIND_RN,RN,28.93,N
01/31/2022,14,3,T_CK_GT2_RN,RN,28.93,N
01/31/2022,14,3,T_CK_GT3_RN,RN,28.93,N
01/31/2022,14,3,UCC_COG_PUN2,PUN,28.93,N
01/31/2022,14,3,UCC_UCC_C_2,RN,28.93,N
01/31/2022,14,3,VANCOURT_RN,RN,-31.64,N
01/31/2022,14,3,VENADO_ALL,RN,28.93,N
01/31/2022,14,3,VERAWIND_ALL,RN,28.93,N
01/31/2022,14,3,VERTIGO_UN1,RN,28.93,N
01/31/2022,14,3,VICTORIA_CC1,LCCRN,28.93,N
01/31/2022,14,3,VICTPORT_ALL,RN,28.93,N
01/31/2022,14,3,VICTPORT_RN,RN,28.93,N
01/31/2022,14,3,VIC_VICTORG5,PCCRN,28.93,N
01/31/2022,14,3,VIC_VICTORG6,PCCRN,28.93,N
01/31/2022,14,3,VISION_RN,RN,28.93,N
01/31/2022,14,3,VLSES_UNIT3,PCCRN,28.93,N
01/31/2022,14,3,VORT_ALL_RN,RN,28.93,N
01/31/2022,14,3,WAKEWE_ALL,RN,28.93,N
01/31/2022,14,3,WAP_WAPGT_1,RN,28.93,N
01/31/2022,14,3,WAP_WAP_G1,RN,28.93,N
01/31/2022,14,3,WAP_WAP_G2,RN,28.93,N
01/31/2022,14,3,WAP_WAP_G3,RN,28.93,N
01/31/2022,14,3,WAP_WAP_G4,RN,28.93,N
01/31/2022,14,3,WAP_WAP_G5,RN,28.93,N
01/31/2022,14,3,WAP_WAP_G6,RN,28.93,N
01/31/2022,14,3,WAP_WAP_G7,RN,28.93,N
01/31/2022,14,3,WAP_WAP_G8,RN,28.93,N
01/31/2022,14,3,WAYMARK_RN,RN,28.93,N
01/31/2022,14,3,WCPP_CC1,LCCRN,28.93,N
01/31/2022,14,3,WCPP_CT1,PCCRN,28.93,N
01/31/2022,14,3,WCPP_CT2,PCCRN,28.93,N
01/31/2022,14,3,WCPP_ST1,PCCRN,28.93,N
01/31/2022,14,3,WEBBER_WS_T1,RN,28.93,N
01/31/2022,14,3,WEC_WECG1,RN,28.93,N
01/31/2022,14,3,WFCOGEN_13,PCCRN,28.93,N
01/31/2022,14,3,WFCOGEN_24,PCCRN,28.93,N
01/31/2022,14,3,WFCOGEN_CC1,LCCRN,28.93,N
01/31/2022,14,3,WGU_RN,RN,28.93,N
01/31/2022,14,3,WHCCS2_4,PCCRN,28.93,N
01/31/2022,14,3,WHCCS2_5_6,PCCRN,28.93,N
01/31/2022,14,3,WHCCS2_CC2,LCCRN,28.93,N
01/31/2022,14,3,WHCCS_CC1,LCCRN,28.93,N
01/31/2022,14,3,WHCCS_CT1_ST,PCCRN,28.93,N
01/31/2022,14,3,WHCCS_CT2,PCCRN,28.93,N
01/31/2022,14,3,WHITE_PT_UN1,RN,28.93,N
01/31/2022,14,3,WHMESA_U1,RN,28.93,N
01/31/2022,14,3,WHTTAIL_WR1,RN,28.93,N
01/31/2022,14,3,WH_WIND_ALL,RN,28.93,N
01/31/2022,14,3,WILDWIND_ALL,RN,28.93,N
01/31/2022,14,3,WIPOPA_1_2,RN,28.93,N
01/31/2022,14,3,WIPOPA_3_4,RN,28.93,N
01/31/2022,14,3,WIR_WIRTZ_G1,RN,28.93,N
01/31/2022,14,3,WIR_WIRTZ_G2,RN,28.93,N
01/31/2022,14,3,WL_RANCH_RN,RN,28.93,N
01/31/2022,14,3,WNDTS2_UNIT1,RN,28.93,N
01/31/2022,14,3,WND_WHITNEY,RN,28.93,N
01/31/2022,14,3,WOODWRD1_RN,RN,28.93,N
01/31/2022,14,3,WOODWRD2_RN,RN,28.93,N
01/31/2022,14,3,WOO_WOODWRD1,RN,28.93,N
01/31/2022,14,3,WOO_WOODWRD2,RN,28.93,N
01/31/2022,14,3,WOV_BESS_RN,RN,28.93,N
01/31/2022,14,3,WRSBES_BESS1,RN,28.93,N
01/31/2022,14,3,W_PECO_UNIT1,RN,28.93,N
01/31/2022,14,3,X443ESRN,RN,28.93,N
