DeliveryDate,DeliveryHour,DeliveryInterval,SettlementPointName,SettlementPointType,SettlementPointPrice,DSTFlag
01/31/2022,24,2,AEEC,RN,-18.9,N
01/31/2022,24,2,AJAXWIND_RN,RN,-24.59,N
01/31/2022,24,2,ALGOD_ALL_RN,RN,12.17,N
01/31/2022,24,2,ALVIN_RN,RN,17.72,N
01/31/2022,24,2,AMADEUS_ALL,RN,-17.6,N
01/31/2022,24,2,AMISTAD_ALL,RN,-0.91,N
01/31/2022,24,2,AMOCOOIL_CC1,LCCRN,18.12,N
01/31/2022,24,2,AMOCOOIL_CC2,LCCRN,18.12,N
01/31/2022,24,2,AMOCO_PUN1,PUN,18.12,N
01/31/2022,24,2,AMOCO_PUN2,PUN,18.12,N
01/31/2022,24,2,AMO_AMOCO_1,PCCRN,18.12,N
01/31/2022,24,2,AMO_AMOCO_2,PCCRN,18.12,N
01/31/2022,24,2,AMO_AMOCO_5,PCCRN,18.12,N
01/31/2022,24,2,AMO_AMOCO_G1,PCCRN,18.12,N
01/31/2022,24,2,AMO_AMOCO_G2,PCCRN,18.12,N
01/31/2022,24,2,AMO_AMOCO_G3,PCCRN,18.12,N
01/31/2022,24,2,AMO_AMOCO_S1,PCCRN,18.12,N
01/31/2022,24,2,AMO_AMOCO_S2,PCCRN,18.12,N
01/31/2022,24,2,ANACACHO_ANA,RN,3.95,N
01/31/2022,24,2,ANCHOR_ALL,RN,5.19,N
01/31/2022,24,2,ANSON1_ALL,RN,-11.54,N
01/31/2022,24,2,AQUI_ALL,RN,22.54,N
01/31/2022,24,2,ARAGORN_RN,RN,-15.78,N
01/31/2022,24,2,ASTRA_RN,RN,-19.47,N
01/31/2022,24,2,ATK_ATKINSG7,RN,20.37,N
01/31/2022,24,2,AUSTPL_ALL,RN,10.84,N
01/31/2022,24,2,AVIAT_ALL,RN,-16.07,N
01/31/2022,24,2,AZURE_RN,RN,-17.46,N
01/31/2022,24,2,AZ_ALL,RN,18.63,N
01/31/2022,24,2,BAC_RN_ALL,RN,18.12,N
01/31/2022,24,2,BAFFIN_ALL,RN,11.96,N
01/31/2022,24,2,BAIRDWND_ALL,RN,-3.65,N
01/31/2022,24,2,BARROW_ALL,RN,-16.51,N
01/31/2022,24,2,BASTEN_CC1,LCCRN,11.79,N
01/31/2022,24,2,BASTEN_CCU,PCCRN,11.79,N
01/31/2022,24,2,BATCAVE_RN,RN,1.53,N
01/31/2022,24,2,BBREEZE_1_2,RN,11.78,N
01/31/2022,24,2,BCATWD_WD_1,RN,-27.96,N
01/31/2022,24,2,BCK_RN,RN,18.32,N
01/31/2022,24,2,BIGSTAR_ALL,RN,11.52,N
01/31/2022,24,2,BLACKJAK_RN,RN,11.93,N
01/31/2022,24,2,BLSMT1_5_A_6,RN,-21,N
01/31/2022,24,2,BLUEJAY_RN,RN,20.68,N
01/31/2022,24,2,BOOTLEG_UN1,RN,-14.26,N
01/31/2022,24,2,BORDAS_345,RN,11.32,N
01/31/2022,24,2,BOSQUESW_CC1,LCCRN,14.33,N
01/31/2022,24,2,BOSQUESW_CC2,LCCRN,16.38,N
01/31/2022,24,2,BOSQ_BSQSU_5,PCCRN,16.38,N
01/31/2022,24,2,BOSQ_BSQS_12,PCCRN,16.38,N
01/31/2022,24,2,BOSQ_BSQS_34,PCCRN,14.33,N
01/31/2022,24,2,BRANDON_RN,RN,-18.63,N
01/31/2022,24,2,BRAUNIG_CC1,LCCRN,10.19,N
01/31/2022,24,2,BRAUNIG_VHB1,RN,10.03,N
01/31/2022,24,2,BRAUNIG_VHB2,RN,10.03,N
01/31/2022,24,2,BRAUNIG_VHB3,RN,10.03,N
01/31/2022,24,2,BRAZ_WND_ALL,RN,-18.21,N
01/31/2022,24,2,BRA_AVR1_CT2,PCCRN,10.19,N
01/31/2022,24,2,BRA_AVR_CST1,PCCRN,10.19,N
01/31/2022,24,2,BRHEIGHT_RN,RN,18.12,N
01/31/2022,24,2,BRIGHTSD_RN,RN,11.26,N
01/31/2022,24,2,BRISCOE_WIND,RN,-19.55,N
01/31/2022,24,2,BRPANGLE_RN,RN,17.15,N
01/31/2022,24,2,BRPMAGNO_RN,RN,17.96,N
01/31/2022,24,2,BRP_BRAZ_RN,RN,17.17,N
01/31/2022,24,2,BRP_DIKN_RN,RN,18.03,N
01/31/2022,24,2,BRP_LOOP_RN,RN,12.54,N
01/31/2022,24,2,BRP_LOP1_RN,RN,11.35,N
01/31/2022,24,2,BRP_PBL1_RN,RN,4.27,N
01/31/2022,24,2,BRP_PBL2_RN,RN,4.27,N
01/31/2022,24,2,BRP_RN_UNIT1,RN,8.66,N
01/31/2022,24,2,BRP_SEMI_RN,RN,17.91,N
01/31/2022,24,2,BRP_SWNY_RN,RN,17.19,N
01/31/2022,24,2,BRP_ZPT1_RN,RN,11.19,N
01/31/2022,24,2,BRP_ZPT2_RN,RN,11.19,N
01/31/2022,24,2,BRTSW_BCW1,RN,-25.16,N
01/31/2022,24,2,BR_VHB6CT5_6,RN,10.08,N
01/31/2022,24,2,BR_VHB6CT7_8,RN,10.08,N
01/31/2022,24,2,BSS_U1,RN,17.2,N
01/31/2022,24,2,BTE_BTE_G1,PCCRN,18.74,N
01/31/2022,24,2,BTE_BTE_G2,PCCRN,18.74,N
01/31/2022,24,2,BTE_BTE_G3,PCCRN,18.74,N
01/31/2022,24,2,BTE_BTE_G4,PCCRN,18.74,N
01/31/2022,24,2,BTE_CC1,LCCRN,18.74,N
01/31/2022,24,2,BTE_PUN1,PUN,18.74,N
01/31/2022,24,2,BTE_PUN2,PUN,18.74,N
01/31/2022,24,2,BUCHAN_ALL,RN,7.4,N
01/31/2022,24,2,BUCKTHRN_RN,RN,-25.97,N
01/31/2022,24,2,BUFF_GAP_ALL,RN,-19.26,N
01/31/2022,24,2,BULLCRK_1_2,RN,-17.51,N
01/31/2022,24,2,BVE_CC1,LCCRN,18.32,N
01/31/2022,24,2,BVE_UNIT1,PCCRN,18.32,N
01/31/2022,24,2,BVE_UNIT2,PCCRN,18.32,N
01/31/2022,24,2,BVE_UNIT3,PCCRN,18.32,N
01/31/2022,24,2,BYU_BYU_1,RN,18.36,N
01/31/2022,24,2,BYU_BYU_12,PCCRN,18.36,N
01/31/2022,24,2,BYU_BYU_34,PCCRN,18.36,N
01/31/2022,24,2,BYU_BYU_G8,RN,18.36,N
01/31/2022,24,2,BYU_CC1,LCCRN,18.36,N
01/31/2022,24,2,BYU_PUN1,PUN,18.36,N
01/31/2022,24,2,BYU_PUN2,PUN,18.36,N
01/31/2022,24,2,BYU_PUN3,PUN,18.36,N
01/31/2022,24,2,BYU_PUN4,PUN,18.36,N
01/31/2022,24,2,B_DAVIS_3,PCCRN,12.15,N
01/31/2022,24,2,B_DAVIS_4,PCCRN,12.15,N
01/31/2022,24,2,B_DAVIS_CC1,LCCRN,12.15,N
01/31/2022,24,2,B_D_B_DAVIG1,RN,12.15,N
01/31/2022,24,2,B_D_B_DAVIG2,PCCRN,12.15,N
01/31/2022,24,2,CABEZON_ALL,RN,11.34,N
01/31/2022,24,2,CALAVER_JKS1,RN,10.3,N
01/31/2022,24,2,CALAVER_JKS2,RN,10.3,N
01/31/2022,24,2,CALAVER_JTD1,RN,10.01,N
01/31/2022,24,2,CALAVER_JTD2,RN,10.01,N
01/31/2022,24,2,CALAVER_OWS1,RN,10.01,N
01/31/2022,24,2,CALAVER_OWS2,RN,10.01,N
01/31/2022,24,2,CALHOUN_ALL,RN,12.92,N
01/31/2022,24,2,CALLAHA_WND1,RN,-20.05,N
01/31/2022,24,2,CAL_CALGT1,PCCRN,18.65,N
01/31/2022,24,2,CAL_CALSTG1,PCCRN,18.65,N
01/31/2022,24,2,CAL_CC1,LCCRN,18.65,N
01/31/2022,24,2,CAL_PUN1,PUN,18.65,N
01/31/2022,24,2,CAL_PUN2,PUN,18.65,N
01/31/2022,24,2,CAMWIND_RN,RN,11.81,N
01/31/2022,24,2,CAPRIDG4_CR4,RN,-16.07,N
01/31/2022,24,2,CAPRIDGE_ALL,RN,-16.07,N
01/31/2022,24,2,CARBN_BSP_1,RN,-17.57,N
01/31/2022,24,2,CASL_GAP_UN1,RN,-15.39,N
01/31/2022,24,2,CBECII_1,RN,16.15,N
01/31/2022,24,2,CBECII_2,RN,16.15,N
01/31/2022,24,2,CBECII_89,PCCRN,16.15,N
01/31/2022,24,2,CBECII_CC3,LCCRN,16.15,N
01/31/2022,24,2,CBECII_CT7,PCCRN,16.15,N
01/31/2022,24,2,CBEC_ALL,PCCRN,15.57,N
01/31/2022,24,2,CBEC_CC1,LCCRN,15.57,N
01/31/2022,24,2,CBEC_CC2,LCCRN,15.57,N
01/31/2022,24,2,CBY4_ALL,PCCRN,18.71,N
01/31/2022,24,2,CBY4_CC1,LCCRN,18.71,N
01/31/2022,24,2,CBY_CBY_G1,RN,18.68,N
01/31/2022,24,2,CBY_CBY_G2,RN,18.68,N
01/31/2022,24,2,CCEC_CC1,LCCRN,12.17,N
01/31/2022,24,2,CCEC_GT1,PCCRN,12.17,N
01/31/2022,24,2,CCEC_GT2,PCCRN,12.17,N
01/31/2022,24,2,CCEC_PUN1,PUN,12.17,N
01/31/2022,24,2,CCEC_PUN2,PUN,12.17,N
01/31/2022,24,2,CCEC_ST1,PCCRN,12.17,N
01/31/2022,24,2,CEDROHI_CHW1,RN,11.14,N
01/31/2022,24,2,CFLATS_UNIT,RN,-8.48,N
01/31/2022,24,2,CHALUP_ALL,RN,11.81,N
01/31/2022,24,2,CHAMON_UN1,RN,18.79,N
01/31/2022,24,2,CHAMON_UN2,RN,18.79,N
01/31/2022,24,2,CHEDPW_GT2,PCCRN,18.97,N
01/31/2022,24,2,CHE_CC1,LCCRN,18.96,N
01/31/2022,24,2,CHE_LYD,PCCRN,18.93,N
01/31/2022,24,2,CHE_LYD2,PCCRN,18.93,N
01/31/2022,24,2,CHE_PUN1,PUN,18.93,N
01/31/2022,24,2,CHE_PUN2,PUN,18.93,N
01/31/2022,24,2,CHISMGRD_RN,RN,-10.19,N
01/31/2022,24,2,CITYVICT_ALL,RN,12.54,N
01/31/2022,24,2,CN_BRKS_UNT1,RN,-19.51,N
01/31/2022,24,2,COL_COLETOG1,RN,11.7,N
01/31/2022,24,2,CONIGLIO_RN,RN,17.26,N
01/31/2022,24,2,CORAZON_RN,RN,11.11,N
01/31/2022,24,2,COTPLNS_RN,RN,-19.22,N
01/31/2022,24,2,COTTON_PAP2,RN,12.28,N
01/31/2022,24,2,CPSES_UNIT1,RN,-64.67,N
01/31/2022,24,2,CPSES_UNIT2,RN,-64.67,N
01/31/2022,24,2,CRANELL_ALL,RN,11.93,N
01/31/2022,24,2,CROSSETT_ALL,RN,-14.94,N
01/31/2022,24,2,CSC_CSECG1_2,RN,-18.18,N
01/31/2022,24,2,CVC_CC1,LCCRN,18.97,N
01/31/2022,24,2,CVC_CVCG1_5,PCCRN,18.97,N
01/31/2022,24,2,CVC_CVC_G2,PCCRN,18.97,N
01/31/2022,24,2,CVC_CVC_G3,PCCRN,18.97,N
01/31/2022,24,2,DANSBY_ALL,RN,20.24,N
01/31/2022,24,2,DC2SES_ALL,RN,-42.3,N
01/31/2022,24,2,DC_E,LZ_DC,20.5,N
01/31/2022,24,2,DC_E,LZ_DCEW,20.5,N
01/31/2022,24,2,DC_L,LZ_DC,10.84,N
01/31/2022,24,2,DC_L,LZ_DCEW,10.84,N
01/31/2022,24,2,DC_N,LZ_DC,-21.48,N
01/31/2022,24,2,DC_N,LZ_DCEW,-21.48,N
01/31/2022,24,2,DC_R,LZ_DCEW,11.7,N
01/31/2022,24,2,DC_R,LZ_DC,11.7,N
01/31/2022,24,2,DC_S,LZ_DCEW,3.44,N
01/31/2022,24,2,DC_S,LZ_DC,3.44,N
01/31/2022,24,2,DDPEC_CC1,LCCRN,18.45,N
01/31/2022,24,2,DDPEC_GT1,PCCRN,18.45,N
01/31/2022,24,2,DDPEC_GT2,PCCRN,18.45,N
01/31/2022,24,2,DDPEC_GT3,PCCRN,18.45,N
01/31/2022,24,2,DDPEC_GT4,PCCRN,18.45,N
01/31/2022,24,2,DDPEC_GT6,PCCRN,18.45,N
01/31/2022,24,2,DDPEC_ST1,PCCRN,18.45,N
01/31/2022,24,2,DECKER_DPG1,RN,11.06,N
01/31/2022,24,2,DECKER_DPG2,RN,11.06,N
01/31/2022,24,2,DECKER_GT,RN,11.32,N
01/31/2022,24,2,DENISON_G1_2,RN,14.81,N
01/31/2022,24,2,DERMOTT_ALL,RN,-17.85,N
01/31/2022,24,2,DIB_CC1,LCCRN,18.58,N
01/31/2022,24,2,DIB_DIB_G1,PCCRN,18.58,N
01/31/2022,24,2,DIB_DIB_G2,PCCRN,18.58,N
01/31/2022,24,2,DIB_DIB_G3,PCCRN,18.58,N
01/31/2022,24,2,DIB_DIB_G4,PCCRN,18.58,N
01/31/2022,24,2,DIB_PUN1,PUN,18.58,N
01/31/2022,24,2,DIB_PUN2,PUN,18.58,N
01/31/2022,24,2,DOWGEN_PUN1,PUN,16.72,N
01/31/2022,24,2,DOWGEN_PUN2,PUN,16.72,N
01/31/2022,24,2,DOWGEN_PUN3,PUN,16.72,N
01/31/2022,24,2,DOW_61_2_63,RN,16.72,N
01/31/2022,24,2,DOW_64,RN,16.72,N
01/31/2022,24,2,DOW_81_2_84,RN,16.72,N
01/31/2022,24,2,DOW_G37_G35,RN,16.72,N
01/31/2022,24,2,DOW_G66_ST65,RN,16.72,N
01/31/2022,24,2,DOW_G67,RN,16.72,N
01/31/2022,24,2,DOW_G96_ST95,RN,16.72,N
01/31/2022,24,2,DUKE_CC1,LCCRN,11.72,N
01/31/2022,24,2,DUKE_GST1CCU,PCCRN,11.72,N
01/31/2022,24,2,DUKE_GT2_CCU,PCCRN,11.72,N
01/31/2022,24,2,DUP_PUN1,PUN,12.54,N
01/31/2022,24,2,DUP_PUN2,PUN,12.54,N
01/31/2022,24,2,DUP_PUN3,PUN,12.54,N
01/31/2022,24,2,DUP_PUN4,PUN,12.54,N
01/31/2022,24,2,ECLIPSE_UN1,RN,2.5,N
01/31/2022,24,2,ELB_ELBCREEK,RN,-17.39,N
01/31/2022,24,2,ELECTRAW_1_2,RN,-21.49,N
01/31/2022,24,2,EL_RAYO_ALL,RN,11.8,N
01/31/2022,24,2,ENAS_ENA1,RN,-18.21,N
01/31/2022,24,2,ERSL_RN,RN,8.85,N
01/31/2022,24,2,ETCCS_CC1,LCCRN,35.12,N
01/31/2022,24,2,ETCCS_CCU,PCCRN,35.12,N
01/31/2022,24,2,EUNICE_ALL,RN,-16.65,N
01/31/2022,24,2,EXGNSND_RN,RN,11.19,N
01/31/2022,24,2,EXGNWTL_1,RN,11.14,N
01/31/2022,24,2,EXN_14,RN,18.69,N
01/31/2022,24,2,EXN_1_3,RN,18.69,N
01/31/2022,24,2,EXN_4,RN,18.69,N
01/31/2022,24,2,EXN_8,RN,18.69,N
01/31/2022,24,2,EXN_9_13,RN,18.69,N
01/31/2022,24,2,EXN_PUN1,PUN,18.69,N
01/31/2022,24,2,EXN_PUN2,PUN,18.69,N
01/31/2022,24,2,EXN_PUN3,PUN,18.69,N
01/31/2022,24,2,E_BLACK_RN,RN,11.23,N
01/31/2022,24,2,FAL_FALCONG1,RN,11.43,N
01/31/2022,24,2,FAL_FALCONG2,RN,11.43,N
01/31/2022,24,2,FAL_FALCONG3,RN,11.43,N
01/31/2022,24,2,FEGC_RN,RN,18.18,N
01/31/2022,24,2,FERGCC_CC1,LCCRN,6.92,N
01/31/2022,24,2,FERGCC_GT1_1,PCCRN,6.92,N
01/31/2022,24,2,FERGCC_GT2_3,PCCRN,6.92,N
01/31/2022,24,2,FERGCC_ST1_5,PCCRN,6.92,N
01/31/2022,24,2,FERMI_ALL,RN,-4.78,N
01/31/2022,24,2,FLCNS_CC1,LCCRN,-17.53,N
01/31/2022,24,2,FLCNS_UNIT1,PCCRN,-17.53,N
01/31/2022,24,2,FLCNS_UNIT2,PCCRN,-17.53,N
01/31/2022,24,2,FLCNS_UNIT3,PCCRN,-17.53,N
01/31/2022,24,2,FLOWERII_RN,RN,-15.5,N
01/31/2022,24,2,FLTBES1,RN,-15.5,N
01/31/2022,24,2,FLTCK_SSI,RN,-26.6,N
01/31/2022,24,2,FLUVANNA_1_2,RN,-17.93,N
01/31/2022,24,2,FLVABES1_ESR,RN,-15.5,N
01/31/2022,24,2,FOARDCTY_ALL,RN,-19.66,N
01/31/2022,24,2,FORMOSA_CC1,LCCRN,12.98,N
01/31/2022,24,2,FORMOSA_CC2,LCCRN,12.98,N
01/31/2022,24,2,FORMOSA_PUN1,PUN,12.98,N
01/31/2022,24,2,FORMOSA_PUN2,PUN,12.98,N
01/31/2022,24,2,FO_FORMOSA11,RN,12.98,N
01/31/2022,24,2,FO_FORMOSA12,RN,12.98,N
01/31/2022,24,2,FO_FORMOSG1,PCCRN,12.98,N
01/31/2022,24,2,FO_FORMOSG10,PCCRN,12.98,N
01/31/2022,24,2,FO_FORMOSG13,PCCRN,12.98,N
01/31/2022,24,2,FO_FORMOSG14,PCCRN,12.98,N
01/31/2022,24,2,FO_FORMOSG15,PCCRN,12.98,N
01/31/2022,24,2,FO_FORMOSG2,PCCRN,12.98,N
01/31/2022,24,2,FO_FORMOSG3,PCCRN,12.98,N
01/31/2022,24,2,FO_FORMOSG4,PCCRN,12.98,N
01/31/2022,24,2,FO_FORMOSG5,PCCRN,12.98,N
01/31/2022,24,2,FO_FORMOSG6,PCCRN,12.98,N
01/31/2022,24,2,FO_FORMOSG7,PCCRN,12.98,N
01/31/2022,24,2,FO_FORMOSG8,RN,12.98,N
01/31/2022,24,2,FO_FORMOSG9,PCCRN,12.98,N
01/31/2022,24,2,FPPYD_FPP_G1,RN,12.87,N
01/31/2022,24,2,FPPYD_FPP_G2,RN,12.87,N
01/31/2022,24,2,FPPYD_FPP_G3,RN,12.87,N
01/31/2022,24,2,FREC_1_CCU,PCCRN,27.75,N
01/31/2022,24,2,FREC_2_CCU,PCCRN,27.62,N
01/31/2022,24,2,FREC_CC1,LCCRN,27.75,N
01/31/2022,24,2,FREC_CC2,LCCRN,27.62,N
01/31/2022,24,2,FRNYPP_1_CCU,PCCRN,28.5,N
01/31/2022,24,2,FRNYPP_2_CCU,PCCRN,28.5,N
01/31/2022,24,2,FRNYPP_CC1,LCCRN,28.5,N
01/31/2022,24,2,FRNYPP_CC2,LCCRN,28.5,N
01/31/2022,24,2,FTR_CC1,LCCRN,20.53,N
01/31/2022,24,2,FTR_FTR_G1_4,PCCRN,20.53,N
01/31/2022,24,2,FTWIND_UNIT1,RN,-35.98,N
01/31/2022,24,2,FWLR_SLR_1,RN,-15.05,N
01/31/2022,24,2,GALO_RN1,RN,-16.76,N
01/31/2022,24,2,GAMBIT_RN,RN,17.15,N
01/31/2022,24,2,GBY_GT,RN,18.7,N
01/31/2022,24,2,GID_GIDEONG1,RN,11.9,N
01/31/2022,24,2,GID_GIDEONG2,RN,11.9,N
01/31/2022,24,2,GID_GIDEONG3,RN,11.9,N
01/31/2022,24,2,GOA_GOATWIND,RN,-16.4,N
01/31/2022,24,2,GPASTURE_ALL,RN,-21.36,N
01/31/2022,24,2,GRANDVW1_A_B,RN,-19.62,N
01/31/2022,24,2,GREASWOD_ALL,RN,-14.36,N
01/31/2022,24,2,GRIF_TRL_RN,RN,-18.84,N
01/31/2022,24,2,GRSES_UNIT1,RN,-31.49,N
01/31/2022,24,2,GRSES_UNIT2,RN,-36.85,N
01/31/2022,24,2,GUADG_CC1,LCCRN,10.33,N
01/31/2022,24,2,GUADG_CC2,LCCRN,10.33,N
01/31/2022,24,2,GUADG_CCU1,PCCRN,10.33,N
01/31/2022,24,2,GUADG_CCU2,PCCRN,10.33,N
01/31/2022,24,2,GUNMTN_NODE,RN,-17.48,N
01/31/2022,24,2,GWEC_G1,RN,-36.62,N
01/31/2022,24,2,HAYSEN1_2,RN,9.48,N
01/31/2022,24,2,HAYSEN3_4,RN,9.48,N
01/31/2022,24,2,HB_BUSAVG,SH,10.75,N
01/31/2022,24,2,HB_HOUSTON,HU,18.66,N
01/31/2022,24,2,HB_HUBAVG,AH,6.13,N
01/31/2022,24,2,HB_NORTH,HU,15.83,N
01/31/2022,24,2,HB_PAN,HU,-19.54,N
01/31/2022,24,2,HB_SOUTH,HU,11.21,N
01/31/2022,24,2,HB_WEST,HU,-21.17,N
01/31/2022,24,2,HELIOS_RN,RN,7.44,N
01/31/2022,24,2,HHGT_KENDAL,RN,1.23,N
01/31/2022,24,2,HHOLLW2_WND1,RN,-19.26,N
01/31/2022,24,2,HHOLLW3_WND1,RN,-19.26,N
01/31/2022,24,2,HHOLLW4_WND1,RN,-19.26,N
01/31/2022,24,2,HICK_G1_G2,RN,-11.74,N
01/31/2022,24,2,HI_LONE_ALL,RN,-13.25,N
01/31/2022,24,2,HLSES_UNIT3,RN,223.93,N
01/31/2022,24,2,HLSES_UNIT4,RN,223.93,N
01/31/2022,24,2,HLSES_UNIT5,RN,223.93,N
01/31/2022,24,2,HOLSTEIN_ALL,RN,-19.22,N
01/31/2022,24,2,HORSCR_RN,RN,-14.71,N
01/31/2022,24,2,HORSECRK_RN,RN,-18.2,N
01/31/2022,24,2,HOVEY_GEN,RN,-15.1,N
01/31/2022,24,2,HRBESS_BESS,RN,-15.08,N
01/31/2022,24,2,HRFDWIND_ALL,RN,-19.47,N
01/31/2022,24,2,HWF_HWFG1,RN,-26.41,N
01/31/2022,24,2,H_HOLLO_WND1,RN,-19.26,N
01/31/2022,24,2,IMP_RN1,RN,18.85,N
01/31/2022,24,2,INDNENR_1_RN,RN,-13.9,N
01/31/2022,24,2,INDNENR_2_RN,RN,-14.26,N
01/31/2022,24,2,INDNNWP_RN,RN,-14.14,N
01/31/2022,24,2,INDN_INDNNWP,RN,-14.14,N
01/31/2022,24,2,IND_INADALE1,RN,-18.61,N
01/31/2022,24,2,INGLCOSW_CC1,LCCRN,12.46,N
01/31/2022,24,2,INGLCOSW_STG,PCCRN,12.46,N
01/31/2022,24,2,INGLCOS_CTG1,PCCRN,12.46,N
01/31/2022,24,2,INGLCOS_CTG2,PCCRN,12.46,N
01/31/2022,24,2,INGLCO_PUN1,PUN,12.46,N
01/31/2022,24,2,INGLCO_PUN2,PUN,12.46,N
01/31/2022,24,2,INGLCO_PUN3,PUN,12.46,N
01/31/2022,24,2,INKS_INKS_G1,RN,6.43,N
01/31/2022,24,2,IN_INDNENR,RN,-13.9,N
01/31/2022,24,2,IN_INDNENR_2,RN,-14.26,N
01/31/2022,24,2,JACKCNTY_CC1,LCCRN,-15.19,N
01/31/2022,24,2,JACKCNTY_CT1,PCCRN,-15.19,N
01/31/2022,24,2,JACKCNTY_CT2,PCCRN,-15.19,N
01/31/2022,24,2,JACKCNTY_STG,PCCRN,-15.19,N
01/31/2022,24,2,JCKCNTY2_CC1,LCCRN,-38.54,N
01/31/2022,24,2,JCKCNTY2_CT3,PCCRN,-38.54,N
01/31/2022,24,2,JCKCNTY2_CT4,PCCRN,-38.54,N
01/31/2022,24,2,JCKCNTY2_ST2,PCCRN,-38.54,N
01/31/2022,24,2,JC_BAT_RN,RN,7.24,N
01/31/2022,24,2,JUNO_ALL,RN,-17.42,N
01/31/2022,24,2,KARAKAW1_1,RN,12.17,N
01/31/2022,24,2,KARAKAW2_1,RN,12.17,N
01/31/2022,24,2,KEECHI_U1,RN,-15.19,N
01/31/2022,24,2,KELAMSL_U1,RN,28.75,N
01/31/2022,24,2,KEO_KEO_SM1,RN,-14.71,N
01/31/2022,24,2,KINGE_ALL,RN,-14.62,N
01/31/2022,24,2,KINGW_ALL,RN,-15.39,N
01/31/2022,24,2,KING_KINGNE,RN,-14.62,N
01/31/2022,24,2,KING_KINGNW,RN,-15.39,N
01/31/2022,24,2,KING_KINGSE,RN,-14.62,N
01/31/2022,24,2,KING_KINGSW,RN,-15.39,N
01/31/2022,24,2,KMCHI_CC1,LCCRN,16.95,N
01/31/2022,24,2,KMCHI_CC2,LCCRN,16.95,N
01/31/2022,24,2,LAMESASLR_G,RN,-17.26,N
01/31/2022,24,2,LAPETUS_U1,RN,-16.52,N
01/31/2022,24,2,LARDVFTN_G4,RN,10.84,N
01/31/2022,24,2,LARDVFTN_G5,RN,10.84,N
01/31/2022,24,2,LASSO_GEN,RN,-14.98,N
01/31/2022,24,2,LEG_LEG_G1,RN,23.36,N
01/31/2022,24,2,LEG_LEG_G2,RN,23.36,N
01/31/2022,24,2,LEONLCPCT1_2,RN,9.92,N
01/31/2022,24,2,LEONLCPCT3_4,RN,9.92,N
01/31/2022,24,2,LGDRAW_S_ALL,RN,-17.42,N
01/31/2022,24,2,LGD_LANGFORD,RN,-13.41,N
01/31/2022,24,2,LGE_CC1,LCCRN,12.46,N
01/31/2022,24,2,LGE_LGE_GT1,PCCRN,12.46,N
01/31/2022,24,2,LGE_LGE_GT2,PCCRN,12.46,N
01/31/2022,24,2,LGE_LGE_STG,PCCRN,12.46,N
01/31/2022,24,2,LGE_PUN1,RN,12.46,N
01/31/2022,24,2,LGE_PUN2,RN,12.46,N
01/31/2022,24,2,LGW_UNIT_ALL,RN,-36.62,N
01/31/2022,24,2,LHM_CVC_G4,RN,18.78,N
01/31/2022,24,2,LHM_PUN1,PUN,18.78,N
01/31/2022,24,2,LHM_PUN2,PUN,18.78,N
01/31/2022,24,2,LHORN_N_U1_2,RN,-19.55,N
01/31/2022,24,2,LHSES_UNIT1,RN,29.17,N
01/31/2022,24,2,LHSES_UNIT2,RN,29.17,N
01/31/2022,24,2,LILY_RN,RN,28.81,N
01/31/2022,24,2,LMAJADAS_ALL,RN,11.83,N
01/31/2022,24,2,LNCRK_ALL,RN,-23.35,N
01/31/2022,24,2,LONEWOLF_ALL,RN,-18.41,N
01/31/2022,24,2,LOSTPI_CC1,LCCRN,12.54,N
01/31/2022,24,2,LOS_LOSTPGT1,PCCRN,12.54,N
01/31/2022,24,2,LOS_LOSTPGT2,PCCRN,12.54,N
01/31/2022,24,2,LOS_LOSTPST1,PCCRN,12.54,N
01/31/2022,24,2,LPCCS_CC1,LCCRN,18.07,N
01/31/2022,24,2,LPCCS_CC2,LCCRN,18.07,N
01/31/2022,24,2,LPCCS_CT11,PCCRN,18.07,N
01/31/2022,24,2,LPCCS_CT12,PCCRN,18.07,N
01/31/2022,24,2,LPCCS_CT21,PCCRN,18.07,N
01/31/2022,24,2,LPCCS_CT22,PCCRN,18.07,N
01/31/2022,24,2,LPCCS_UNIT1,PCCRN,18.07,N
01/31/2022,24,2,LPCCS_UNIT2,PCCRN,18.07,N
01/31/2022,24,2,LV1A_LV1B,RN,11.81,N
01/31/2022,24,2,LV3_UNIT1,RN,11.34,N
01/31/2022,24,2,LV4_UNIT_1,RN,11.34,N
01/31/2022,24,2,LV5_UNIT1,RN,11.59,N
01/31/2022,24,2,LZ_AEN,LZ,10.84,N
01/31/2022,24,2,LZ_AEN,LZEW,10.84,N
01/31/2022,24,2,LZ_CPS,LZ,9.93,N
01/31/2022,24,2,LZ_CPS,LZEW,9.94,N
01/31/2022,24,2,LZ_HOUSTON,LZEW,18.29,N
01/31/2022,24,2,LZ_HOUSTON,LZ,18.28,N
01/31/2022,24,2,LZ_LCRA,LZEW,9.39,N
01/31/2022,24,2,LZ_LCRA,LZ,9.37,N
01/31/2022,24,2,LZ_NORTH,LZ,22.95,N
01/31/2022,24,2,LZ_NORTH,LZEW,22.97,N
01/31/2022,24,2,LZ_RAYBN,LZ,23.27,N
01/31/2022,24,2,LZ_RAYBN,LZEW,23.29,N
01/31/2022,24,2,LZ_SOUTH,LZEW,11.37,N
01/31/2022,24,2,LZ_SOUTH,LZ,11.34,N
01/31/2022,24,2,LZ_WEST,LZ,-17.3,N
01/31/2022,24,2,LZ_WEST,LZEW,-17.3,N
01/31/2022,24,2,MADERO_RN,RN,11.7,N
01/31/2022,24,2,MARBFA,RN,8.05,N
01/31/2022,24,2,MARIAH_ALL,RN,-19.47,N
01/31/2022,24,2,MAR_MARSFOG1,RN,10.42,N
01/31/2022,24,2,MAR_MARSFOG2,RN,10.42,N
01/31/2022,24,2,MAR_MARSFOG3,RN,10.42,N
01/31/2022,24,2,MASSENGL_CC1,LCCRN,-18.69,N
01/31/2022,24,2,MASSENGL_G6,PCCRN,-18.63,N
01/31/2022,24,2,MASSENGL_G7,PCCRN,-18.63,N
01/31/2022,24,2,MASSENGL_G8,PCCRN,-18.69,N
01/31/2022,24,2,MAVCRK_W_ALL,RN,-16.76,N
01/31/2022,24,2,MCDLD_FCSBW1,RN,-17.19,N
01/31/2022,24,2,MCSES_UNIT6,RN,48.76,N
01/31/2022,24,2,MCSES_UNIT7,RN,48.76,N
01/31/2022,24,2,MCSES_UNIT8,RN,48.76,N
01/31/2022,24,2,MDANP_CT1_2,RN,36.57,N
01/31/2022,24,2,MDANP_CT3_4,RN,31.9,N
01/31/2022,24,2,MDANP_CT5_6,RN,31.9,N
01/31/2022,24,2,MESQCRK_ALL,RN,-17.42,N
01/31/2022,24,2,MESTENO_RN,RN,11.34,N
01/31/2022,24,2,MGSES_CT123,RN,-18.01,N
01/31/2022,24,2,MGSES_CT456,RN,-18.01,N
01/31/2022,24,2,MIAM1_G1_G2,RN,-19.74,N
01/31/2022,24,2,MIL_MILG1_2,RN,-24.47,N
01/31/2022,24,2,MIL_MILG345,RN,-24.47,N
01/31/2022,24,2,MIRAGE_G1,RN,18.39,N
01/31/2022,24,2,MIRASOLE_GEN,RN,11.5,N
01/31/2022,24,2,MISAE_GEN_RN,RN,-20.05,N
01/31/2022,24,2,MLSES_UNIT1,RN,29.2,N
01/31/2022,24,2,MLSES_UNIT2,RN,29.2,N
01/31/2022,24,2,MLSES_UNIT3,RN,29.2,N
01/31/2022,24,2,MOZART_WIND1,RN,-20.25,N
01/31/2022,24,2,MWEC_G1,RN,-19.63,N
01/31/2022,24,2,NACPW_UNIT1,RN,28.91,N
01/31/2022,24,2,NBOHR_RN,RN,-16.61,N
01/31/2022,24,2,NCARBIDEG8,RN,12.54,N
01/31/2022,24,2,NCARBIDE_1_7,RN,12.54,N
01/31/2022,24,2,NCARBID_PUN1,PUN,12.54,N
01/31/2022,24,2,NCARBID_PUN2,PUN,12.54,N
01/31/2022,24,2,NCO_RN,RN,17.21,N
01/31/2022,24,2,NEBULA_RN,RN,11.79,N
01/31/2022,24,2,NEDIN_CC1,LCCRN,11.72,N
01/31/2022,24,2,NED_NEDIN_G1,PCCRN,11.72,N
01/31/2022,24,2,NED_NEDIN_G2,PCCRN,11.72,N
01/31/2022,24,2,NED_NEDIN_G3,PCCRN,11.72,N
01/31/2022,24,2,NF_BRP_RN,RN,9.81,N
01/31/2022,24,2,NOBLESLR_ALL,RN,-4.2,N
01/31/2022,24,2,NUECES_B_CC1,LCCRN,12.18,N
01/31/2022,24,2,NUE_NUECESG7,PCCRN,12.17,N
01/31/2022,24,2,NUE_NUECESG8,PCCRN,12.18,N
01/31/2022,24,2,NUE_NUECESG9,PCCRN,12.18,N
01/31/2022,24,2,NWF_NWF1,RN,-16.4,N
01/31/2022,24,2,OBERON_U1,RN,-16.31,N
01/31/2022,24,2,ODESW_RN,RN,-16.45,N
01/31/2022,24,2,OECCS_1,PCCRN,-16.49,N
01/31/2022,24,2,OECCS_2,PCCRN,-16.49,N
01/31/2022,24,2,OECCS_CC1,LCCRN,-16.49,N
01/31/2022,24,2,OECCS_CC2,LCCRN,-16.49,N
01/31/2022,24,2,OGSES_1,RN,20.55,N
01/31/2022,24,2,OGSES_2,RN,20.55,N
01/31/2022,24,2,OKLA_OKLA_G1,RN,-21.48,N
01/31/2022,24,2,OLIN_OLING_1,RN,24.74,N
01/31/2022,24,2,OLIN_OLING_2,RN,24.74,N
01/31/2022,24,2,OLIN_OLING_3,RN,24.74,N
01/31/2022,24,2,OLIN_OLING_4,RN,24.74,N
01/31/2022,24,2,OWF_OWF,RN,-17.06,N
01/31/2022,24,2,OXY_OXY_CCG1,RN,12.15,N
01/31/2022,24,2,OXY_PUN1,PUN,12.15,N
01/31/2022,24,2,OXY_PUN2,PUN,12.15,N
01/31/2022,24,2,PALMWI_UNIT1,RN,11.81,N
01/31/2022,24,2,PANDA_S_CC1,LCCRN,14,N
01/31/2022,24,2,PANDA_S_CT1,PCCRN,14,N
01/31/2022,24,2,PANDA_S_CT2,PCCRN,14,N
01/31/2022,24,2,PANDA_S_ST1,PCCRN,14,N
01/31/2022,24,2,PANDA_T1_CC1,LCCRN,14.12,N
01/31/2022,24,2,PANDA_T1_CT1,PCCRN,14.12,N
01/31/2022,24,2,PANDA_T1_CT2,PCCRN,14.12,N
01/31/2022,24,2,PANDA_T1_ST1,PCCRN,14.12,N
01/31/2022,24,2,PANDA_T2_CC1,LCCRN,14.12,N
01/31/2022,24,2,PANDA_T2_CT1,PCCRN,14.12,N
01/31/2022,24,2,PANDA_T2_CT2,PCCRN,14.12,N
01/31/2022,24,2,PANDA_T2_ST1,PCCRN,14.12,N
01/31/2022,24,2,PAP1_PAP1,RN,12.28,N
01/31/2022,24,2,PB2SES_CT1,RN,-16.09,N
01/31/2022,24,2,PB2SES_CT2,RN,-16.09,N
01/31/2022,24,2,PB2SES_CT3,RN,-16.09,N
01/31/2022,24,2,PB2SES_CT4,RN,-16.09,N
01/31/2022,24,2,PB2SES_CT5,RN,-16.09,N
01/31/2022,24,2,PC_NORTH_1,RN,-17.39,N
01/31/2022,24,2,PC_SOUTH_ALL,RN,-17.39,N
01/31/2022,24,2,PEARSA_1_24,RN,9.13,N
01/31/2022,24,2,PENA_ALL,RN,11.96,N
01/31/2022,24,2,PES1_RN,RN,18.18,N
01/31/2022,24,2,PEY_RN,RN,15.77,N
01/31/2022,24,2,PH1_UNIT1_2,RN,-19.69,N
01/31/2022,24,2,PH2_U1_U2,RN,-19.69,N
01/31/2022,24,2,PHILLWND_ALL,RN,18.9,N
01/31/2022,24,2,PHOEBE_ALL,RN,-16.2,N
01/31/2022,24,2,PHOENIX_RN,RN,16.87,N
01/31/2022,24,2,PLN_ALL,RN,15.77,N
01/31/2022,24,2,PNPI_GT2_RN,RN,18.12,N
01/31/2022,24,2,PRID_RN,RN,-8.45,N
01/31/2022,24,2,PROSPERO_ALL,RN,-16.61,N
01/31/2022,24,2,PRO_RN,RN,18.18,N
01/31/2022,24,2,PRSPERO2_ALL,RN,-16.61,N
01/31/2022,24,2,PR_PR_ALL,RN,18.66,N
01/31/2022,24,2,PR_PR_G2,RN,18.66,N
01/31/2022,24,2,PSA_CC1,LCCRN,18.78,N
01/31/2022,24,2,PSA_PSA_G1,PCCRN,18.78,N
01/31/2022,24,2,PSA_PSA_G2,PCCRN,18.78,N
01/31/2022,24,2,PSA_PSA_G3,PCCRN,18.78,N
01/31/2022,24,2,PSA_PSA_G4,PCCRN,18.78,N
01/31/2022,24,2,PSA_PSA_G5,PCCRN,18.78,N
01/31/2022,24,2,PSA_PSA_G6,PCCRN,18.78,N
01/31/2022,24,2,PSA_PSA_G7,PCCRN,18.78,N
01/31/2022,24,2,PSA_PUN1,PUN,18.78,N
01/31/2022,24,2,PSA_PUN2,PUN,18.78,N
01/31/2022,24,2,PSA_PUN3,PUN,18.78,N
01/31/2022,24,2,PSA_PUN4,PUN,18.78,N
01/31/2022,24,2,PSA_PUN5,PUN,18.78,N
01/31/2022,24,2,PSG_CC1,LCCRN,18.63,N
01/31/2022,24,2,PSG_PSG_GT2,PCCRN,18.63,N
01/31/2022,24,2,PSG_PSG_GT3,PCCRN,18.63,N
01/31/2022,24,2,PSG_PSG_ST1,PCCRN,18.63,N
01/31/2022,24,2,PTLBES_BESS1,RN,12.54,N
01/31/2022,24,2,PYR_PYRON1,RN,-18.61,N
01/31/2022,24,2,QALSW_ALL,PCCRN,-16.5,N
01/31/2022,24,2,QALSW_CC1,LCCRN,-16.5,N
01/31/2022,24,2,QALSW_CC2,LCCRN,-16.5,N
01/31/2022,24,2,QUEEN_BA_RN,RN,-15.05,N
01/31/2022,24,2,QUEEN_SL_RN,RN,-15.05,N
01/31/2022,24,2,RAB_G1-8,RN,18.32,N
01/31/2022,24,2,RAMBLER_UNIT,RN,-15.03,N
01/31/2022,24,2,RANCHERO_ALL,RN,-12.49,N
01/31/2022,24,2,RAYBURN_CC1,LCCRN,12.54,N
01/31/2022,24,2,RAYBURN_G1_2,RN,12.54,N
01/31/2022,24,2,RAYB_G78910,PCCRN,12.54,N
01/31/2022,24,2,RDCAN_RDCNY1,RN,-18.39,N
01/31/2022,24,2,REDBARN_RN,RN,-14.26,N
01/31/2022,24,2,REDFISH_ALL,RN,11.83,N
01/31/2022,24,2,REDGATE_ALL,RN,11.71,N
01/31/2022,24,2,REDGATE_RN,RN,11.71,N
01/31/2022,24,2,RELOJ_ALL,RN,11.32,N
01/31/2022,24,2,REROCK_ALL,RN,-15.1,N
01/31/2022,24,2,RHESS2_ESS1,RN,10.66,N
01/31/2022,24,2,RHESS_1,RN,10.66,N
01/31/2022,24,2,RIGGIN_UNIT1,RN,-14.88,N
01/31/2022,24,2,RIONOG_CC1,LCCRN,10.02,N
01/31/2022,24,2,RIONOG_CT1,PCCRN,10.02,N
01/31/2022,24,2,RIONOG_CT2,PCCRN,10.02,N
01/31/2022,24,2,RIONOG_CT3,PCCRN,10.02,N
01/31/2022,24,2,RIONOG_ST1,PCCRN,10.02,N
01/31/2022,24,2,RIPPEY_ALL,RN,1.81,N
01/31/2022,24,2,RN_APOGEE,RN,-21.24,N
01/31/2022,24,2,RN_BYU_G8,PCCRN,18.36,N
01/31/2022,24,2,RN_DEC_AGR_A,RN,-0.36,N
01/31/2022,24,2,RN_DEC_AGR_B,RN,-0.36,N
01/31/2022,24,2,RN_DEC_AGR_C,RN,-0.36,N
01/31/2022,24,2,RN_DEC_AGR_D,RN,-0.36,N
01/31/2022,24,2,RN_ECEC_HOLT,RN,-16.45,N
01/31/2022,24,2,RN_OCI_ALAMO,RN,9.91,N
01/31/2022,24,2,RN_RTS1,RN,-17.33,N
01/31/2022,24,2,RN_SR_WIND1,RN,11.79,N
01/31/2022,24,2,RN_TOSBATT,RN,-17.21,N
01/31/2022,24,2,ROUTE66_RN,RN,-19.62,N
01/31/2022,24,2,RPUBRDS_RN,RN,19.47,N
01/31/2022,24,2,RSK_RN,RN,-16.61,N
01/31/2022,24,2,SALVTION_GEN,RN,-18.2,N
01/31/2022,24,2,SAMSON_ALL,RN,20.66,N
01/31/2022,24,2,SANDHSYD1_2,RN,11.02,N
01/31/2022,24,2,SANDHSYD3_4,RN,11.02,N
01/31/2022,24,2,SANDHSYD6_7,RN,11.02,N
01/31/2022,24,2,SANDHSYD_5AC,PCCRN,11.02,N
01/31/2022,24,2,SANDHSYD_CC1,LCCRN,11.02,N
01/31/2022,24,2,SANTACRU_ALL,RN,12.1,N
01/31/2022,24,2,SAN_SANMIGG1,RN,10.78,N
01/31/2022,24,2,SC2SES_UNIT1,RN,28.9,N
01/31/2022,24,2,SCES_UNIT1,RN,19.15,N
01/31/2022,24,2,SCLP_PUN1,PUN,17.19,N
01/31/2022,24,2,SCLP_PUN2,PUN,17.19,N
01/31/2022,24,2,SCLP_PUN3,PUN,17.19,N
01/31/2022,24,2,SCLP_PUN4,PUN,17.19,N
01/31/2022,24,2,SCLP_SCLPC_1,RN,17.19,N
01/31/2022,24,2,SCLP_SCLPC_2,RN,17.19,N
01/31/2022,24,2,SCLP_SCLPC_3,RN,17.19,N
01/31/2022,24,2,SCLP_SCLPC_4,RN,17.19,N
01/31/2022,24,2,SCSES_UNIT2,RN,28.9,N
01/31/2022,24,2,SDSES_PUN1,RN,13.48,N
01/31/2022,24,2,SDSES_PUN2,RN,13.48,N
01/31/2022,24,2,SDSES_PUN3,RN,13.48,N
01/31/2022,24,2,SDSES_PUN4,RN,13.48,N
01/31/2022,24,2,SENATEWD_1,RN,-35.39,N
01/31/2022,24,2,SGM_SIGNALMT,RN,-17.51,N
01/31/2022,24,2,SHAFFER_ALL,RN,12.1,N
01/31/2022,24,2,SHANNONW_RN,RN,-30.65,N
01/31/2022,24,2,SILASRAY_CC1,LCCRN,11.78,N
01/31/2022,24,2,SIL_SILAS_10,RN,11.78,N
01/31/2022,24,2,SIL_SILAS_6,PCCRN,11.78,N
01/31/2022,24,2,SIL_SILAS_9,PCCRN,11.78,N
01/31/2022,24,2,SIRIUS_UNIT1,RN,-14.35,N
01/31/2022,24,2,SJS_SJS_G1,RN,18.49,N
01/31/2022,24,2,SJS_SJS_G2,RN,18.49,N
01/31/2022,24,2,SKY1,RN,13.79,N
01/31/2022,24,2,SLCN_ESS_ALL,RN,10.6,N
01/31/2022,24,2,SLTFRK_UN1_2,RN,-19.74,N
01/31/2022,24,2,SL_PUN1,PUN,18.63,N
01/31/2022,24,2,SL_PUN2,PUN,18.63,N
01/31/2022,24,2,SL_SL_G1,RN,18.63,N
01/31/2022,24,2,SL_SL_G2,RN,18.63,N
01/31/2022,24,2,SL_SL_G3,RN,18.63,N
01/31/2022,24,2,SL_SL_G4,RN,18.63,N
01/31/2022,24,2,SNY_BESS_RN,RN,-18.18,N
01/31/2022,24,2,SOLARA_UNIT1,RN,-22.18,N
01/31/2022,24,2,SPLAIN1_RN,RN,-19.22,N
01/31/2022,24,2,SPLAIN2_RN,RN,-19.22,N
01/31/2022,24,2,SPNC_SPNCE_4,RN,3.77,N
01/31/2022,24,2,SPNC_SPNCE_5,RN,3.77,N
01/31/2022,24,2,SPTX12B_RN,RN,-15.39,N
01/31/2022,24,2,SRWE1_UNIT1,RN,-17.42,N
01/31/2022,24,2,SSPURT_WIND1,RN,-19.55,N
01/31/2022,24,2,STEAM_ENG123,RN,24.45,N
01/31/2022,24,2,STEA_STEAM_1,RN,24.46,N
01/31/2022,24,2,STEA_STEAM_2,RN,24.46,N
01/31/2022,24,2,STEA_STEAM_3,RN,24.45,N
01/31/2022,24,2,STELLA_RN,RN,11.96,N
01/31/2022,24,2,STP_STP_G1,RN,15.52,N
01/31/2022,24,2,STP_STP_G2,RN,15.52,N
01/31/2022,24,2,STRATEGC_RN,RN,32.03,N
01/31/2022,24,2,STWF_T1,RN,-19.85,N
01/31/2022,24,2,SWEC_G1,RN,-17.12,N
01/31/2022,24,2,SWEETWN2_2_4,RN,-19.22,N
01/31/2022,24,2,SWEETWN3_3,RN,-19.22,N
01/31/2022,24,2,SWEETWND_1,RN,-19.22,N
01/31/2022,24,2,SWOOSE1_U1,RN,-15.93,N
01/31/2022,24,2,SWOOSEII_RN,RN,-15.93,N
01/31/2022,24,2,SWTWN4_WND45,RN,-19.22,N
01/31/2022,24,2,SWT_BESS_RN,RN,-19.62,N
01/31/2022,24,2,S_HILLS_RN,RN,-27.63,N
01/31/2022,24,2,TAHOKA_ALL,RN,-17.78,N
01/31/2022,24,2,TAYGETE2_ALL,RN,-15.41,N
01/31/2022,24,2,TAYGETE_ALL,RN,-15.41,N
01/31/2022,24,2,TC_PUN1,PUN,18.39,N
01/31/2022,24,2,TC_PUN2,PUN,18.39,N
01/31/2022,24,2,TC_TCHP1,RN,18.39,N
01/31/2022,24,2,TEN_CC1,LCCRN,-15.52,N
01/31/2022,24,2,TEN_CT1_STG,PCCRN,-15.52,N
01/31/2022,24,2,TGCCS_ALL,PCCRN,29.15,N
01/31/2022,24,2,TGCCS_CC1,LCCRN,29.15,N
01/31/2022,24,2,TGF_TGFGT,RN,17.21,N
01/31/2022,24,2,TGW_T1_T2,RN,11.96,N
01/31/2022,24,2,THW_1_CCU,PCCRN,18.83,N
01/31/2022,24,2,THW_2_CCU,PCCRN,18.83,N
01/31/2022,24,2,THW_CC1,LCCRN,18.83,N
01/31/2022,24,2,THW_CC2,LCCRN,18.83,N
01/31/2022,24,2,THW_THWGT5X,RN,18.94,N
01/31/2022,24,2,THW_THWGT_1,RN,18.95,N
01/31/2022,24,2,TI_SOLAR_ALL,RN,-15.78,N
01/31/2022,24,2,TKWSW_CHAMP,RN,-18.61,N
01/31/2022,24,2,TKWSW_ROSCOE,RN,-18.61,N
01/31/2022,24,2,TNP_TNP_O_1,RN,18.76,N
01/31/2022,24,2,TNP_TNP_O_2,RN,18.76,N
01/31/2022,24,2,TNSKA_CC1,LCCRN,18.17,N
01/31/2022,24,2,TNSKA_CCU,PCCRN,18.17,N
01/31/2022,24,2,TOPAZ_ALL,RN,18.12,N
01/31/2022,24,2,TORR_ALL,RN,11.11,N
01/31/2022,24,2,TOYAH_RN,RN,-15.1,N
01/31/2022,24,2,TRENT_TRENT,RN,-19.85,N
01/31/2022,24,2,TRINITY_ALL,RN,-31.65,N
01/31/2022,24,2,TRIPBUT1_RN,RN,-14.96,N
01/31/2022,24,2,TRSES_UNIT6,RN,29.53,N
01/31/2022,24,2,TRUENO_ALL,RN,11.8,N
01/31/2022,24,2,TRUSGILL_RN,RN,-18.48,N
01/31/2022,24,2,TTRSW_RN,RN,20.66,N
01/31/2022,24,2,TTWEC_G1,RN,-18.47,N
01/31/2022,24,2,TXCTY_CC1,LCCRN,18.12,N
01/31/2022,24,2,TXCTY_CTA,PCCRN,18.12,N
01/31/2022,24,2,TXCTY_CTB,PCCRN,18.12,N
01/31/2022,24,2,TXCTY_CTC,PCCRN,18.12,N
01/31/2022,24,2,TXCTY_ST,PCCRN,18.12,N
01/31/2022,24,2,TYLRWIND_RN,RN,-3.4,N
01/31/2022,24,2,T_CK_GT2_RN,RN,-18.54,N
01/31/2022,24,2,T_CK_GT3_RN,RN,-18.54,N
01/31/2022,24,2,UCC_COG_PUN2,PUN,18.12,N
01/31/2022,24,2,UCC_UCC_C_2,RN,18.12,N
01/31/2022,24,2,VANCOURT_RN,RN,11.79,N
01/31/2022,24,2,VENADO_ALL,RN,11.36,N
01/31/2022,24,2,VERAWIND_ALL,RN,-18.48,N
01/31/2022,24,2,VERTIGO_UN1,RN,-21.36,N
01/31/2022,24,2,VICTORIA_CC1,LCCRN,12.54,N
01/31/2022,24,2,VICTPORT_ALL,RN,12.54,N
01/31/2022,24,2,VICTPORT_RN,RN,12.54,N
01/31/2022,24,2,VIC_VICTORG5,PCCRN,12.54,N
01/31/2022,24,2,VIC_VICTORG6,PCCRN,12.54,N
01/31/2022,24,2,VISION_RN,RN,29.38,N
01/31/2022,24,2,VLSES_UNIT3,PCCRN,16.95,N
01/31/2022,24,2,VORT_ALL_RN,RN,-21.79,N
01/31/2022,24,2,WAKEWE_ALL,RN,-18.97,N
01/31/2022,24,2,WAP_WAPGT_1,RN,18.12,N
01/31/2022,24,2,WAP_WAP_G1,RN,18.12,N
01/31/2022,24,2,WAP_WAP_G2,RN,18.12,N
01/31/2022,24,2,WAP_WAP_G3,RN,18.13,N
01/31/2022,24,2,WAP_WAP_G4,RN,18.13,N
01/31/2022,24,2,WAP_WAP_G5,RN,18.12,N
01/31/2022,24,2,WAP_WAP_G6,RN,17.87,N
01/31/2022,24,2,WAP_WAP_G7,RN,17.87,N
01/31/2022,24,2,WAP_WAP_G8,RN,18.32,N
01/31/2022,24,2,WAYMARK_RN,RN,-14.26,N
01/31/2022,24,2,WCPP_CC1,LCCRN,-39.78,N
01/31/2022,24,2,WCPP_CT1,PCCRN,-39.78,N
01/31/2022,24,2,WCPP_CT2,PCCRN,-39.78,N
01/31/2022,24,2,WCPP_ST1,PCCRN,-39.78,N
01/31/2022,24,2,WEBBER_WS_T1,RN,11.72,N
01/31/2022,24,2,WEC_WECG1,RN,-20.95,N
01/31/2022,24,2,WFCOGEN_13,PCCRN,-26.83,N
01/31/2022,24,2,WFCOGEN_24,PCCRN,-26.83,N
01/31/2022,24,2,WFCOGEN_CC1,LCCRN,-26.83,N
01/31/2022,24,2,WGU_RN,RN,18.12,N
01/31/2022,24,2,WHCCS2_4,PCCRN,-72.59,N
01/31/2022,24,2,WHCCS2_5_6,PCCRN,-72.59,N
01/31/2022,24,2,WHCCS2_CC2,LCCRN,-72.59,N
01/31/2022,24,2,WHCCS_CC1,LCCRN,-72.4,N
01/31/2022,24,2,WHCCS_CT1_ST,PCCRN,-72.4,N
01/31/2022,24,2,WHCCS_CT2,PCCRN,-72.4,N
01/31/2022,24,2,WHITE_PT_UN1,RN,12.46,N
01/31/2022,24,2,WHMESA_U1,RN,-11.74,N
01/31/2022,24,2,WHTTAIL_WR1,RN,-5.38,N
01/31/2022,24,2,WH_WIND_ALL,RN,-15.68,N
01/31/2022,24,2,WILDWIND_ALL,RN,-1.11,N
01/31/2022,24,2,WIPOPA_1_2,RN,12.54,N
01/31/2022,24,2,WIPOPA_3_4,RN,12.54,N
01/31/2022,24,2,WIR_WIRTZ_G1,RN,7.2,N
01/31/2022,24,2,WIR_WIRTZ_G2,RN,7.2,N
01/31/2022,24,2,WL_RANCH_RN,RN,-8.93,N
01/31/2022,24,2,WNDTS2_UNIT1,RN,-25.43,N
01/31/2022,24,2,WND_WHITNEY,RN,13.05,N
01/31/2022,24,2,WOODWRD1_RN,RN,-14.71,N
01/31/2022,24,2,WOODWRD2_RN,RN,-14.71,N
01/31/2022,24,2,WOO_WOODWRD1,RN,-14.71,N
01/31/2022,24,2,WOO_WOODWRD2,RN,-14.71,N
01/31/2022,24,2,WOV_BESS_RN,RN,-16.45,N
01/31/2022,24,2,WRSBES_BESS1,RN,-15.77,N
01/31/2022,24,2,W_PECO_UNIT1,RN,-15.84,N
01/31/2022,24,2,X443ESRN,RN,9.96,N
