DeliveryDate,DeliveryHour,DeliveryInterval,SettlementPointName,SettlementPointType,SettlementPointPrice,DSTFlag
01/31/2022,9,4,AEEC,RN,38.53,N
01/31/2022,9,4,AJAXWIND_RN,RN,38.53,N
01/31/2022,9,4,ALGOD_ALL_RN,RN,38.53,N
01/31/2022,9,4,ALVIN_RN,RN,38.53,N
01/31/2022,9,4,AMADEUS_ALL,RN,38.53,N
01/31/2022,9,4,AMISTAD_ALL,RN,38.53,N
01/31/2022,9,4,AMOCOOIL_CC1,LCCRN,38.53,N
01/31/2022,9,4,AMOCOOIL_CC2,LCCRN,38.53,N
01/31/2022,9,4,AMOCO_PUN1,PUN,38.53,N
01/31/2022,9,4,AMOCO_PUN2,PUN,38.53,N
01/31/2022,9,4,AMO_AMOCO_1,PCCRN,38.53,N
01/31/2022,9,4,AMO_AMOCO_2,PCCRN,38.53,N
01/31/2022,9,4,AMO_AMOCO_5,PCCRN,38.53,N
01/31/2022,9,4,AMO_AMOCO_G1,PCCRN,38.53,N
01/31/2022,9,4,AMO_AMOCO_G2,PCCRN,38.53,N
01/31/2022,9,4,AMO_AMOCO_G3,PCCRN,38.53,N
01/31/2022,9,4,AMO_AMOCO_S1,PCCRN,38.53,N
01/31/2022,9,4,AMO_AMOCO_S2,PCCRN,38.53,N
01/31/2022,9,4,ANACACHO_ANA,RN,38.53,N
01/31/2022,9,4,ANCHOR_ALL,RN,38.53,N
01/31/2022,9,4,ANSON1_ALL,RN,38.53,N
01/31/2022,9,4,AQUI_ALL,RN,38.53,N
01/31/2022,9,4,ARAGORN_RN,RN,38.53,N
01/31/2022,9,4,ASTRA_RN,RN,38.53,N
01/31/2022,9,4,ATK_ATKINSG7,RN,38.53,N
01/31/2022,9,4,AUSTPL_ALL,RN,38.53,N
01/31/2022,9,4,AVIAT_ALL,RN,38.53,N
01/31/2022,9,4,AZURE_RN,RN,38.53,N
01/31/2022,9,4,AZ_ALL,RN,38.53,N
01/31/2022,9,4,BAC_RN_ALL,RN,38.53,N
01/31/2022,9,4,BAFFIN_ALL,RN,38.53,N
01/31/2022,9,4,BAIRDWND_ALL,RN,38.53,N
01/31/2022,9,4,BARROW_ALL,RN,38.53,N
01/31/2022,9,4,BASTEN_CC1,LCCRN,38.53,N
01/31/2022,9,4,BASTEN_CCU,PCCRN,38.53,N
01/31/2022,9,4,BATCAVE_RN,RN,38.53,N
01/31/2022,9,4,BBREEZE_1_2,RN,38.53,N
01/31/2022,9,4,BCATWD_WD_1,RN,38.53,N
01/31/2022,9,4,BCK_RN,RN,38.53,N
01/31/2022,9,4,BIGSTAR_ALL,RN,38.53,N
01/31/2022,9,4,BLACKJAK_RN,RN,38.53,N
01/31/2022,9,4,BLSMT1_5_A_6,RN,38.53,N
01/31/2022,9,4,BLUEJAY_RN,RN,38.53,N
01/31/2022,9,4,BOOTLEG_UN1,RN,38.53,N
01/31/2022,9,4,BORDAS_345,RN,38.53,N
01/31/2022,9,4,BOSQUESW_CC1,LCCRN,38.53,N
01/31/2022,9,4,BOSQUESW_CC2,LCCRN,38.53,N
01/31/2022,9,4,BOSQ_BSQSU_5,PCCRN,38.53,N
01/31/2022,9,4,BOSQ_BSQS_12,PCCRN,38.53,N
01/31/2022,9,4,BOSQ_BSQS_34,PCCRN,38.53,N
01/31/2022,9,4,BRANDON_RN,RN,38.53,N
01/31/2022,9,4,BRAUNIG_CC1,LCCRN,38.53,N
01/31/2022,9,4,BRAUNIG_VHB1,RN,38.53,N
01/31/2022,9,4,BRAUNIG_VHB2,RN,38.53,N
01/31/2022,9,4,BRAUNIG_VHB3,RN,38.53,N
01/31/2022,9,4,BRAZ_WND_ALL,RN,38.53,N
01/31/2022,9,4,BRA_AVR1_CT2,PCCRN,38.53,N
01/31/2022,9,4,BRA_AVR_CST1,PCCRN,38.53,N
01/31/2022,9,4,BRHEIGHT_RN,RN,38.53,N
01/31/2022,9,4,BRIGHTSD_RN,RN,38.53,N
01/31/2022,9,4,BRISCOE_WIND,RN,38.53,N
01/31/2022,9,4,BRPANGLE_RN,RN,38.53,N
01/31/2022,9,4,BRPMAGNO_RN,RN,38.53,N
01/31/2022,9,4,BRP_BRAZ_RN,RN,38.53,N
01/31/2022,9,4,BRP_DIKN_RN,RN,38.53,N
01/31/2022,9,4,BRP_LOOP_RN,RN,38.53,N
01/31/2022,9,4,BRP_LOP1_RN,RN,38.53,N
01/31/2022,9,4,BRP_PBL1_RN,RN,38.53,N
01/31/2022,9,4,BRP_PBL2_RN,RN,38.53,N
01/31/2022,9,4,BRP_RN_UNIT1,RN,38.53,N
01/31/2022,9,4,BRP_SEMI_RN,RN,38.53,N
01/31/2022,9,4,BRP_SWNY_RN,RN,38.53,N
01/31/2022,9,4,BRP_ZPT1_RN,RN,38.53,N
01/31/2022,9,4,BRP_ZPT2_RN,RN,38.53,N
01/31/2022,9,4,BRTSW_BCW1,RN,38.53,N
01/31/2022,9,4,BR_VHB6CT5_6,RN,38.53,N
01/31/2022,9,4,BR_VHB6CT7_8,RN,38.53,N
01/31/2022,9,4,BSS_U1,RN,38.53,N
01/31/2022,9,4,BTE_BTE_G1,PCCRN,38.53,N
01/31/2022,9,4,BTE_BTE_G2,PCCRN,38.53,N
01/31/2022,9,4,BTE_BTE_G3,PCCRN,38.53,N
01/31/2022,9,4,BTE_BTE_G4,PCCRN,38.53,N
01/31/2022,9,4,BTE_CC1,LCCRN,38.53,N
01/31/2022,9,4,BTE_PUN1,PUN,38.53,N
01/31/2022,9,4,BTE_PUN2,PUN,38.53,N
01/31/2022,9,4,BUCHAN_ALL,RN,38.53,N
01/31/2022,9,4,BUCKTHRN_RN,RN,38.53,N
01/31/2022,9,4,BUFF_GAP_ALL,RN,38.53,N
01/31/2022,9,4,BULLCRK_1_2,RN,38.53,N
01/31/2022,9,4,BVE_CC1,LCCRN,38.53,N
01/31/2022,9,4,BVE_UNIT1,PCCRN,38.53,N
01/31/2022,9,4,BVE_UNIT2,PCCRN,38.53,N
01/31/2022,9,4,BVE_UNIT3,PCCRN,38.53,N
01/31/2022,9,4,BYU_BYU_1,RN,38.53,N
01/31/2022,9,4,BYU_BYU_12,PCCRN,38.53,N
01/31/2022,9,4,BYU_BYU_34,PCCRN,38.53,N
01/31/2022,9,4,BYU_BYU_G8,RN,38.53,N
01/31/2022,9,4,BYU_CC1,LCCRN,38.53,N
01/31/2022,9,4,BYU_PUN1,PUN,38.53,N
01/31/2022,9,4,BYU_PUN2,PUN,38.53,N
01/31/2022,9,4,BYU_PUN3,PUN,38.53,N
01/31/2022,9,4,BYU_PUN4,PUN,38.53,N
01/31/2022,9,4,B_DAVIS_3,PCCRN,38.53,N
01/31/2022,9,4,B_DAVIS_4,PCCRN,38.53,N
01/31/2022,9,4,B_DAVIS_CC1,LCCRN,38.53,N
01/31/2022,9,4,B_D_B_DAVIG1,RN,38.53,N
01/31/2022,9,4,B_D_B_DAVIG2,PCCRN,38.53,N
01/31/2022,9,4,CABEZON_ALL,RN,38.53,N
01/31/2022,9,4,CALAVER_JKS1,RN,38.53,N
01/31/2022,9,4,CALAVER_JKS2,RN,38.53,N
01/31/2022,9,4,CALAVER_JTD1,RN,38.53,N
01/31/2022,9,4,CALAVER_JTD2,RN,38.53,N
01/31/2022,9,4,CALAVER_OWS1,RN,38.53,N
01/31/2022,9,4,CALAVER_OWS2,RN,38.53,N
01/31/2022,9,4,CALHOUN_ALL,RN,38.53,N
01/31/2022,9,4,CALLAHA_WND1,RN,38.53,N
01/31/2022,9,4,CAL_CALGT1,PCCRN,38.53,N
01/31/2022,9,4,CAL_CALSTG1,PCCRN,38.53,N
01/31/2022,9,4,CAL_CC1,LCCRN,38.53,N
01/31/2022,9,4,CAL_PUN1,PUN,38.53,N
01/31/2022,9,4,CAL_PUN2,PUN,38.53,N
01/31/2022,9,4,CAMWIND_RN,RN,38.53,N
01/31/2022,9,4,CAPRIDG4_CR4,RN,38.53,N
01/31/2022,9,4,CAPRIDGE_ALL,RN,38.53,N
01/31/2022,9,4,CARBN_BSP_1,RN,38.53,N
01/31/2022,9,4,CASL_GAP_UN1,RN,38.53,N
01/31/2022,9,4,CBECII_1,RN,38.53,N
01/31/2022,9,4,CBECII_2,RN,38.53,N
01/31/2022,9,4,CBECII_89,PCCRN,38.53,N
01/31/2022,9,4,CBECII_CC3,LCCRN,38.53,N
01/31/2022,9,4,CBECII_CT7,PCCRN,38.53,N
01/31/2022,9,4,CBEC_ALL,PCCRN,38.53,N
01/31/2022,9,4,CBEC_CC1,LCCRN,38.53,N
01/31/2022,9,4,CBEC_CC2,LCCRN,38.53,N
01/31/2022,9,4,CBY4_ALL,PCCRN,38.53,N
01/31/2022,9,4,CBY4_CC1,LCCRN,38.53,N
01/31/2022,9,4,CBY_CBY_G1,RN,38.53,N
01/31/2022,9,4,CBY_CBY_G2,RN,38.53,N
01/31/2022,9,4,CCEC_CC1,LCCRN,38.53,N
01/31/2022,9,4,CCEC_GT1,PCCRN,38.53,N
01/31/2022,9,4,CCEC_GT2,PCCRN,38.53,N
01/31/2022,9,4,CCEC_PUN1,PUN,38.53,N
01/31/2022,9,4,CCEC_PUN2,PUN,38.53,N
01/31/2022,9,4,CCEC_ST1,PCCRN,38.53,N
01/31/2022,9,4,CEDROHI_CHW1,RN,38.53,N
01/31/2022,9,4,CFLATS_UNIT,RN,38.53,N
01/31/2022,9,4,CHALUP_ALL,RN,38.53,N
01/31/2022,9,4,CHAMON_UN1,RN,38.53,N
01/31/2022,9,4,CHAMON_UN2,RN,38.53,N
01/31/2022,9,4,CHEDPW_GT2,PCCRN,38.53,N
01/31/2022,9,4,CHE_CC1,LCCRN,38.53,N
01/31/2022,9,4,CHE_LYD,PCCRN,38.53,N
01/31/2022,9,4,CHE_LYD2,PCCRN,38.53,N
01/31/2022,9,4,CHE_PUN1,PUN,38.53,N
01/31/2022,9,4,CHE_PUN2,PUN,38.53,N
01/31/2022,9,4,CHISMGRD_RN,RN,38.53,N
01/31/2022,9,4,CITYVICT_ALL,RN,38.53,N
01/31/2022,9,4,CN_BRKS_UNT1,RN,38.53,N
01/31/2022,9,4,COL_COLETOG1,RN,38.53,N
01/31/2022,9,4,CONIGLIO_RN,RN,38.53,N
01/31/2022,9,4,CORAZON_RN,RN,38.53,N
01/31/2022,9,4,COTPLNS_RN,RN,38.53,N
01/31/2022,9,4,COTTON_PAP2,RN,38.53,N
01/31/2022,9,4,CPSES_UNIT1,RN,38.53,N
01/31/2022,9,4,CPSES_UNIT2,RN,38.53,N
01/31/2022,9,4,CRANELL_ALL,RN,38.53,N
01/31/2022,9,4,CROSSETT_ALL,RN,38.53,N
01/31/2022,9,4,CSC_CSECG1_2,RN,38.53,N
01/31/2022,9,4,CVC_CC1,LCCRN,38.53,N
01/31/2022,9,4,CVC_CVCG1_5,PCCRN,38.53,N
01/31/2022,9,4,CVC_CVC_G2,PCCRN,38.53,N
01/31/2022,9,4,CVC_CVC_G3,PCCRN,38.53,N
01/31/2022,9,4,DANSBY_ALL,RN,38.53,N
01/31/2022,9,4,DC2SES_ALL,RN,38.53,N
01/31/2022,9,4,DC_E,LZ_DC,38.53,N
01/31/2022,9,4,DC_E,LZ_DCEW,38.53,N
01/31/2022,9,4,DC_L,LZ_DCEW,38.53,N
01/31/2022,9,4,DC_L,LZ_DC,38.53,N
01/31/2022,9,4,DC_N,LZ_DCEW,38.53,N
01/31/2022,9,4,DC_N,LZ_DC,38.53,N
01/31/2022,9,4,DC_R,LZ_DCEW,38.53,N
01/31/2022,9,4,DC_R,LZ_DC,38.53,N
01/31/2022,9,4,DC_S,LZ_DCEW,38.53,N
01/31/2022,9,4,DC_S,LZ_DC,38.53,N
01/31/2022,9,4,DDPEC_CC1,LCCRN,38.53,N
01/31/2022,9,4,DDPEC_GT1,PCCRN,38.53,N
01/31/2022,9,4,DDPEC_GT2,PCCRN,38.53,N
01/31/2022,9,4,DDPEC_GT3,PCCRN,38.53,N
01/31/2022,9,4,DDPEC_GT4,PCCRN,38.53,N
01/31/2022,9,4,DDPEC_GT6,PCCRN,38.53,N
01/31/2022,9,4,DDPEC_ST1,PCCRN,38.53,N
01/31/2022,9,4,DECKER_DPG1,RN,38.53,N
01/31/2022,9,4,DECKER_DPG2,RN,38.53,N
01/31/2022,9,4,DECKER_GT,RN,38.53,N
01/31/2022,9,4,DENISON_G1_2,RN,38.53,N
01/31/2022,9,4,DERMOTT_ALL,RN,38.53,N
01/31/2022,9,4,DIB_CC1,LCCRN,38.53,N
01/31/2022,9,4,DIB_DIB_G1,PCCRN,38.53,N
01/31/2022,9,4,DIB_DIB_G2,PCCRN,38.53,N
01/31/2022,9,4,DIB_DIB_G3,PCCRN,38.53,N
01/31/2022,9,4,DIB_DIB_G4,PCCRN,38.53,N
01/31/2022,9,4,DIB_PUN1,PUN,38.53,N
01/31/2022,9,4,DIB_PUN2,PUN,38.53,N
01/31/2022,9,4,DOWGEN_PUN1,PUN,38.53,N
01/31/2022,9,4,DOWGEN_PUN2,PUN,38.53,N
01/31/2022,9,4,DOWGEN_PUN3,PUN,38.53,N
01/31/2022,9,4,DOW_61_2_63,RN,38.53,N
01/31/2022,9,4,DOW_64,RN,38.53,N
01/31/2022,9,4,DOW_81_2_84,RN,38.53,N
01/31/2022,9,4,DOW_G37_G35,RN,38.53,N
01/31/2022,9,4,DOW_G66_ST65,RN,38.53,N
01/31/2022,9,4,DOW_G67,RN,38.53,N
01/31/2022,9,4,DOW_G96_ST95,RN,38.53,N
01/31/2022,9,4,DUKE_CC1,LCCRN,38.53,N
01/31/2022,9,4,DUKE_GST1CCU,PCCRN,38.53,N
01/31/2022,9,4,DUKE_GT2_CCU,PCCRN,38.53,N
01/31/2022,9,4,DUP_PUN1,PUN,38.53,N
01/31/2022,9,4,DUP_PUN2,PUN,38.53,N
01/31/2022,9,4,DUP_PUN3,PUN,38.53,N
01/31/2022,9,4,DUP_PUN4,PUN,38.53,N
01/31/2022,9,4,ECLIPSE_UN1,RN,38.53,N
01/31/2022,9,4,ELB_ELBCREEK,RN,38.53,N
01/31/2022,9,4,ELECTRAW_1_2,RN,38.53,N
01/31/2022,9,4,EL_RAYO_ALL,RN,38.53,N
01/31/2022,9,4,ENAS_ENA1,RN,38.53,N
01/31/2022,9,4,ERSL_RN,RN,38.53,N
01/31/2022,9,4,ETCCS_CC1,LCCRN,38.53,N
01/31/2022,9,4,ETCCS_CCU,PCCRN,38.53,N
01/31/2022,9,4,EUNICE_ALL,RN,38.53,N
01/31/2022,9,4,EXGNSND_RN,RN,38.53,N
01/31/2022,9,4,EXGNWTL_1,RN,38.53,N
01/31/2022,9,4,EXN_14,RN,38.53,N
01/31/2022,9,4,EXN_1_3,RN,38.53,N
01/31/2022,9,4,EXN_4,RN,38.53,N
01/31/2022,9,4,EXN_8,RN,38.53,N
01/31/2022,9,4,EXN_9_13,RN,38.53,N
01/31/2022,9,4,EXN_PUN1,PUN,38.53,N
01/31/2022,9,4,EXN_PUN2,PUN,38.53,N
01/31/2022,9,4,EXN_PUN3,PUN,38.53,N
01/31/2022,9,4,E_BLACK_RN,RN,38.53,N
01/31/2022,9,4,FAL_FALCONG1,RN,38.53,N
01/31/2022,9,4,FAL_FALCONG2,RN,38.53,N
01/31/2022,9,4,FAL_FALCONG3,RN,38.53,N
01/31/2022,9,4,FEGC_RN,RN,38.53,N
01/31/2022,9,4,FERGCC_CC1,LCCRN,38.53,N
01/31/2022,9,4,FERGCC_GT1_1,PCCRN,38.53,N
01/31/2022,9,4,FERGCC_GT2_3,PCCRN,38.53,N
01/31/2022,9,4,FERGCC_ST1_5,PCCRN,38.53,N
01/31/2022,9,4,FERMI_ALL,RN,38.53,N
01/31/2022,9,4,FLCNS_CC1,LCCRN,38.53,N
01/31/2022,9,4,FLCNS_UNIT1,PCCRN,38.53,N
01/31/2022,9,4,FLCNS_UNIT2,PCCRN,38.53,N
01/31/2022,9,4,FLCNS_UNIT3,PCCRN,38.53,N
01/31/2022,9,4,FLOWERII_RN,RN,38.53,N
01/31/2022,9,4,FLTBES1,RN,38.53,N
01/31/2022,9,4,FLTCK_SSI,RN,38.53,N
01/31/2022,9,4,FLUVANNA_1_2,RN,38.53,N
01/31/2022,9,4,FLVABES1_ESR,RN,38.53,N
01/31/2022,9,4,FOARDCTY_ALL,RN,38.53,N
01/31/2022,9,4,FORMOSA_CC1,LCCRN,38.53,N
01/31/2022,9,4,FORMOSA_CC2,LCCRN,38.53,N
01/31/2022,9,4,FORMOSA_PUN1,PUN,38.53,N
01/31/2022,9,4,FORMOSA_PUN2,PUN,38.53,N
01/31/2022,9,4,FO_FORMOSA11,RN,38.53,N
01/31/2022,9,4,FO_FORMOSA12,RN,38.53,N
01/31/2022,9,4,FO_FORMOSG1,PCCRN,38.53,N
01/31/2022,9,4,FO_FORMOSG10,PCCRN,38.53,N
01/31/2022,9,4,FO_FORMOSG13,PCCRN,38.53,N
01/31/2022,9,4,FO_FORMOSG14,PCCRN,38.53,N
01/31/2022,9,4,FO_FORMOSG15,PCCRN,38.53,N
01/31/2022,9,4,FO_FORMOSG2,PCCRN,38.53,N
01/31/2022,9,4,FO_FORMOSG3,PCCRN,38.53,N
01/31/2022,9,4,FO_FORMOSG4,PCCRN,38.53,N
01/31/2022,9,4,FO_FORMOSG5,PCCRN,38.53,N
01/31/2022,9,4,FO_FORMOSG6,PCCRN,38.53,N
01/31/2022,9,4,FO_FORMOSG7,PCCRN,38.53,N
01/31/2022,9,4,FO_FORMOSG8,RN,38.53,N
01/31/2022,9,4,FO_FORMOSG9,PCCRN,38.53,N
01/31/2022,9,4,FPPYD_FPP_G1,RN,38.53,N
01/31/2022,9,4,FPPYD_FPP_G2,RN,38.53,N
01/31/2022,9,4,FPPYD_FPP_G3,RN,38.53,N
01/31/2022,9,4,FREC_1_CCU,PCCRN,38.53,N
01/31/2022,9,4,FREC_2_CCU,PCCRN,38.53,N
01/31/2022,9,4,FREC_CC1,LCCRN,38.53,N
01/31/2022,9,4,FREC_CC2,LCCRN,38.53,N
01/31/2022,9,4,FRNYPP_1_CCU,PCCRN,38.53,N
01/31/2022,9,4,FRNYPP_2_CCU,PCCRN,38.53,N
01/31/2022,9,4,FRNYPP_CC1,LCCRN,38.53,N
01/31/2022,9,4,FRNYPP_CC2,LCCRN,38.53,N
01/31/2022,9,4,FTR_CC1,LCCRN,38.53,N
01/31/2022,9,4,FTR_FTR_G1_4,PCCRN,38.53,N
01/31/2022,9,4,FTWIND_UNIT1,RN,38.53,N
01/31/2022,9,4,FWLR_SLR_1,RN,38.53,N
01/31/2022,9,4,GALO_RN1,RN,38.53,N
01/31/2022,9,4,GAMBIT_RN,RN,38.53,N
01/31/2022,9,4,GBY_GT,RN,38.53,N
01/31/2022,9,4,GID_GIDEONG1,RN,38.53,N
01/31/2022,9,4,GID_GIDEONG2,RN,38.53,N
01/31/2022,9,4,GID_GIDEONG3,RN,38.53,N
01/31/2022,9,4,GOA_GOATWIND,RN,38.53,N
01/31/2022,9,4,GPASTURE_ALL,RN,38.53,N
01/31/2022,9,4,GRANDVW1_A_B,RN,38.53,N
01/31/2022,9,4,GREASWOD_ALL,RN,38.53,N
01/31/2022,9,4,GRIF_TRL_RN,RN,38.53,N
01/31/2022,9,4,GRSES_UNIT1,RN,38.53,N
01/31/2022,9,4,GRSES_UNIT2,RN,38.53,N
01/31/2022,9,4,GUADG_CC1,LCCRN,38.53,N
01/31/2022,9,4,GUADG_CC2,LCCRN,38.53,N
01/31/2022,9,4,GUADG_CCU1,PCCRN,38.53,N
01/31/2022,9,4,GUADG_CCU2,PCCRN,38.53,N
01/31/2022,9,4,GUNMTN_NODE,RN,38.53,N
01/31/2022,9,4,GWEC_G1,RN,38.53,N
01/31/2022,9,4,HAYSEN1_2,RN,38.53,N
01/31/2022,9,4,HAYSEN3_4,RN,38.53,N
01/31/2022,9,4,HB_BUSAVG,SH,38.42,N
01/31/2022,9,4,HB_HOUSTON,HU,38.53,N
01/31/2022,9,4,HB_HUBAVG,AH,38.48,N
01/31/2022,9,4,HB_NORTH,HU,38.31,N
01/31/2022,9,4,HB_PAN,HU,38.53,N
01/31/2022,9,4,HB_SOUTH,HU,38.53,N
01/31/2022,9,4,HB_WEST,HU,38.53,N
01/31/2022,9,4,HELIOS_RN,RN,38.53,N
01/31/2022,9,4,HHGT_KENDAL,RN,38.53,N
01/31/2022,9,4,HHOLLW2_WND1,RN,38.53,N
01/31/2022,9,4,HHOLLW3_WND1,RN,38.53,N
01/31/2022,9,4,HHOLLW4_WND1,RN,38.53,N
01/31/2022,9,4,HICK_G1_G2,RN,38.53,N
01/31/2022,9,4,HI_LONE_ALL,RN,38.53,N
01/31/2022,9,4,HLSES_UNIT3,RN,38.53,N
01/31/2022,9,4,HLSES_UNIT4,RN,38.53,N
01/31/2022,9,4,HLSES_UNIT5,RN,38.53,N
01/31/2022,9,4,HOLSTEIN_ALL,RN,38.53,N
01/31/2022,9,4,HORSCR_RN,RN,38.53,N
01/31/2022,9,4,HORSECRK_RN,RN,38.53,N
01/31/2022,9,4,HOVEY_GEN,RN,38.53,N
01/31/2022,9,4,HRBESS_BESS,RN,38.53,N
01/31/2022,9,4,HRFDWIND_ALL,RN,38.53,N
01/31/2022,9,4,HWF_HWFG1,RN,38.53,N
01/31/2022,9,4,H_HOLLO_WND1,RN,38.53,N
01/31/2022,9,4,IMP_RN1,RN,38.53,N
01/31/2022,9,4,INDNENR_1_RN,RN,38.53,N
01/31/2022,9,4,INDNENR_2_RN,RN,38.53,N
01/31/2022,9,4,INDNNWP_RN,RN,38.53,N
01/31/2022,9,4,INDN_INDNNWP,RN,38.53,N
01/31/2022,9,4,IND_INADALE1,RN,38.53,N
01/31/2022,9,4,INGLCOSW_CC1,LCCRN,38.53,N
01/31/2022,9,4,INGLCOSW_STG,PCCRN,38.53,N
01/31/2022,9,4,INGLCOS_CTG1,PCCRN,38.53,N
01/31/2022,9,4,INGLCOS_CTG2,PCCRN,38.53,N
01/31/2022,9,4,INGLCO_PUN1,PUN,38.53,N
01/31/2022,9,4,INGLCO_PUN2,PUN,38.53,N
01/31/2022,9,4,INGLCO_PUN3,PUN,38.53,N
01/31/2022,9,4,INKS_INKS_G1,RN,38.53,N
01/31/2022,9,4,IN_INDNENR,RN,38.53,N
01/31/2022,9,4,IN_INDNENR_2,RN,38.53,N
01/31/2022,9,4,JACKCNTY_CC1,LCCRN,38.53,N
01/31/2022,9,4,JACKCNTY_CT1,PCCRN,38.53,N
01/31/2022,9,4,JACKCNTY_CT2,PCCRN,38.53,N
01/31/2022,9,4,JACKCNTY_STG,PCCRN,38.53,N
01/31/2022,9,4,JCKCNTY2_CC1,LCCRN,38.53,N
01/31/2022,9,4,JCKCNTY2_CT3,PCCRN,38.53,N
01/31/2022,9,4,JCKCNTY2_CT4,PCCRN,38.53,N
01/31/2022,9,4,JCKCNTY2_ST2,PCCRN,38.53,N
01/31/2022,9,4,JC_BAT_RN,RN,38.53,N
01/31/2022,9,4,JUNO_ALL,RN,38.53,N
01/31/2022,9,4,KARAKAW1_1,RN,38.53,N
01/31/2022,9,4,KARAKAW2_1,RN,38.53,N
01/31/2022,9,4,KEECHI_U1,RN,38.53,N
01/31/2022,9,4,KELAMSL_U1,RN,38.53,N
01/31/2022,9,4,KEO_KEO_SM1,RN,38.53,N
01/31/2022,9,4,KINGE_ALL,RN,38.53,N
01/31/2022,9,4,KINGW_ALL,RN,38.53,N
01/31/2022,9,4,KING_KINGNE,RN,38.53,N
01/31/2022,9,4,KING_KINGNW,RN,38.53,N
01/31/2022,9,4,KING_KINGSE,RN,38.53,N
01/31/2022,9,4,KING_KINGSW,RN,38.53,N
01/31/2022,9,4,KMCHI_CC1,LCCRN,38.53,N
01/31/2022,9,4,KMCHI_CC2,LCCRN,38.53,N
01/31/2022,9,4,LAMESASLR_G,RN,38.53,N
01/31/2022,9,4,LAPETUS_U1,RN,38.53,N
01/31/2022,9,4,LARDVFTN_G4,RN,38.53,N
01/31/2022,9,4,LARDVFTN_G5,RN,38.53,N
01/31/2022,9,4,LASSO_GEN,RN,38.53,N
01/31/2022,9,4,LEG_LEG_G1,RN,38.53,N
01/31/2022,9,4,LEG_LEG_G2,RN,38.53,N
01/31/2022,9,4,LEONLCPCT1_2,RN,38.53,N
01/31/2022,9,4,LEONLCPCT3_4,RN,38.53,N
01/31/2022,9,4,LGDRAW_S_ALL,RN,38.53,N
01/31/2022,9,4,LGD_LANGFORD,RN,38.53,N
01/31/2022,9,4,LGE_CC1,LCCRN,38.53,N
01/31/2022,9,4,LGE_LGE_GT1,PCCRN,38.53,N
01/31/2022,9,4,LGE_LGE_GT2,PCCRN,38.53,N
01/31/2022,9,4,LGE_LGE_STG,PCCRN,38.53,N
01/31/2022,9,4,LGE_PUN1,RN,38.53,N
01/31/2022,9,4,LGE_PUN2,RN,38.53,N
01/31/2022,9,4,LGW_UNIT_ALL,RN,38.53,N
01/31/2022,9,4,LHM_CVC_G4,RN,38.53,N
01/31/2022,9,4,LHM_PUN1,PUN,38.53,N
01/31/2022,9,4,LHM_PUN2,PUN,38.53,N
01/31/2022,9,4,LHORN_N_U1_2,RN,38.53,N
01/31/2022,9,4,LHSES_UNIT1,RN,38.53,N
01/31/2022,9,4,LHSES_UNIT2,RN,38.53,N
01/31/2022,9,4,LILY_RN,RN,38.53,N
01/31/2022,9,4,LMAJADAS_ALL,RN,38.53,N
01/31/2022,9,4,LNCRK_ALL,RN,38.53,N
01/31/2022,9,4,LONEWOLF_ALL,RN,38.53,N
01/31/2022,9,4,LOSTPI_CC1,LCCRN,38.53,N
01/31/2022,9,4,LOS_LOSTPGT1,PCCRN,38.53,N
01/31/2022,9,4,LOS_LOSTPGT2,PCCRN,38.53,N
01/31/2022,9,4,LOS_LOSTPST1,PCCRN,38.53,N
01/31/2022,9,4,LPCCS_CC1,LCCRN,38.53,N
01/31/2022,9,4,LPCCS_CC2,LCCRN,38.53,N
01/31/2022,9,4,LPCCS_CT11,PCCRN,38.53,N
01/31/2022,9,4,LPCCS_CT12,PCCRN,38.53,N
01/31/2022,9,4,LPCCS_CT21,PCCRN,38.53,N
01/31/2022,9,4,LPCCS_CT22,PCCRN,38.53,N
01/31/2022,9,4,LPCCS_UNIT1,PCCRN,38.53,N
01/31/2022,9,4,LPCCS_UNIT2,PCCRN,38.53,N
01/31/2022,9,4,LV1A_LV1B,RN,38.53,N
01/31/2022,9,4,LV3_UNIT1,RN,38.53,N
01/31/2022,9,4,LV4_UNIT_1,RN,38.53,N
01/31/2022,9,4,LV5_UNIT1,RN,38.53,N
01/31/2022,9,4,LZ_AEN,LZ,38.53,N
01/31/2022,9,4,LZ_AEN,LZEW,38.53,N
01/31/2022,9,4,LZ_CPS,LZEW,38.53,N
01/31/2022,9,4,LZ_CPS,LZ,38.53,N
01/31/2022,9,4,LZ_HOUSTON,LZEW,38.53,N
01/31/2022,9,4,LZ_HOUSTON,LZ,38.53,N
01/31/2022,9,4,LZ_LCRA,LZEW,38.53,N
01/31/2022,9,4,LZ_LCRA,LZ,38.53,N
01/31/2022,9,4,LZ_NORTH,LZEW,38.53,N
01/31/2022,9,4,LZ_NORTH,LZ,38.53,N
01/31/2022,9,4,LZ_RAYBN,LZEW,38.53,N
01/31/2022,9,4,LZ_RAYBN,LZ,38.53,N
01/31/2022,9,4,LZ_SOUTH,LZEW,38.53,N
01/31/2022,9,4,LZ_SOUTH,LZ,38.53,N
01/31/2022,9,4,LZ_WEST,LZEW,38.53,N
01/31/2022,9,4,LZ_WEST,LZ,38.53,N
01/31/2022,9,4,MADERO_RN,RN,38.53,N
01/31/2022,9,4,MARBFA,RN,38.53,N
01/31/2022,9,4,MARIAH_ALL,RN,38.53,N
01/31/2022,9,4,MAR_MARSFOG1,RN,38.53,N
01/31/2022,9,4,MAR_MARSFOG2,RN,38.53,N
01/31/2022,9,4,MAR_MARSFOG3,RN,38.53,N
01/31/2022,9,4,MASSENGL_CC1,LCCRN,38.53,N
01/31/2022,9,4,MASSENGL_G6,PCCRN,38.53,N
01/31/2022,9,4,MASSENGL_G7,PCCRN,38.53,N
01/31/2022,9,4,MASSENGL_G8,PCCRN,38.53,N
01/31/2022,9,4,MAVCRK_W_ALL,RN,38.53,N
01/31/2022,9,4,MCDLD_FCSBW1,RN,38.53,N
01/31/2022,9,4,MCSES_UNIT6,RN,38.53,N
01/31/2022,9,4,MCSES_UNIT7,RN,38.53,N
01/31/2022,9,4,MCSES_UNIT8,RN,38.53,N
01/31/2022,9,4,MDANP_CT1_2,RN,38.53,N
01/31/2022,9,4,MDANP_CT3_4,RN,38.53,N
01/31/2022,9,4,MDANP_CT5_6,RN,38.53,N
01/31/2022,9,4,MESQCRK_ALL,RN,38.53,N
01/31/2022,9,4,MESTENO_RN,RN,38.53,N
01/31/2022,9,4,MGSES_CT123,RN,38.53,N
01/31/2022,9,4,MGSES_CT456,RN,38.53,N
01/31/2022,9,4,MIAM1_G1_G2,RN,38.53,N
01/31/2022,9,4,MIL_MILG1_2,RN,38.53,N
01/31/2022,9,4,MIL_MILG345,RN,38.53,N
01/31/2022,9,4,MIRAGE_G1,RN,38.53,N
01/31/2022,9,4,MIRASOLE_GEN,RN,38.53,N
01/31/2022,9,4,MISAE_GEN_RN,RN,38.53,N
01/31/2022,9,4,MLSES_UNIT1,RN,30.5,N
01/31/2022,9,4,MLSES_UNIT2,RN,30.5,N
01/31/2022,9,4,MLSES_UNIT3,RN,30.5,N
01/31/2022,9,4,MOZART_WIND1,RN,38.53,N
01/31/2022,9,4,MWEC_G1,RN,38.53,N
01/31/2022,9,4,NACPW_UNIT1,RN,38.53,N
01/31/2022,9,4,NBOHR_RN,RN,38.53,N
01/31/2022,9,4,NCARBIDEG8,RN,38.53,N
01/31/2022,9,4,NCARBIDE_1_7,RN,38.53,N
01/31/2022,9,4,NCARBID_PUN1,PUN,38.53,N
01/31/2022,9,4,NCARBID_PUN2,PUN,38.53,N
01/31/2022,9,4,NCO_RN,RN,38.53,N
01/31/2022,9,4,NEBULA_RN,RN,38.53,N
01/31/2022,9,4,NEDIN_CC1,LCCRN,38.53,N
01/31/2022,9,4,NED_NEDIN_G1,PCCRN,38.53,N
01/31/2022,9,4,NED_NEDIN_G2,PCCRN,38.53,N
01/31/2022,9,4,NED_NEDIN_G3,PCCRN,38.53,N
01/31/2022,9,4,NF_BRP_RN,RN,38.53,N
01/31/2022,9,4,NOBLESLR_ALL,RN,38.53,N
01/31/2022,9,4,NUECES_B_CC1,LCCRN,38.53,N
01/31/2022,9,4,NUE_NUECESG7,PCCRN,38.53,N
01/31/2022,9,4,NUE_NUECESG8,PCCRN,38.53,N
01/31/2022,9,4,NUE_NUECESG9,PCCRN,38.53,N
01/31/2022,9,4,NWF_NWF1,RN,38.53,N
01/31/2022,9,4,OBERON_U1,RN,38.53,N
01/31/2022,9,4,ODESW_RN,RN,38.53,N
01/31/2022,9,4,OECCS_1,PCCRN,38.53,N
01/31/2022,9,4,OECCS_2,PCCRN,38.53,N
01/31/2022,9,4,OECCS_CC1,LCCRN,38.53,N
01/31/2022,9,4,OECCS_CC2,LCCRN,38.53,N
01/31/2022,9,4,OGSES_1,RN,38.53,N
01/31/2022,9,4,OGSES_2,RN,38.53,N
01/31/2022,9,4,OKLA_OKLA_G1,RN,38.53,N
01/31/2022,9,4,OLIN_OLING_1,RN,38.53,N
01/31/2022,9,4,OLIN_OLING_2,RN,38.53,N
01/31/2022,9,4,OLIN_OLING_3,RN,38.53,N
01/31/2022,9,4,OLIN_OLING_4,RN,38.53,N
01/31/2022,9,4,OWF_OWF,RN,38.53,N
01/31/2022,9,4,OXY_OXY_CCG1,RN,38.53,N
01/31/2022,9,4,OXY_PUN1,PUN,38.53,N
01/31/2022,9,4,OXY_PUN2,PUN,38.53,N
01/31/2022,9,4,PALMWI_UNIT1,RN,38.53,N
01/31/2022,9,4,PANDA_S_CC1,LCCRN,38.53,N
01/31/2022,9,4,PANDA_S_CT1,PCCRN,38.53,N
01/31/2022,9,4,PANDA_S_CT2,PCCRN,38.53,N
01/31/2022,9,4,PANDA_S_ST1,PCCRN,38.53,N
01/31/2022,9,4,PANDA_T1_CC1,LCCRN,38.53,N
01/31/2022,9,4,PANDA_T1_CT1,PCCRN,38.53,N
01/31/2022,9,4,PANDA_T1_CT2,PCCRN,38.53,N
01/31/2022,9,4,PANDA_T1_ST1,PCCRN,38.53,N
01/31/2022,9,4,PANDA_T2_CC1,LCCRN,38.53,N
01/31/2022,9,4,PANDA_T2_CT1,PCCRN,38.53,N
01/31/2022,9,4,PANDA_T2_CT2,PCCRN,38.53,N
01/31/2022,9,4,PANDA_T2_ST1,PCCRN,38.53,N
01/31/2022,9,4,PAP1_PAP1,RN,38.53,N
01/31/2022,9,4,PB2SES_CT1,RN,38.53,N
01/31/2022,9,4,PB2SES_CT2,RN,38.53,N
01/31/2022,9,4,PB2SES_CT3,RN,38.53,N
01/31/2022,9,4,PB2SES_CT4,RN,38.53,N
01/31/2022,9,4,PB2SES_CT5,RN,38.53,N
01/31/2022,9,4,PC_NORTH_1,RN,38.53,N
01/31/2022,9,4,PC_SOUTH_ALL,RN,38.53,N
01/31/2022,9,4,PEARSA_1_24,RN,38.53,N
01/31/2022,9,4,PENA_ALL,RN,38.53,N
01/31/2022,9,4,PES1_RN,RN,38.53,N
01/31/2022,9,4,PEY_RN,RN,38.53,N
01/31/2022,9,4,PH1_UNIT1_2,RN,38.53,N
01/31/2022,9,4,PH2_U1_U2,RN,38.53,N
01/31/2022,9,4,PHILLWND_ALL,RN,38.53,N
01/31/2022,9,4,PHOEBE_ALL,RN,38.53,N
01/31/2022,9,4,PHOENIX_RN,RN,38.53,N
01/31/2022,9,4,PLN_ALL,RN,38.53,N
01/31/2022,9,4,PNPI_GT2_RN,RN,38.53,N
01/31/2022,9,4,PRID_RN,RN,38.53,N
01/31/2022,9,4,PROSPERO_ALL,RN,38.53,N
01/31/2022,9,4,PRO_RN,RN,38.53,N
01/31/2022,9,4,PRSPERO2_ALL,RN,38.53,N
01/31/2022,9,4,PR_PR_ALL,RN,38.53,N
01/31/2022,9,4,PR_PR_G2,RN,38.53,N
01/31/2022,9,4,PSA_CC1,LCCRN,38.53,N
01/31/2022,9,4,PSA_PSA_G1,PCCRN,38.53,N
01/31/2022,9,4,PSA_PSA_G2,PCCRN,38.53,N
01/31/2022,9,4,PSA_PSA_G3,PCCRN,38.53,N
01/31/2022,9,4,PSA_PSA_G4,PCCRN,38.53,N
01/31/2022,9,4,PSA_PSA_G5,PCCRN,38.53,N
01/31/2022,9,4,PSA_PSA_G6,PCCRN,38.53,N
01/31/2022,9,4,PSA_PSA_G7,PCCRN,38.53,N
01/31/2022,9,4,PSA_PUN1,PUN,38.53,N
01/31/2022,9,4,PSA_PUN2,PUN,38.53,N
01/31/2022,9,4,PSA_PUN3,PUN,38.53,N
01/31/2022,9,4,PSA_PUN4,PUN,38.53,N
01/31/2022,9,4,PSA_PUN5,PUN,38.53,N
01/31/2022,9,4,PSG_CC1,LCCRN,38.53,N
01/31/2022,9,4,PSG_PSG_GT2,PCCRN,38.53,N
01/31/2022,9,4,PSG_PSG_GT3,PCCRN,38.53,N
01/31/2022,9,4,PSG_PSG_ST1,PCCRN,38.53,N
01/31/2022,9,4,PTLBES_BESS1,RN,38.53,N
01/31/2022,9,4,PYR_PYRON1,RN,38.53,N
01/31/2022,9,4,QALSW_ALL,PCCRN,38.53,N
01/31/2022,9,4,QALSW_CC1,LCCRN,38.53,N
01/31/2022,9,4,QALSW_CC2,LCCRN,38.53,N
01/31/2022,9,4,QUEEN_BA_RN,RN,38.53,N
01/31/2022,9,4,QUEEN_SL_RN,RN,38.53,N
01/31/2022,9,4,RAB_G1-8,RN,38.53,N
01/31/2022,9,4,RAMBLER_UNIT,RN,38.53,N
01/31/2022,9,4,RANCHERO_ALL,RN,38.53,N
01/31/2022,9,4,RAYBURN_CC1,LCCRN,38.53,N
01/31/2022,9,4,RAYBURN_G1_2,RN,38.53,N
01/31/2022,9,4,RAYB_G78910,PCCRN,38.53,N
01/31/2022,9,4,RDCAN_RDCNY1,RN,38.53,N
01/31/2022,9,4,REDBARN_RN,RN,38.53,N
01/31/2022,9,4,REDFISH_ALL,RN,38.53,N
01/31/2022,9,4,REDGATE_ALL,RN,38.53,N
01/31/2022,9,4,REDGATE_RN,RN,38.53,N
01/31/2022,9,4,RELOJ_ALL,RN,38.53,N
01/31/2022,9,4,REROCK_ALL,RN,38.53,N
01/31/2022,9,4,RHESS2_ESS1,RN,38.53,N
01/31/2022,9,4,RHESS_1,RN,38.53,N
01/31/2022,9,4,RIGGIN_UNIT1,RN,38.53,N
01/31/2022,9,4,RIONOG_CC1,LCCRN,38.53,N
01/31/2022,9,4,RIONOG_CT1,PCCRN,38.53,N
01/31/2022,9,4,RIONOG_CT2,PCCRN,38.53,N
01/31/2022,9,4,RIONOG_CT3,PCCRN,38.53,N
01/31/2022,9,4,RIONOG_ST1,PCCRN,38.53,N
01/31/2022,9,4,RIPPEY_ALL,RN,38.53,N
01/31/2022,9,4,RN_APOGEE,RN,38.53,N
01/31/2022,9,4,RN_BYU_G8,PCCRN,38.53,N
01/31/2022,9,4,RN_DEC_AGR_A,RN,38.53,N
01/31/2022,9,4,RN_DEC_AGR_B,RN,38.53,N
01/31/2022,9,4,RN_DEC_AGR_C,RN,38.53,N
01/31/2022,9,4,RN_DEC_AGR_D,RN,38.53,N
01/31/2022,9,4,RN_ECEC_HOLT,RN,38.53,N
01/31/2022,9,4,RN_OCI_ALAMO,RN,38.53,N
01/31/2022,9,4,RN_RTS1,RN,38.53,N
01/31/2022,9,4,RN_SR_WIND1,RN,38.53,N
01/31/2022,9,4,RN_TOSBATT,RN,38.53,N
01/31/2022,9,4,ROUTE66_RN,RN,38.53,N
01/31/2022,9,4,RPUBRDS_RN,RN,38.53,N
01/31/2022,9,4,RSK_RN,RN,38.53,N
01/31/2022,9,4,SALVTION_GEN,RN,38.53,N
01/31/2022,9,4,SAMSON_ALL,RN,38.53,N
01/31/2022,9,4,SANDHSYD1_2,RN,38.53,N
01/31/2022,9,4,SANDHSYD3_4,RN,38.53,N
01/31/2022,9,4,SANDHSYD6_7,RN,38.53,N
01/31/2022,9,4,SANDHSYD_5AC,PCCRN,38.53,N
01/31/2022,9,4,SANDHSYD_CC1,LCCRN,38.53,N
01/31/2022,9,4,SANTACRU_ALL,RN,38.53,N
01/31/2022,9,4,SAN_SANMIGG1,RN,38.53,N
01/31/2022,9,4,SC2SES_UNIT1,RN,38.53,N
01/31/2022,9,4,SCES_UNIT1,RN,38.53,N
01/31/2022,9,4,SCLP_PUN1,PUN,38.53,N
01/31/2022,9,4,SCLP_PUN2,PUN,38.53,N
01/31/2022,9,4,SCLP_PUN3,PUN,38.53,N
01/31/2022,9,4,SCLP_PUN4,PUN,38.53,N
01/31/2022,9,4,SCLP_SCLPC_1,RN,38.53,N
01/31/2022,9,4,SCLP_SCLPC_2,RN,38.53,N
01/31/2022,9,4,SCLP_SCLPC_3,RN,38.53,N
01/31/2022,9,4,SCLP_SCLPC_4,RN,38.53,N
01/31/2022,9,4,SCSES_UNIT2,RN,38.53,N
01/31/2022,9,4,SDSES_PUN1,RN,38.53,N
01/31/2022,9,4,SDSES_PUN2,RN,38.53,N
01/31/2022,9,4,SDSES_PUN3,RN,38.53,N
01/31/2022,9,4,SDSES_PUN4,RN,38.53,N
01/31/2022,9,4,SENATEWD_1,RN,38.53,N
01/31/2022,9,4,SGM_SIGNALMT,RN,38.53,N
01/31/2022,9,4,SHAFFER_ALL,RN,38.53,N
01/31/2022,9,4,SHANNONW_RN,RN,38.53,N
01/31/2022,9,4,SILASRAY_CC1,LCCRN,38.53,N
01/31/2022,9,4,SIL_SILAS_10,RN,38.53,N
01/31/2022,9,4,SIL_SILAS_6,PCCRN,38.53,N
01/31/2022,9,4,SIL_SILAS_9,PCCRN,38.53,N
01/31/2022,9,4,SIRIUS_UNIT1,RN,38.53,N
01/31/2022,9,4,SJS_SJS_G1,RN,38.53,N
01/31/2022,9,4,SJS_SJS_G2,RN,38.53,N
01/31/2022,9,4,SKY1,RN,38.53,N
01/31/2022,9,4,SLCN_ESS_ALL,RN,38.53,N
01/31/2022,9,4,SLTFRK_UN1_2,RN,38.53,N
01/31/2022,9,4,SL_PUN1,PUN,38.53,N
01/31/2022,9,4,SL_PUN2,PUN,38.53,N
01/31/2022,9,4,SL_SL_G1,RN,38.53,N
01/31/2022,9,4,SL_SL_G2,RN,38.53,N
01/31/2022,9,4,SL_SL_G3,RN,38.53,N
01/31/2022,9,4,SL_SL_G4,RN,38.53,N
01/31/2022,9,4,SNY_BESS_RN,RN,38.53,N
01/31/2022,9,4,SOLARA_UNIT1,RN,38.53,N
01/31/2022,9,4,SPLAIN1_RN,RN,38.53,N
01/31/2022,9,4,SPLAIN2_RN,RN,38.53,N
01/31/2022,9,4,SPNC_SPNCE_4,RN,38.53,N
01/31/2022,9,4,SPNC_SPNCE_5,RN,38.53,N
01/31/2022,9,4,SPTX12B_RN,RN,38.53,N
01/31/2022,9,4,SRWE1_UNIT1,RN,38.53,N
01/31/2022,9,4,SSPURT_WIND1,RN,38.53,N
01/31/2022,9,4,STEAM_ENG123,RN,38.53,N
01/31/2022,9,4,STEA_STEAM_1,RN,38.53,N
01/31/2022,9,4,STEA_STEAM_2,RN,38.53,N
01/31/2022,9,4,STEA_STEAM_3,RN,38.53,N
01/31/2022,9,4,STELLA_RN,RN,38.53,N
01/31/2022,9,4,STP_STP_G1,RN,38.53,N
01/31/2022,9,4,STP_STP_G2,RN,38.53,N
01/31/2022,9,4,STRATEGC_RN,RN,38.53,N
01/31/2022,9,4,STWF_T1,RN,38.53,N
01/31/2022,9,4,SWEC_G1,RN,38.53,N
01/31/2022,9,4,SWEETWN2_2_4,RN,38.53,N
01/31/2022,9,4,SWEETWN3_3,RN,38.53,N
01/31/2022,9,4,SWEETWND_1,RN,38.53,N
01/31/2022,9,4,SWOOSE1_U1,RN,38.53,N
01/31/2022,9,4,SWOOSEII_RN,RN,38.53,N
01/31/2022,9,4,SWTWN4_WND45,RN,38.53,N
01/31/2022,9,4,SWT_BESS_RN,RN,38.53,N
01/31/2022,9,4,S_HILLS_RN,RN,38.53,N
01/31/2022,9,4,TAHOKA_ALL,RN,38.53,N
01/31/2022,9,4,TAYGETE2_ALL,RN,38.53,N
01/31/2022,9,4,TAYGETE_ALL,RN,38.53,N
01/31/2022,9,4,TC_PUN1,PUN,38.53,N
01/31/2022,9,4,TC_PUN2,PUN,38.53,N
01/31/2022,9,4,TC_TCHP1,RN,38.53,N
01/31/2022,9,4,TEN_CC1,LCCRN,38.53,N
01/31/2022,9,4,TEN_CT1_STG,PCCRN,38.53,N
01/31/2022,9,4,TGCCS_ALL,PCCRN,30.5,N
01/31/2022,9,4,TGCCS_CC1,LCCRN,30.5,N
01/31/2022,9,4,TGF_TGFGT,RN,38.53,N
01/31/2022,9,4,TGW_T1_T2,RN,38.53,N
01/31/2022,9,4,THW_1_CCU,PCCRN,38.53,N
01/31/2022,9,4,THW_2_CCU,PCCRN,38.53,N
01/31/2022,9,4,THW_CC1,LCCRN,38.53,N
01/31/2022,9,4,THW_CC2,LCCRN,38.53,N
01/31/2022,9,4,THW_THWGT5X,RN,38.53,N
01/31/2022,9,4,THW_THWGT_1,RN,38.53,N
01/31/2022,9,4,TI_SOLAR_ALL,RN,38.53,N
01/31/2022,9,4,TKWSW_CHAMP,RN,38.53,N
01/31/2022,9,4,TKWSW_ROSCOE,RN,38.53,N
01/31/2022,9,4,TNP_TNP_O_1,RN,38.53,N
01/31/2022,9,4,TNP_TNP_O_2,RN,38.53,N
01/31/2022,9,4,TNSKA_CC1,LCCRN,38.53,N
01/31/2022,9,4,TNSKA_CCU,PCCRN,38.53,N
01/31/2022,9,4,TOPAZ_ALL,RN,38.53,N
01/31/2022,9,4,TORR_ALL,RN,38.53,N
01/31/2022,9,4,TOYAH_RN,RN,38.53,N
01/31/2022,9,4,TRENT_TRENT,RN,38.53,N
01/31/2022,9,4,TRINITY_ALL,RN,38.53,N
01/31/2022,9,4,TRIPBUT1_RN,RN,38.53,N
01/31/2022,9,4,TRSES_UNIT6,RN,38.53,N
01/31/2022,9,4,TRUENO_ALL,RN,38.53,N
01/31/2022,9,4,TRUSGILL_RN,RN,38.53,N
01/31/2022,9,4,TTRSW_RN,RN,38.53,N
01/31/2022,9,4,TTWEC_G1,RN,38.53,N
01/31/2022,9,4,TXCTY_CC1,LCCRN,38.53,N
01/31/2022,9,4,TXCTY_CTA,PCCRN,38.53,N
01/31/2022,9,4,TXCTY_CTB,PCCRN,38.53,N
01/31/2022,9,4,TXCTY_CTC,PCCRN,38.53,N
01/31/2022,9,4,TXCTY_ST,PCCRN,38.53,N
01/31/2022,9,4,TYLRWIND_RN,RN,38.53,N
01/31/2022,9,4,T_CK_GT2_RN,RN,38.53,N
01/31/2022,9,4,T_CK_GT3_RN,RN,38.53,N
01/31/2022,9,4,UCC_COG_PUN2,PUN,38.53,N
01/31/2022,9,4,UCC_UCC_C_2,RN,38.53,N
01/31/2022,9,4,VANCOURT_RN,RN,38.53,N
01/31/2022,9,4,VENADO_ALL,RN,38.53,N
01/31/2022,9,4,VERAWIND_ALL,RN,38.53,N
01/31/2022,9,4,VERTIGO_UN1,RN,38.53,N
01/31/2022,9,4,VICTORIA_CC1,LCCRN,38.53,N
01/31/2022,9,4,VICTPORT_ALL,RN,38.53,N
01/31/2022,9,4,VICTPORT_RN,RN,38.53,N
01/31/2022,9,4,VIC_VICTORG5,PCCRN,38.53,N
01/31/2022,9,4,VIC_VICTORG6,PCCRN,38.53,N
01/31/2022,9,4,VISION_RN,RN,38.53,N
01/31/2022,9,4,VLSES_UNIT3,PCCRN,38.53,N
01/31/2022,9,4,VORT_ALL_RN,RN,38.53,N
01/31/2022,9,4,WAKEWE_ALL,RN,38.53,N
01/31/2022,9,4,WAP_WAPGT_1,RN,38.53,N
01/31/2022,9,4,WAP_WAP_G1,RN,38.53,N
01/31/2022,9,4,WAP_WAP_G2,RN,38.53,N
01/31/2022,9,4,WAP_WAP_G3,RN,38.53,N
01/31/2022,9,4,WAP_WAP_G4,RN,38.53,N
01/31/2022,9,4,WAP_WAP_G5,RN,38.53,N
01/31/2022,9,4,WAP_WAP_G6,RN,38.53,N
01/31/2022,9,4,WAP_WAP_G7,RN,38.53,N
01/31/2022,9,4,WAP_WAP_G8,RN,38.53,N
01/31/2022,9,4,WAYMARK_RN,RN,38.53,N
01/31/2022,9,4,WCPP_CC1,LCCRN,38.53,N
01/31/2022,9,4,WCPP_CT1,PCCRN,38.53,N
01/31/2022,9,4,WCPP_CT2,PCCRN,38.53,N
01/31/2022,9,4,WCPP_ST1,PCCRN,38.53,N
01/31/2022,9,4,WEBBER_WS_T1,RN,38.53,N
01/31/2022,9,4,WEC_WECG1,RN,38.53,N
01/31/2022,9,4,WFCOGEN_13,PCCRN,38.53,N
01/31/2022,9,4,WFCOGEN_24,PCCRN,38.53,N
01/31/2022,9,4,WFCOGEN_CC1,LCCRN,38.53,N
01/31/2022,9,4,WGU_RN,RN,38.53,N
01/31/2022,9,4,WHCCS2_4,PCCRN,38.53,N
01/31/2022,9,4,WHCCS2_5_6,PCCRN,38.53,N
01/31/2022,9,4,WHCCS2_CC2,LCCRN,38.53,N
01/31/2022,9,4,WHCCS_CC1,LCCRN,38.53,N
01/31/2022,9,4,WHCCS_CT1_ST,PCCRN,38.53,N
01/31/2022,9,4,WHCCS_CT2,PCCRN,38.53,N
01/31/2022,9,4,WHITE_PT_UN1,RN,38.53,N
01/31/2022,9,4,WHMESA_U1,RN,38.53,N
01/31/2022,9,4,WHTTAIL_WR1,RN,38.53,N
01/31/2022,9,4,WH_WIND_ALL,RN,38.53,N
01/31/2022,9,4,WILDWIND_ALL,RN,38.53,N
01/31/2022,9,4,WIPOPA_1_2,RN,38.53,N
01/31/2022,9,4,WIPOPA_3_4,RN,38.53,N
01/31/2022,9,4,WIR_WIRTZ_G1,RN,38.53,N
01/31/2022,9,4,WIR_WIRTZ_G2,RN,38.53,N
01/31/2022,9,4,WL_RANCH_RN,RN,38.53,N
01/31/2022,9,4,WNDTS2_UNIT1,RN,38.53,N
01/31/2022,9,4,WND_WHITNEY,RN,38.53,N
01/31/2022,9,4,WOODWRD1_RN,RN,38.53,N
01/31/2022,9,4,WOODWRD2_RN,RN,38.53,N
01/31/2022,9,4,WOO_WOODWRD1,RN,38.53,N
01/31/2022,9,4,WOO_WOODWRD2,RN,38.53,N
01/31/2022,9,4,WOV_BESS_RN,RN,38.53,N
01/31/2022,9,4,WRSBES_BESS1,RN,38.53,N
01/31/2022,9,4,W_PECO_UNIT1,RN,38.53,N
01/31/2022,9,4,X443ESRN,RN,38.53,N
