DeliveryDate,DeliveryHour,DeliveryInterval,SettlementPointName,SettlementPointType,SettlementPointPrice,DSTFlag
01/31/2022,22,1,AEEC,RN,-11.6,N
01/31/2022,22,1,AJAXWIND_RN,RN,-15.95,N
01/31/2022,22,1,ALGOD_ALL_RN,RN,17.98,N
01/31/2022,22,1,ALVIN_RN,RN,22.05,N
01/31/2022,22,1,AMADEUS_ALL,RN,-16.56,N
01/31/2022,22,1,AMISTAD_ALL,RN,9.1,N
01/31/2022,22,1,AMOCOOIL_CC1,LCCRN,22.34,N
01/31/2022,22,1,AMOCOOIL_CC2,LCCRN,22.34,N
01/31/2022,22,1,AMOCO_PUN1,PUN,22.34,N
01/31/2022,22,1,AMOCO_PUN2,PUN,22.34,N
01/31/2022,22,1,AMO_AMOCO_1,PCCRN,22.34,N
01/31/2022,22,1,AMO_AMOCO_2,PCCRN,22.34,N
01/31/2022,22,1,AMO_AMOCO_5,PCCRN,22.34,N
01/31/2022,22,1,AMO_AMOCO_G1,PCCRN,22.34,N
01/31/2022,22,1,AMO_AMOCO_G2,PCCRN,22.34,N
01/31/2022,22,1,AMO_AMOCO_G3,PCCRN,22.34,N
01/31/2022,22,1,AMO_AMOCO_S1,PCCRN,22.34,N
01/31/2022,22,1,AMO_AMOCO_S2,PCCRN,22.34,N
01/31/2022,22,1,ANACACHO_ANA,RN,12.34,N
01/31/2022,22,1,ANCHOR_ALL,RN,9.79,N
01/31/2022,22,1,ANSON1_ALL,RN,-2.96,N
01/31/2022,22,1,AQUI_ALL,RN,25.39,N
01/31/2022,22,1,ARAGORN_RN,RN,0.38,N
01/31/2022,22,1,ASTRA_RN,RN,-13.64,N
01/31/2022,22,1,ATK_ATKINSG7,RN,23.99,N
01/31/2022,22,1,AUSTPL_ALL,RN,16.87,N
01/31/2022,22,1,AVIAT_ALL,RN,-1.37,N
01/31/2022,22,1,AZURE_RN,RN,-12.21,N
01/31/2022,22,1,AZ_ALL,RN,22.74,N
01/31/2022,22,1,BAC_RN_ALL,RN,22.34,N
01/31/2022,22,1,BAFFIN_ALL,RN,17.82,N
01/31/2022,22,1,BAIRDWND_ALL,RN,2.02,N
01/31/2022,22,1,BARROW_ALL,RN,0.39,N
01/31/2022,22,1,BASTEN_CC1,LCCRN,17.57,N
01/31/2022,22,1,BASTEN_CCU,PCCRN,17.57,N
01/31/2022,22,1,BATCAVE_RN,RN,10.23,N
01/31/2022,22,1,BBREEZE_1_2,RN,17.69,N
01/31/2022,22,1,BCATWD_WD_1,RN,-17.69,N
01/31/2022,22,1,BCK_RN,RN,22.49,N
01/31/2022,22,1,BIGSTAR_ALL,RN,17.4,N
01/31/2022,22,1,BLACKJAK_RN,RN,17.79,N
01/31/2022,22,1,BLSMT1_5_A_6,RN,-13.87,N
01/31/2022,22,1,BLUEJAY_RN,RN,24.25,N
01/31/2022,22,1,BOOTLEG_UN1,RN,0.98,N
01/31/2022,22,1,BORDAS_345,RN,17.36,N
01/31/2022,22,1,BOSQUESW_CC1,LCCRN,18.78,N
01/31/2022,22,1,BOSQUESW_CC2,LCCRN,20.5,N
01/31/2022,22,1,BOSQ_BSQSU_5,PCCRN,20.5,N
01/31/2022,22,1,BOSQ_BSQS_12,PCCRN,20.5,N
01/31/2022,22,1,BOSQ_BSQS_34,PCCRN,18.78,N
01/31/2022,22,1,BRANDON_RN,RN,-9.76,N
01/31/2022,22,1,BRAUNIG_CC1,LCCRN,16.52,N
01/31/2022,22,1,BRAUNIG_VHB1,RN,16.39,N
01/31/2022,22,1,BRAUNIG_VHB2,RN,16.39,N
01/31/2022,22,1,BRAUNIG_VHB3,RN,16.39,N
01/31/2022,22,1,BRAZ_WND_ALL,RN,-12.63,N
01/31/2022,22,1,BRA_AVR1_CT2,PCCRN,16.52,N
01/31/2022,22,1,BRA_AVR_CST1,PCCRN,16.52,N
01/31/2022,22,1,BRHEIGHT_RN,RN,22.34,N
01/31/2022,22,1,BRIGHTSD_RN,RN,17.29,N
01/31/2022,22,1,BRISCOE_WIND,RN,-14.17,N
01/31/2022,22,1,BRPANGLE_RN,RN,21.63,N
01/31/2022,22,1,BRPMAGNO_RN,RN,22.23,N
01/31/2022,22,1,BRP_BRAZ_RN,RN,21.63,N
01/31/2022,22,1,BRP_DIKN_RN,RN,22.28,N
01/31/2022,22,1,BRP_LOOP_RN,RN,18.11,N
01/31/2022,22,1,BRP_LOP1_RN,RN,17.39,N
01/31/2022,22,1,BRP_PBL1_RN,RN,12.56,N
01/31/2022,22,1,BRP_PBL2_RN,RN,12.56,N
01/31/2022,22,1,BRP_RN_UNIT1,RN,15.44,N
01/31/2022,22,1,BRP_SEMI_RN,RN,22.19,N
01/31/2022,22,1,BRP_SWNY_RN,RN,21.65,N
01/31/2022,22,1,BRP_ZPT1_RN,RN,17.26,N
01/31/2022,22,1,BRP_ZPT2_RN,RN,17.26,N
01/31/2022,22,1,BRTSW_BCW1,RN,-14.79,N
01/31/2022,22,1,BR_VHB6CT5_6,RN,16.42,N
01/31/2022,22,1,BR_VHB6CT7_8,RN,16.42,N
01/31/2022,22,1,BSS_U1,RN,21.66,N
01/31/2022,22,1,BTE_BTE_G1,PCCRN,22.8,N
01/31/2022,22,1,BTE_BTE_G2,PCCRN,22.8,N
01/31/2022,22,1,BTE_BTE_G3,PCCRN,22.8,N
01/31/2022,22,1,BTE_BTE_G4,PCCRN,22.8,N
01/31/2022,22,1,BTE_CC1,LCCRN,22.8,N
01/31/2022,22,1,BTE_PUN1,PUN,22.8,N
01/31/2022,22,1,BTE_PUN2,PUN,22.8,N
01/31/2022,22,1,BUCHAN_ALL,RN,14.44,N
01/31/2022,22,1,BUCKTHRN_RN,RN,-14.98,N
01/31/2022,22,1,BUFF_GAP_ALL,RN,-6.39,N
01/31/2022,22,1,BULLCRK_1_2,RN,9.57,N
01/31/2022,22,1,BVE_CC1,LCCRN,22.49,N
01/31/2022,22,1,BVE_UNIT1,PCCRN,22.49,N
01/31/2022,22,1,BVE_UNIT2,PCCRN,22.49,N
01/31/2022,22,1,BVE_UNIT3,PCCRN,22.49,N
01/31/2022,22,1,BYU_BYU_1,RN,22.52,N
01/31/2022,22,1,BYU_BYU_12,PCCRN,22.52,N
01/31/2022,22,1,BYU_BYU_34,PCCRN,22.52,N
01/31/2022,22,1,BYU_BYU_G8,RN,22.52,N
01/31/2022,22,1,BYU_CC1,LCCRN,22.52,N
01/31/2022,22,1,BYU_PUN1,PUN,22.52,N
01/31/2022,22,1,BYU_PUN2,PUN,22.52,N
01/31/2022,22,1,BYU_PUN3,PUN,22.52,N
01/31/2022,22,1,BYU_PUN4,PUN,22.52,N
01/31/2022,22,1,B_DAVIS_3,PCCRN,17.96,N
01/31/2022,22,1,B_DAVIS_4,PCCRN,17.96,N
01/31/2022,22,1,B_DAVIS_CC1,LCCRN,17.96,N
01/31/2022,22,1,B_D_B_DAVIG1,RN,17.96,N
01/31/2022,22,1,B_D_B_DAVIG2,PCCRN,17.96,N
01/31/2022,22,1,CABEZON_ALL,RN,17.37,N
01/31/2022,22,1,CALAVER_JKS1,RN,16.58,N
01/31/2022,22,1,CALAVER_JKS2,RN,16.58,N
01/31/2022,22,1,CALAVER_JTD1,RN,16.38,N
01/31/2022,22,1,CALAVER_JTD2,RN,16.38,N
01/31/2022,22,1,CALAVER_OWS1,RN,16.38,N
01/31/2022,22,1,CALAVER_OWS2,RN,16.38,N
01/31/2022,22,1,CALHOUN_ALL,RN,18.46,N
01/31/2022,22,1,CALLAHA_WND1,RN,-6.9,N
01/31/2022,22,1,CAL_CALGT1,PCCRN,22.74,N
01/31/2022,22,1,CAL_CALSTG1,PCCRN,22.74,N
01/31/2022,22,1,CAL_CC1,LCCRN,22.74,N
01/31/2022,22,1,CAL_PUN1,PUN,22.74,N
01/31/2022,22,1,CAL_PUN2,PUN,22.74,N
01/31/2022,22,1,CAMWIND_RN,RN,17.7,N
01/31/2022,22,1,CAPRIDG4_CR4,RN,-1.37,N
01/31/2022,22,1,CAPRIDGE_ALL,RN,-1.37,N
01/31/2022,22,1,CARBN_BSP_1,RN,2.93,N
01/31/2022,22,1,CASL_GAP_UN1,RN,0.62,N
01/31/2022,22,1,CBECII_1,RN,20.89,N
01/31/2022,22,1,CBECII_2,RN,20.89,N
01/31/2022,22,1,CBECII_89,PCCRN,20.89,N
01/31/2022,22,1,CBECII_CC3,LCCRN,20.89,N
01/31/2022,22,1,CBECII_CT7,PCCRN,20.89,N
01/31/2022,22,1,CBEC_ALL,PCCRN,20.46,N
01/31/2022,22,1,CBEC_CC1,LCCRN,20.46,N
01/31/2022,22,1,CBEC_CC2,LCCRN,20.46,N
01/31/2022,22,1,CBY4_ALL,PCCRN,22.79,N
01/31/2022,22,1,CBY4_CC1,LCCRN,22.79,N
01/31/2022,22,1,CBY_CBY_G1,RN,22.75,N
01/31/2022,22,1,CBY_CBY_G2,RN,22.75,N
01/31/2022,22,1,CCEC_CC1,LCCRN,17.98,N
01/31/2022,22,1,CCEC_GT1,PCCRN,17.98,N
01/31/2022,22,1,CCEC_GT2,PCCRN,17.98,N
01/31/2022,22,1,CCEC_PUN1,PUN,17.98,N
01/31/2022,22,1,CCEC_PUN2,PUN,17.98,N
01/31/2022,22,1,CCEC_ST1,PCCRN,17.98,N
01/31/2022,22,1,CEDROHI_CHW1,RN,17.23,N
01/31/2022,22,1,CFLATS_UNIT,RN,2.88,N
01/31/2022,22,1,CHALUP_ALL,RN,17.7,N
01/31/2022,22,1,CHAMON_UN1,RN,22.85,N
01/31/2022,22,1,CHAMON_UN2,RN,22.85,N
01/31/2022,22,1,CHEDPW_GT2,PCCRN,22.97,N
01/31/2022,22,1,CHE_CC1,LCCRN,22.96,N
01/31/2022,22,1,CHE_LYD,PCCRN,22.94,N
01/31/2022,22,1,CHE_LYD2,PCCRN,22.94,N
01/31/2022,22,1,CHE_PUN1,PUN,22.94,N
01/31/2022,22,1,CHE_PUN2,PUN,22.94,N
01/31/2022,22,1,CHISMGRD_RN,RN,-3.5,N
01/31/2022,22,1,CITYVICT_ALL,RN,18.08,N
01/31/2022,22,1,CN_BRKS_UNT1,RN,-13.73,N
01/31/2022,22,1,COL_COLETOG1,RN,17.61,N
01/31/2022,22,1,CONIGLIO_RN,RN,20.21,N
01/31/2022,22,1,CORAZON_RN,RN,17.2,N
01/31/2022,22,1,COTPLNS_RN,RN,-14.84,N
01/31/2022,22,1,COTTON_PAP2,RN,18.04,N
01/31/2022,22,1,CPSES_UNIT1,RN,-47.29,N
01/31/2022,22,1,CPSES_UNIT2,RN,-47.29,N
01/31/2022,22,1,CRANELL_ALL,RN,17.79,N
01/31/2022,22,1,CROSSETT_ALL,RN,0.76,N
01/31/2022,22,1,CSC_CSECG1_2,RN,-15.79,N
01/31/2022,22,1,CVC_CC1,LCCRN,22.99,N
01/31/2022,22,1,CVC_CVCG1_5,PCCRN,22.99,N
01/31/2022,22,1,CVC_CVC_G2,PCCRN,22.99,N
01/31/2022,22,1,CVC_CVC_G3,PCCRN,22.99,N
01/31/2022,22,1,DANSBY_ALL,RN,23.9,N
01/31/2022,22,1,DC2SES_ALL,RN,-28.71,N
01/31/2022,22,1,DC_E,LZ_DC,22.99,N
01/31/2022,22,1,DC_E,LZ_DCEW,22.99,N
01/31/2022,22,1,DC_L,LZ_DCEW,17.01,N
01/31/2022,22,1,DC_L,LZ_DC,17.01,N
01/31/2022,22,1,DC_N,LZ_DCEW,-13.75,N
01/31/2022,22,1,DC_N,LZ_DC,-13.75,N
01/31/2022,22,1,DC_R,LZ_DC,17.64,N
01/31/2022,22,1,DC_R,LZ_DCEW,17.64,N
01/31/2022,22,1,DC_S,LZ_DC,12.01,N
01/31/2022,22,1,DC_S,LZ_DCEW,12.01,N
01/31/2022,22,1,DDPEC_CC1,LCCRN,22.59,N
01/31/2022,22,1,DDPEC_GT1,PCCRN,22.59,N
01/31/2022,22,1,DDPEC_GT2,PCCRN,22.59,N
01/31/2022,22,1,DDPEC_GT3,PCCRN,22.59,N
01/31/2022,22,1,DDPEC_GT4,PCCRN,22.59,N
01/31/2022,22,1,DDPEC_GT6,PCCRN,22.59,N
01/31/2022,22,1,DDPEC_ST1,PCCRN,22.59,N
01/31/2022,22,1,DECKER_DPG1,RN,17.03,N
01/31/2022,22,1,DECKER_DPG2,RN,17.03,N
01/31/2022,22,1,DECKER_GT,RN,17.21,N
01/31/2022,22,1,DENISON_G1_2,RN,18.11,N
01/31/2022,22,1,DERMOTT_ALL,RN,-23.01,N
01/31/2022,22,1,DIB_CC1,LCCRN,22.69,N
01/31/2022,22,1,DIB_DIB_G1,PCCRN,22.69,N
01/31/2022,22,1,DIB_DIB_G2,PCCRN,22.69,N
01/31/2022,22,1,DIB_DIB_G3,PCCRN,22.69,N
01/31/2022,22,1,DIB_DIB_G4,PCCRN,22.69,N
01/31/2022,22,1,DIB_PUN1,PUN,22.69,N
01/31/2022,22,1,DIB_PUN2,PUN,22.69,N
01/31/2022,22,1,DOWGEN_PUN1,PUN,21.3,N
01/31/2022,22,1,DOWGEN_PUN2,PUN,21.3,N
01/31/2022,22,1,DOWGEN_PUN3,PUN,21.3,N
01/31/2022,22,1,DOW_61_2_63,RN,21.3,N
01/31/2022,22,1,DOW_64,RN,21.3,N
01/31/2022,22,1,DOW_81_2_84,RN,21.3,N
01/31/2022,22,1,DOW_G37_G35,RN,21.3,N
01/31/2022,22,1,DOW_G66_ST65,RN,21.3,N
01/31/2022,22,1,DOW_G67,RN,21.3,N
01/31/2022,22,1,DOW_G96_ST95,RN,21.3,N
01/31/2022,22,1,DUKE_CC1,LCCRN,17.64,N
01/31/2022,22,1,DUKE_GST1CCU,PCCRN,17.64,N
01/31/2022,22,1,DUKE_GT2_CCU,PCCRN,17.64,N
01/31/2022,22,1,DUP_PUN1,PUN,18.19,N
01/31/2022,22,1,DUP_PUN2,PUN,18.19,N
01/31/2022,22,1,DUP_PUN3,PUN,18.19,N
01/31/2022,22,1,DUP_PUN4,PUN,18.19,N
01/31/2022,22,1,ECLIPSE_UN1,RN,11.38,N
01/31/2022,22,1,ELB_ELBCREEK,RN,-0.68,N
01/31/2022,22,1,ELECTRAW_1_2,RN,-13.82,N
01/31/2022,22,1,EL_RAYO_ALL,RN,17.71,N
01/31/2022,22,1,ENAS_ENA1,RN,3.67,N
01/31/2022,22,1,ERSL_RN,RN,15.64,N
01/31/2022,22,1,ETCCS_CC1,LCCRN,35.58,N
01/31/2022,22,1,ETCCS_CCU,PCCRN,35.58,N
01/31/2022,22,1,EUNICE_ALL,RN,0.21,N
01/31/2022,22,1,EXGNSND_RN,RN,17.26,N
01/31/2022,22,1,EXGNWTL_1,RN,17.23,N
01/31/2022,22,1,EXN_14,RN,22.77,N
01/31/2022,22,1,EXN_1_3,RN,22.77,N
01/31/2022,22,1,EXN_4,RN,22.77,N
01/31/2022,22,1,EXN_8,RN,22.77,N
01/31/2022,22,1,EXN_9_13,RN,22.77,N
01/31/2022,22,1,EXN_PUN1,PUN,22.77,N
01/31/2022,22,1,EXN_PUN2,PUN,22.77,N
01/31/2022,22,1,EXN_PUN3,PUN,22.77,N
01/31/2022,22,1,E_BLACK_RN,RN,17.12,N
01/31/2022,22,1,FAL_FALCONG1,RN,17.43,N
01/31/2022,22,1,FAL_FALCONG2,RN,17.43,N
01/31/2022,22,1,FAL_FALCONG3,RN,17.43,N
01/31/2022,22,1,FEGC_RN,RN,22.39,N
01/31/2022,22,1,FERGCC_CC1,LCCRN,14.12,N
01/31/2022,22,1,FERGCC_GT1_1,PCCRN,14.12,N
01/31/2022,22,1,FERGCC_GT2_3,PCCRN,14.12,N
01/31/2022,22,1,FERGCC_ST1_5,PCCRN,14.12,N
01/31/2022,22,1,FERMI_ALL,RN,6.35,N
01/31/2022,22,1,FLCNS_CC1,LCCRN,-0.62,N
01/31/2022,22,1,FLCNS_UNIT1,PCCRN,-0.62,N
01/31/2022,22,1,FLCNS_UNIT2,PCCRN,-0.62,N
01/31/2022,22,1,FLCNS_UNIT3,PCCRN,-0.62,N
01/31/2022,22,1,FLOWERII_RN,RN,0.51,N
01/31/2022,22,1,FLTBES1,RN,0.51,N
01/31/2022,22,1,FLTCK_SSI,RN,-14.86,N
01/31/2022,22,1,FLUVANNA_1_2,RN,-31.12,N
01/31/2022,22,1,FLVABES1_ESR,RN,0.51,N
01/31/2022,22,1,FOARDCTY_ALL,RN,-13.86,N
01/31/2022,22,1,FORMOSA_CC1,LCCRN,18.55,N
01/31/2022,22,1,FORMOSA_CC2,LCCRN,18.55,N
01/31/2022,22,1,FORMOSA_PUN1,PUN,18.55,N
01/31/2022,22,1,FORMOSA_PUN2,PUN,18.55,N
01/31/2022,22,1,FO_FORMOSA11,RN,18.55,N
01/31/2022,22,1,FO_FORMOSA12,RN,18.55,N
01/31/2022,22,1,FO_FORMOSG1,PCCRN,18.55,N
01/31/2022,22,1,FO_FORMOSG10,PCCRN,18.55,N
01/31/2022,22,1,FO_FORMOSG13,PCCRN,18.55,N
01/31/2022,22,1,FO_FORMOSG14,PCCRN,18.55,N
01/31/2022,22,1,FO_FORMOSG15,PCCRN,18.55,N
01/31/2022,22,1,FO_FORMOSG2,PCCRN,18.55,N
01/31/2022,22,1,FO_FORMOSG3,PCCRN,18.55,N
01/31/2022,22,1,FO_FORMOSG4,PCCRN,18.55,N
01/31/2022,22,1,FO_FORMOSG5,PCCRN,18.55,N
01/31/2022,22,1,FO_FORMOSG6,PCCRN,18.55,N
01/31/2022,22,1,FO_FORMOSG7,PCCRN,18.55,N
01/31/2022,22,1,FO_FORMOSG8,RN,18.55,N
01/31/2022,22,1,FO_FORMOSG9,PCCRN,18.55,N
01/31/2022,22,1,FPPYD_FPP_G1,RN,18.29,N
01/31/2022,22,1,FPPYD_FPP_G2,RN,18.29,N
01/31/2022,22,1,FPPYD_FPP_G3,RN,18.35,N
01/31/2022,22,1,FREC_1_CCU,PCCRN,29.64,N
01/31/2022,22,1,FREC_2_CCU,PCCRN,29.54,N
01/31/2022,22,1,FREC_CC1,LCCRN,29.64,N
01/31/2022,22,1,FREC_CC2,LCCRN,29.54,N
01/31/2022,22,1,FRNYPP_1_CCU,PCCRN,29.9,N
01/31/2022,22,1,FRNYPP_2_CCU,PCCRN,29.9,N
01/31/2022,22,1,FRNYPP_CC1,LCCRN,29.9,N
01/31/2022,22,1,FRNYPP_CC2,LCCRN,29.9,N
01/31/2022,22,1,FTR_CC1,LCCRN,24.14,N
01/31/2022,22,1,FTR_FTR_G1_4,PCCRN,24.14,N
01/31/2022,22,1,FTWIND_UNIT1,RN,-21.94,N
01/31/2022,22,1,FWLR_SLR_1,RN,0.72,N
01/31/2022,22,1,GALO_RN1,RN,-3.99,N
01/31/2022,22,1,GAMBIT_RN,RN,21.63,N
01/31/2022,22,1,GBY_GT,RN,22.79,N
01/31/2022,22,1,GID_GIDEONG1,RN,17.67,N
01/31/2022,22,1,GID_GIDEONG2,RN,17.67,N
01/31/2022,22,1,GID_GIDEONG3,RN,17.67,N
01/31/2022,22,1,GOA_GOATWIND,RN,-1.33,N
01/31/2022,22,1,GPASTURE_ALL,RN,-12.19,N
01/31/2022,22,1,GRANDVW1_A_B,RN,-13.95,N
01/31/2022,22,1,GREASWOD_ALL,RN,0.93,N
01/31/2022,22,1,GRIF_TRL_RN,RN,-13.24,N
01/31/2022,22,1,GRSES_UNIT1,RN,-19.81,N
01/31/2022,22,1,GRSES_UNIT2,RN,-24.4,N
01/31/2022,22,1,GUADG_CC1,LCCRN,16.57,N
01/31/2022,22,1,GUADG_CC2,LCCRN,16.57,N
01/31/2022,22,1,GUADG_CCU1,PCCRN,16.57,N
01/31/2022,22,1,GUADG_CCU2,PCCRN,16.57,N
01/31/2022,22,1,GUNMTN_NODE,RN,5.68,N
01/31/2022,22,1,GWEC_G1,RN,-22.84,N
01/31/2022,22,1,HAYSEN1_2,RN,15.98,N
01/31/2022,22,1,HAYSEN3_4,RN,15.98,N
01/31/2022,22,1,HB_BUSAVG,SH,16.11,N
01/31/2022,22,1,HB_HOUSTON,HU,22.75,N
01/31/2022,22,1,HB_HUBAVG,AH,12.85,N
01/31/2022,22,1,HB_NORTH,HU,19.46,N
01/31/2022,22,1,HB_PAN,HU,-14.23,N
01/31/2022,22,1,HB_SOUTH,HU,17.23,N
01/31/2022,22,1,HB_WEST,HU,-8.04,N
01/31/2022,22,1,HELIOS_RN,RN,14.69,N
01/31/2022,22,1,HHGT_KENDAL,RN,10.25,N
01/31/2022,22,1,HHOLLW2_WND1,RN,-6.39,N
01/31/2022,22,1,HHOLLW3_WND1,RN,-6.39,N
01/31/2022,22,1,HHOLLW4_WND1,RN,-6.39,N
01/31/2022,22,1,HICK_G1_G2,RN,2.03,N
01/31/2022,22,1,HI_LONE_ALL,RN,1.4,N
01/31/2022,22,1,HLSES_UNIT3,RN,191.16,N
01/31/2022,22,1,HLSES_UNIT4,RN,191.16,N
01/31/2022,22,1,HLSES_UNIT5,RN,191.16,N
01/31/2022,22,1,HOLSTEIN_ALL,RN,-6.37,N
01/31/2022,22,1,HORSCR_RN,RN,0.82,N
01/31/2022,22,1,HORSECRK_RN,RN,-12.76,N
01/31/2022,22,1,HOVEY_GEN,RN,0.66,N
01/31/2022,22,1,HRBESS_BESS,RN,0.65,N
01/31/2022,22,1,HRFDWIND_ALL,RN,-13.64,N
01/31/2022,22,1,HWF_HWFG1,RN,-13.78,N
01/31/2022,22,1,H_HOLLO_WND1,RN,-6.39,N
01/31/2022,22,1,IMP_RN1,RN,21.58,N
01/31/2022,22,1,INDNENR_1_RN,RN,1.19,N
01/31/2022,22,1,INDNENR_2_RN,RN,1.01,N
01/31/2022,22,1,INDNNWP_RN,RN,1.08,N
01/31/2022,22,1,INDN_INDNNWP,RN,1.08,N
01/31/2022,22,1,IND_INADALE1,RN,-5.65,N
01/31/2022,22,1,INGLCOSW_CC1,LCCRN,18.07,N
01/31/2022,22,1,INGLCOSW_STG,PCCRN,18.07,N
01/31/2022,22,1,INGLCOS_CTG1,PCCRN,18.07,N
01/31/2022,22,1,INGLCOS_CTG2,PCCRN,18.07,N
01/31/2022,22,1,INGLCO_PUN1,PUN,18.07,N
01/31/2022,22,1,INGLCO_PUN2,PUN,18.07,N
01/31/2022,22,1,INGLCO_PUN3,PUN,18.07,N
01/31/2022,22,1,INKS_INKS_G1,RN,13.76,N
01/31/2022,22,1,IN_INDNENR,RN,1.19,N
01/31/2022,22,1,IN_INDNENR_2,RN,1.01,N
01/31/2022,22,1,JACKCNTY_CC1,LCCRN,-7.07,N
01/31/2022,22,1,JACKCNTY_CT1,PCCRN,-7.07,N
01/31/2022,22,1,JACKCNTY_CT2,PCCRN,-7.07,N
01/31/2022,22,1,JACKCNTY_STG,PCCRN,-7.07,N
01/31/2022,22,1,JCKCNTY2_CC1,LCCRN,-26.69,N
01/31/2022,22,1,JCKCNTY2_CT3,PCCRN,-26.69,N
01/31/2022,22,1,JCKCNTY2_CT4,PCCRN,-26.69,N
01/31/2022,22,1,JCKCNTY2_ST2,PCCRN,-26.69,N
01/31/2022,22,1,JC_BAT_RN,RN,14.37,N
01/31/2022,22,1,JUNO_ALL,RN,-1.76,N
01/31/2022,22,1,KARAKAW1_1,RN,17.98,N
01/31/2022,22,1,KARAKAW2_1,RN,17.98,N
01/31/2022,22,1,KEECHI_U1,RN,-7.07,N
01/31/2022,22,1,KELAMSL_U1,RN,30.33,N
01/31/2022,22,1,KEO_KEO_SM1,RN,0.82,N
01/31/2022,22,1,KINGE_ALL,RN,0.82,N
01/31/2022,22,1,KINGW_ALL,RN,0.62,N
01/31/2022,22,1,KING_KINGNE,RN,0.82,N
01/31/2022,22,1,KING_KINGNW,RN,0.62,N
01/31/2022,22,1,KING_KINGSE,RN,0.82,N
01/31/2022,22,1,KING_KINGSW,RN,0.62,N
01/31/2022,22,1,KMCHI_CC1,LCCRN,19.96,N
01/31/2022,22,1,KMCHI_CC2,LCCRN,19.96,N
01/31/2022,22,1,LAMESASLR_G,RN,5.16,N
01/31/2022,22,1,LAPETUS_U1,RN,0.51,N
01/31/2022,22,1,LARDVFTN_G4,RN,17.01,N
01/31/2022,22,1,LARDVFTN_G5,RN,17.01,N
01/31/2022,22,1,LASSO_GEN,RN,0.7,N
01/31/2022,22,1,LEG_LEG_G1,RN,26.27,N
01/31/2022,22,1,LEG_LEG_G2,RN,26.27,N
01/31/2022,22,1,LEONLCPCT1_2,RN,16.33,N
01/31/2022,22,1,LEONLCPCT3_4,RN,16.33,N
01/31/2022,22,1,LGDRAW_S_ALL,RN,-1.76,N
01/31/2022,22,1,LGD_LANGFORD,RN,-0.42,N
01/31/2022,22,1,LGE_CC1,LCCRN,18.07,N
01/31/2022,22,1,LGE_LGE_GT1,PCCRN,18.07,N
01/31/2022,22,1,LGE_LGE_GT2,PCCRN,18.07,N
01/31/2022,22,1,LGE_LGE_STG,PCCRN,18.07,N
01/31/2022,22,1,LGE_PUN1,RN,18.07,N
01/31/2022,22,1,LGE_PUN2,RN,18.07,N
01/31/2022,22,1,LGW_UNIT_ALL,RN,-22.84,N
01/31/2022,22,1,LHM_CVC_G4,RN,22.84,N
01/31/2022,22,1,LHM_PUN1,PUN,22.84,N
01/31/2022,22,1,LHM_PUN2,PUN,22.84,N
01/31/2022,22,1,LHORN_N_U1_2,RN,-14.17,N
01/31/2022,22,1,LHSES_UNIT1,RN,30.46,N
01/31/2022,22,1,LHSES_UNIT2,RN,30.46,N
01/31/2022,22,1,LILY_RN,RN,30.22,N
01/31/2022,22,1,LMAJADAS_ALL,RN,17.72,N
01/31/2022,22,1,LNCRK_ALL,RN,-10.67,N
01/31/2022,22,1,LONEWOLF_ALL,RN,-3.82,N
01/31/2022,22,1,LOSTPI_CC1,LCCRN,18,N
01/31/2022,22,1,LOS_LOSTPGT1,PCCRN,18,N
01/31/2022,22,1,LOS_LOSTPGT2,PCCRN,18,N
01/31/2022,22,1,LOS_LOSTPST1,PCCRN,18,N
01/31/2022,22,1,LPCCS_CC1,LCCRN,20.9,N
01/31/2022,22,1,LPCCS_CC2,LCCRN,20.9,N
01/31/2022,22,1,LPCCS_CT11,PCCRN,20.9,N
01/31/2022,22,1,LPCCS_CT12,PCCRN,20.9,N
01/31/2022,22,1,LPCCS_CT21,PCCRN,20.9,N
01/31/2022,22,1,LPCCS_CT22,PCCRN,20.9,N
01/31/2022,22,1,LPCCS_UNIT1,PCCRN,20.9,N
01/31/2022,22,1,LPCCS_UNIT2,PCCRN,20.9,N
01/31/2022,22,1,LV1A_LV1B,RN,17.72,N
01/31/2022,22,1,LV3_UNIT1,RN,17.37,N
01/31/2022,22,1,LV4_UNIT_1,RN,17.37,N
01/31/2022,22,1,LV5_UNIT1,RN,17.54,N
01/31/2022,22,1,LZ_AEN,LZEW,16.86,N
01/31/2022,22,1,LZ_AEN,LZ,16.87,N
01/31/2022,22,1,LZ_CPS,LZ,16.32,N
01/31/2022,22,1,LZ_CPS,LZEW,16.32,N
01/31/2022,22,1,LZ_HOUSTON,LZEW,22.48,N
01/31/2022,22,1,LZ_HOUSTON,LZ,22.48,N
01/31/2022,22,1,LZ_LCRA,LZEW,15.85,N
01/31/2022,22,1,LZ_LCRA,LZ,15.86,N
01/31/2022,22,1,LZ_NORTH,LZEW,24.58,N
01/31/2022,22,1,LZ_NORTH,LZ,24.58,N
01/31/2022,22,1,LZ_RAYBN,LZEW,25.34,N
01/31/2022,22,1,LZ_RAYBN,LZ,25.34,N
01/31/2022,22,1,LZ_SOUTH,LZEW,17.32,N
01/31/2022,22,1,LZ_SOUTH,LZ,17.32,N
01/31/2022,22,1,LZ_WEST,LZEW,-2.14,N
01/31/2022,22,1,LZ_WEST,LZ,-2.14,N
01/31/2022,22,1,MADERO_RN,RN,17.64,N
01/31/2022,22,1,MARBFA,RN,14.91,N
01/31/2022,22,1,MARIAH_ALL,RN,-13.64,N
01/31/2022,22,1,MAR_MARSFOG1,RN,16.57,N
01/31/2022,22,1,MAR_MARSFOG2,RN,16.57,N
01/31/2022,22,1,MAR_MARSFOG3,RN,16.57,N
01/31/2022,22,1,MASSENGL_CC1,LCCRN,-10.16,N
01/31/2022,22,1,MASSENGL_G6,PCCRN,-9.84,N
01/31/2022,22,1,MASSENGL_G7,PCCRN,-9.84,N
01/31/2022,22,1,MASSENGL_G8,PCCRN,-10.16,N
01/31/2022,22,1,MAVCRK_W_ALL,RN,-3.99,N
01/31/2022,22,1,MCDLD_FCSBW1,RN,1.35,N
01/31/2022,22,1,MCSES_UNIT6,RN,46.69,N
01/31/2022,22,1,MCSES_UNIT7,RN,46.69,N
01/31/2022,22,1,MCSES_UNIT8,RN,46.69,N
01/31/2022,22,1,MDANP_CT1_2,RN,37.08,N
01/31/2022,22,1,MDANP_CT3_4,RN,33.03,N
01/31/2022,22,1,MDANP_CT5_6,RN,33.03,N
01/31/2022,22,1,MESQCRK_ALL,RN,-1.76,N
01/31/2022,22,1,MESTENO_RN,RN,17.37,N
01/31/2022,22,1,MGSES_CT123,RN,0.72,N
01/31/2022,22,1,MGSES_CT456,RN,0.72,N
01/31/2022,22,1,MIAM1_G1_G2,RN,-13.96,N
01/31/2022,22,1,MIL_MILG1_2,RN,-14.09,N
01/31/2022,22,1,MIL_MILG345,RN,-14.09,N
01/31/2022,22,1,MIRAGE_G1,RN,22.54,N
01/31/2022,22,1,MIRASOLE_GEN,RN,17.48,N
01/31/2022,22,1,MISAE_GEN_RN,RN,-13.98,N
01/31/2022,22,1,MLSES_UNIT1,RN,30.66,N
01/31/2022,22,1,MLSES_UNIT2,RN,30.66,N
01/31/2022,22,1,MLSES_UNIT3,RN,30.66,N
01/31/2022,22,1,MOZART_WIND1,RN,-8.13,N
01/31/2022,22,1,MWEC_G1,RN,-14.02,N
01/31/2022,22,1,NACPW_UNIT1,RN,30.46,N
01/31/2022,22,1,NBOHR_RN,RN,-0.91,N
01/31/2022,22,1,NCARBIDEG8,RN,18.31,N
01/31/2022,22,1,NCARBIDE_1_7,RN,18.31,N
01/31/2022,22,1,NCARBID_PUN1,PUN,18.31,N
01/31/2022,22,1,NCARBID_PUN2,PUN,18.31,N
01/31/2022,22,1,NCO_RN,RN,21.66,N
01/31/2022,22,1,NEBULA_RN,RN,17.69,N
01/31/2022,22,1,NEDIN_CC1,LCCRN,17.64,N
01/31/2022,22,1,NED_NEDIN_G1,PCCRN,17.64,N
01/31/2022,22,1,NED_NEDIN_G2,PCCRN,17.64,N
01/31/2022,22,1,NED_NEDIN_G3,PCCRN,17.64,N
01/31/2022,22,1,NF_BRP_RN,RN,16.1,N
01/31/2022,22,1,NOBLESLR_ALL,RN,1.83,N
01/31/2022,22,1,NUECES_B_CC1,LCCRN,17.98,N
01/31/2022,22,1,NUE_NUECESG7,PCCRN,17.98,N
01/31/2022,22,1,NUE_NUECESG8,PCCRN,17.98,N
01/31/2022,22,1,NUE_NUECESG9,PCCRN,17.98,N
01/31/2022,22,1,NWF_NWF1,RN,0.31,N
01/31/2022,22,1,OBERON_U1,RN,0.21,N
01/31/2022,22,1,ODESW_RN,RN,0.13,N
01/31/2022,22,1,OECCS_1,PCCRN,-0.02,N
01/31/2022,22,1,OECCS_2,PCCRN,-0.02,N
01/31/2022,22,1,OECCS_CC1,LCCRN,-0.02,N
01/31/2022,22,1,OECCS_CC2,LCCRN,-0.02,N
01/31/2022,22,1,OGSES_1,RN,24.12,N
01/31/2022,22,1,OGSES_2,RN,24.12,N
01/31/2022,22,1,OKLA_OKLA_G1,RN,-13.75,N
01/31/2022,22,1,OLIN_OLING_1,RN,26.64,N
01/31/2022,22,1,OLIN_OLING_2,RN,26.64,N
01/31/2022,22,1,OLIN_OLING_3,RN,26.64,N
01/31/2022,22,1,OLIN_OLING_4,RN,26.64,N
01/31/2022,22,1,OWF_OWF,RN,0.78,N
01/31/2022,22,1,OXY_OXY_CCG1,RN,17.96,N
01/31/2022,22,1,OXY_PUN1,PUN,17.96,N
01/31/2022,22,1,OXY_PUN2,PUN,17.96,N
01/31/2022,22,1,PALMWI_UNIT1,RN,17.7,N
01/31/2022,22,1,PANDA_S_CC1,LCCRN,17.42,N
01/31/2022,22,1,PANDA_S_CT1,PCCRN,17.42,N
01/31/2022,22,1,PANDA_S_CT2,PCCRN,17.42,N
01/31/2022,22,1,PANDA_S_ST1,PCCRN,17.42,N
01/31/2022,22,1,PANDA_T1_CC1,LCCRN,19.14,N
01/31/2022,22,1,PANDA_T1_CT1,PCCRN,19.14,N
01/31/2022,22,1,PANDA_T1_CT2,PCCRN,19.14,N
01/31/2022,22,1,PANDA_T1_ST1,PCCRN,19.14,N
01/31/2022,22,1,PANDA_T2_CC1,LCCRN,19.14,N
01/31/2022,22,1,PANDA_T2_CT1,PCCRN,19.14,N
01/31/2022,22,1,PANDA_T2_CT2,PCCRN,19.14,N
01/31/2022,22,1,PANDA_T2_ST1,PCCRN,19.14,N
01/31/2022,22,1,PAP1_PAP1,RN,18.04,N
01/31/2022,22,1,PB2SES_CT1,RN,0.27,N
01/31/2022,22,1,PB2SES_CT2,RN,0.27,N
01/31/2022,22,1,PB2SES_CT3,RN,0.27,N
01/31/2022,22,1,PB2SES_CT4,RN,0.27,N
01/31/2022,22,1,PB2SES_CT5,RN,0.27,N
01/31/2022,22,1,PC_NORTH_1,RN,-0.68,N
01/31/2022,22,1,PC_SOUTH_ALL,RN,-0.68,N
01/31/2022,22,1,PEARSA_1_24,RN,15.83,N
01/31/2022,22,1,PENA_ALL,RN,17.82,N
01/31/2022,22,1,PES1_RN,RN,22.39,N
01/31/2022,22,1,PEY_RN,RN,20.6,N
01/31/2022,22,1,PH1_UNIT1_2,RN,-13.95,N
01/31/2022,22,1,PH2_U1_U2,RN,-13.95,N
01/31/2022,22,1,PHILLWND_ALL,RN,22.66,N
01/31/2022,22,1,PHOEBE_ALL,RN,0.27,N
01/31/2022,22,1,PHOENIX_RN,RN,19.88,N
01/31/2022,22,1,PLN_ALL,RN,20.61,N
01/31/2022,22,1,PNPI_GT2_RN,RN,22.34,N
01/31/2022,22,1,PRID_RN,RN,1.59,N
01/31/2022,22,1,PROSPERO_ALL,RN,0.23,N
01/31/2022,22,1,PRO_RN,RN,22.39,N
01/31/2022,22,1,PRSPERO2_ALL,RN,0.23,N
01/31/2022,22,1,PR_PR_ALL,RN,22.76,N
01/31/2022,22,1,PR_PR_G2,RN,22.76,N
01/31/2022,22,1,PSA_CC1,LCCRN,22.84,N
01/31/2022,22,1,PSA_PSA_G1,PCCRN,22.84,N
01/31/2022,22,1,PSA_PSA_G2,PCCRN,22.84,N
01/31/2022,22,1,PSA_PSA_G3,PCCRN,22.84,N
01/31/2022,22,1,PSA_PSA_G4,PCCRN,22.84,N
01/31/2022,22,1,PSA_PSA_G5,PCCRN,22.84,N
01/31/2022,22,1,PSA_PSA_G6,PCCRN,22.84,N
01/31/2022,22,1,PSA_PSA_G7,PCCRN,22.84,N
01/31/2022,22,1,PSA_PUN1,PUN,22.84,N
01/31/2022,22,1,PSA_PUN2,PUN,22.84,N
01/31/2022,22,1,PSA_PUN3,PUN,22.84,N
01/31/2022,22,1,PSA_PUN4,PUN,22.84,N
01/31/2022,22,1,PSA_PUN5,PUN,22.84,N
01/31/2022,22,1,PSG_CC1,LCCRN,22.74,N
01/31/2022,22,1,PSG_PSG_GT2,PCCRN,22.74,N
01/31/2022,22,1,PSG_PSG_GT3,PCCRN,22.74,N
01/31/2022,22,1,PSG_PSG_ST1,PCCRN,22.74,N
01/31/2022,22,1,PTLBES_BESS1,RN,18.31,N
01/31/2022,22,1,PYR_PYRON1,RN,-5.65,N
01/31/2022,22,1,QALSW_ALL,PCCRN,-0.04,N
01/31/2022,22,1,QALSW_CC1,LCCRN,-0.04,N
01/31/2022,22,1,QALSW_CC2,LCCRN,-0.04,N
01/31/2022,22,1,QUEEN_BA_RN,RN,0.63,N
01/31/2022,22,1,QUEEN_SL_RN,RN,0.63,N
01/31/2022,22,1,RAB_G1-8,RN,22.49,N
01/31/2022,22,1,RAMBLER_UNIT,RN,-1.52,N
01/31/2022,22,1,RANCHERO_ALL,RN,1.72,N
01/31/2022,22,1,RAYBURN_CC1,LCCRN,18.26,N
01/31/2022,22,1,RAYBURN_G1_2,RN,18.26,N
01/31/2022,22,1,RAYB_G78910,PCCRN,18.26,N
01/31/2022,22,1,RDCAN_RDCNY1,RN,-13.47,N
01/31/2022,22,1,REDBARN_RN,RN,0.98,N
01/31/2022,22,1,REDFISH_ALL,RN,17.74,N
01/31/2022,22,1,REDGATE_ALL,RN,17.64,N
01/31/2022,22,1,REDGATE_RN,RN,17.64,N
01/31/2022,22,1,RELOJ_ALL,RN,17.36,N
01/31/2022,22,1,REROCK_ALL,RN,0.66,N
01/31/2022,22,1,RHESS2_ESS1,RN,16.67,N
01/31/2022,22,1,RHESS_1,RN,16.67,N
01/31/2022,22,1,RIGGIN_UNIT1,RN,0.76,N
01/31/2022,22,1,RIONOG_CC1,LCCRN,16.35,N
01/31/2022,22,1,RIONOG_CT1,PCCRN,16.35,N
01/31/2022,22,1,RIONOG_CT2,PCCRN,16.35,N
01/31/2022,22,1,RIONOG_CT3,PCCRN,16.35,N
01/31/2022,22,1,RIONOG_ST1,PCCRN,16.35,N
01/31/2022,22,1,RIPPEY_ALL,RN,7.04,N
01/31/2022,22,1,RN_APOGEE,RN,-10.97,N
01/31/2022,22,1,RN_BYU_G8,PCCRN,22.52,N
01/31/2022,22,1,RN_DEC_AGR_A,RN,5.16,N
01/31/2022,22,1,RN_DEC_AGR_B,RN,5.16,N
01/31/2022,22,1,RN_DEC_AGR_C,RN,5.16,N
01/31/2022,22,1,RN_DEC_AGR_D,RN,5.16,N
01/31/2022,22,1,RN_ECEC_HOLT,RN,0.31,N
01/31/2022,22,1,RN_OCI_ALAMO,RN,16.32,N
01/31/2022,22,1,RN_RTS1,RN,-4.88,N
01/31/2022,22,1,RN_SR_WIND1,RN,17.7,N
01/31/2022,22,1,RN_TOSBATT,RN,0.74,N
01/31/2022,22,1,ROUTE66_RN,RN,-13.95,N
01/31/2022,22,1,RPUBRDS_RN,RN,23.3,N
01/31/2022,22,1,RSK_RN,RN,-0.91,N
01/31/2022,22,1,SALVTION_GEN,RN,-12.76,N
01/31/2022,22,1,SAMSON_ALL,RN,23.14,N
01/31/2022,22,1,SANDHSYD1_2,RN,17.01,N
01/31/2022,22,1,SANDHSYD3_4,RN,17.01,N
01/31/2022,22,1,SANDHSYD6_7,RN,17.01,N
01/31/2022,22,1,SANDHSYD_5AC,PCCRN,17.01,N
01/31/2022,22,1,SANDHSYD_CC1,LCCRN,17.01,N
01/31/2022,22,1,SANTACRU_ALL,RN,17.92,N
01/31/2022,22,1,SAN_SANMIGG1,RN,16.94,N
01/31/2022,22,1,SC2SES_UNIT1,RN,30.45,N
01/31/2022,22,1,SCES_UNIT1,RN,22.88,N
01/31/2022,22,1,SCLP_PUN1,PUN,21.67,N
01/31/2022,22,1,SCLP_PUN2,PUN,21.67,N
01/31/2022,22,1,SCLP_PUN3,PUN,21.67,N
01/31/2022,22,1,SCLP_PUN4,PUN,21.67,N
01/31/2022,22,1,SCLP_SCLPC_1,RN,21.67,N
01/31/2022,22,1,SCLP_SCLPC_2,RN,21.67,N
01/31/2022,22,1,SCLP_SCLPC_3,RN,21.67,N
01/31/2022,22,1,SCLP_SCLPC_4,RN,21.67,N
01/31/2022,22,1,SCSES_UNIT2,RN,30.45,N
01/31/2022,22,1,SDSES_PUN1,RN,18.76,N
01/31/2022,22,1,SDSES_PUN2,RN,18.76,N
01/31/2022,22,1,SDSES_PUN3,RN,18.76,N
01/31/2022,22,1,SDSES_PUN4,RN,18.76,N
01/31/2022,22,1,SENATEWD_1,RN,-23.6,N
01/31/2022,22,1,SGM_SIGNALMT,RN,3.02,N
01/31/2022,22,1,SHAFFER_ALL,RN,17.91,N
01/31/2022,22,1,SHANNONW_RN,RN,-20.34,N
01/31/2022,22,1,SILASRAY_CC1,LCCRN,17.69,N
01/31/2022,22,1,SIL_SILAS_10,RN,17.69,N
01/31/2022,22,1,SIL_SILAS_6,PCCRN,17.69,N
01/31/2022,22,1,SIL_SILAS_9,PCCRN,17.69,N
01/31/2022,22,1,SIRIUS_UNIT1,RN,0.98,N
01/31/2022,22,1,SJS_SJS_G1,RN,22.62,N
01/31/2022,22,1,SJS_SJS_G2,RN,22.62,N
01/31/2022,22,1,SKY1,RN,19.1,N
01/31/2022,22,1,SLCN_ESS_ALL,RN,16.63,N
01/31/2022,22,1,SLTFRK_UN1_2,RN,-13.96,N
01/31/2022,22,1,SL_PUN1,PUN,22.74,N
01/31/2022,22,1,SL_PUN2,PUN,22.74,N
01/31/2022,22,1,SL_SL_G1,RN,22.74,N
01/31/2022,22,1,SL_SL_G2,RN,22.74,N
01/31/2022,22,1,SL_SL_G3,RN,22.74,N
01/31/2022,22,1,SL_SL_G4,RN,22.74,N
01/31/2022,22,1,SNY_BESS_RN,RN,0.82,N
01/31/2022,22,1,SOLARA_UNIT1,RN,-8.86,N
01/31/2022,22,1,SPLAIN1_RN,RN,-14.84,N
01/31/2022,22,1,SPLAIN2_RN,RN,-14.84,N
01/31/2022,22,1,SPNC_SPNCE_4,RN,8.69,N
01/31/2022,22,1,SPNC_SPNCE_5,RN,8.69,N
01/31/2022,22,1,SPTX12B_RN,RN,0.62,N
01/31/2022,22,1,SRWE1_UNIT1,RN,-1.76,N
01/31/2022,22,1,SSPURT_WIND1,RN,-13.8,N
01/31/2022,22,1,STEAM_ENG123,RN,26.4,N
01/31/2022,22,1,STEA_STEAM_1,RN,26.4,N
01/31/2022,22,1,STEA_STEAM_2,RN,26.4,N
01/31/2022,22,1,STEA_STEAM_3,RN,26.4,N
01/31/2022,22,1,STELLA_RN,RN,17.82,N
01/31/2022,22,1,STP_STP_G1,RN,20.42,N
01/31/2022,22,1,STP_STP_G2,RN,20.42,N
01/31/2022,22,1,STRATEGC_RN,RN,33.1,N
01/31/2022,22,1,STWF_T1,RN,-4.13,N
01/31/2022,22,1,SWEC_G1,RN,1.72,N
01/31/2022,22,1,SWEETWN2_2_4,RN,-5.95,N
01/31/2022,22,1,SWEETWN3_3,RN,-5.95,N
01/31/2022,22,1,SWEETWND_1,RN,-5.95,N
01/31/2022,22,1,SWOOSE1_U1,RN,0.33,N
01/31/2022,22,1,SWOOSEII_RN,RN,0.33,N
01/31/2022,22,1,SWTWN4_WND45,RN,-5.95,N
01/31/2022,22,1,SWT_BESS_RN,RN,-2.54,N
01/31/2022,22,1,S_HILLS_RN,RN,-17.38,N
01/31/2022,22,1,TAHOKA_ALL,RN,-4.12,N
01/31/2022,22,1,TAYGETE2_ALL,RN,0.52,N
01/31/2022,22,1,TAYGETE_ALL,RN,0.52,N
01/31/2022,22,1,TC_PUN1,PUN,22.54,N
01/31/2022,22,1,TC_PUN2,PUN,22.54,N
01/31/2022,22,1,TC_TCHP1,RN,22.54,N
01/31/2022,22,1,TEN_CC1,LCCRN,-6.42,N
01/31/2022,22,1,TEN_CT1_STG,PCCRN,-6.42,N
01/31/2022,22,1,TGCCS_ALL,PCCRN,30.64,N
01/31/2022,22,1,TGCCS_CC1,LCCRN,30.64,N
01/31/2022,22,1,TGF_TGFGT,RN,21.66,N
01/31/2022,22,1,TGW_T1_T2,RN,17.82,N
01/31/2022,22,1,THW_1_CCU,PCCRN,22.87,N
01/31/2022,22,1,THW_2_CCU,PCCRN,22.87,N
01/31/2022,22,1,THW_CC1,LCCRN,22.87,N
01/31/2022,22,1,THW_CC2,LCCRN,22.87,N
01/31/2022,22,1,THW_THWGT5X,RN,22.95,N
01/31/2022,22,1,THW_THWGT_1,RN,22.95,N
01/31/2022,22,1,TI_SOLAR_ALL,RN,0.38,N
01/31/2022,22,1,TKWSW_CHAMP,RN,-5.65,N
01/31/2022,22,1,TKWSW_ROSCOE,RN,-5.65,N
01/31/2022,22,1,TNP_TNP_O_1,RN,22.73,N
01/31/2022,22,1,TNP_TNP_O_2,RN,22.73,N
01/31/2022,22,1,TNSKA_CC1,LCCRN,21,N
01/31/2022,22,1,TNSKA_CCU,PCCRN,21,N
01/31/2022,22,1,TOPAZ_ALL,RN,22.34,N
01/31/2022,22,1,TORR_ALL,RN,17.2,N
01/31/2022,22,1,TOYAH_RN,RN,0.66,N
01/31/2022,22,1,TRENT_TRENT,RN,-4.13,N
01/31/2022,22,1,TRINITY_ALL,RN,-20.81,N
01/31/2022,22,1,TRIPBUT1_RN,RN,0.71,N
01/31/2022,22,1,TRSES_UNIT6,RN,30.99,N
01/31/2022,22,1,TRUENO_ALL,RN,17.71,N
01/31/2022,22,1,TRUSGILL_RN,RN,-12.98,N
01/31/2022,22,1,TTRSW_RN,RN,23.14,N
01/31/2022,22,1,TTWEC_G1,RN,-5.47,N
01/31/2022,22,1,TXCTY_CC1,LCCRN,22.34,N
01/31/2022,22,1,TXCTY_CTA,PCCRN,22.34,N
01/31/2022,22,1,TXCTY_CTB,PCCRN,22.34,N
01/31/2022,22,1,TXCTY_CTC,PCCRN,22.34,N
01/31/2022,22,1,TXCTY_ST,PCCRN,22.34,N
01/31/2022,22,1,TYLRWIND_RN,RN,2.67,N
01/31/2022,22,1,T_CK_GT2_RN,RN,-9.23,N
01/31/2022,22,1,T_CK_GT3_RN,RN,-9.23,N
01/31/2022,22,1,UCC_COG_PUN2,PUN,22.34,N
01/31/2022,22,1,UCC_UCC_C_2,RN,22.34,N
01/31/2022,22,1,VANCOURT_RN,RN,17.69,N
01/31/2022,22,1,VENADO_ALL,RN,17.39,N
01/31/2022,22,1,VERAWIND_ALL,RN,-12.98,N
01/31/2022,22,1,VERTIGO_UN1,RN,-12.19,N
01/31/2022,22,1,VICTORIA_CC1,LCCRN,18.08,N
01/31/2022,22,1,VICTPORT_ALL,RN,18.19,N
01/31/2022,22,1,VICTPORT_RN,RN,18.19,N
01/31/2022,22,1,VIC_VICTORG5,PCCRN,18.08,N
01/31/2022,22,1,VIC_VICTORG6,PCCRN,18.08,N
01/31/2022,22,1,VISION_RN,RN,30.95,N
01/31/2022,22,1,VLSES_UNIT3,PCCRN,19.96,N
01/31/2022,22,1,VORT_ALL_RN,RN,-15.23,N
01/31/2022,22,1,WAKEWE_ALL,RN,-16.62,N
01/31/2022,22,1,WAP_WAPGT_1,RN,22.34,N
01/31/2022,22,1,WAP_WAP_G1,RN,22.34,N
01/31/2022,22,1,WAP_WAP_G2,RN,22.34,N
01/31/2022,22,1,WAP_WAP_G3,RN,22.36,N
01/31/2022,22,1,WAP_WAP_G4,RN,22.36,N
01/31/2022,22,1,WAP_WAP_G5,RN,22.34,N
01/31/2022,22,1,WAP_WAP_G6,RN,22.16,N
01/31/2022,22,1,WAP_WAP_G7,RN,22.16,N
01/31/2022,22,1,WAP_WAP_G8,RN,22.49,N
01/31/2022,22,1,WAYMARK_RN,RN,0.98,N
01/31/2022,22,1,WCPP_CC1,LCCRN,-27.73,N
01/31/2022,22,1,WCPP_CT1,PCCRN,-27.73,N
01/31/2022,22,1,WCPP_CT2,PCCRN,-27.73,N
01/31/2022,22,1,WCPP_ST1,PCCRN,-27.73,N
01/31/2022,22,1,WEBBER_WS_T1,RN,17.51,N
01/31/2022,22,1,WEC_WECG1,RN,-11.43,N
01/31/2022,22,1,WFCOGEN_13,PCCRN,-17.24,N
01/31/2022,22,1,WFCOGEN_24,PCCRN,-17.24,N
01/31/2022,22,1,WFCOGEN_CC1,LCCRN,-17.24,N
01/31/2022,22,1,WGU_RN,RN,22.34,N
01/31/2022,22,1,WHCCS2_4,PCCRN,-53.85,N
01/31/2022,22,1,WHCCS2_5_6,PCCRN,-53.85,N
01/31/2022,22,1,WHCCS2_CC2,LCCRN,-53.85,N
01/31/2022,22,1,WHCCS_CC1,LCCRN,-53.7,N
01/31/2022,22,1,WHCCS_CT1_ST,PCCRN,-53.7,N
01/31/2022,22,1,WHCCS_CT2,PCCRN,-53.7,N
01/31/2022,22,1,WHITE_PT_UN1,RN,18.07,N
01/31/2022,22,1,WHMESA_U1,RN,2.03,N
01/31/2022,22,1,WHTTAIL_WR1,RN,1.01,N
01/31/2022,22,1,WH_WIND_ALL,RN,-3.83,N
01/31/2022,22,1,WILDWIND_ALL,RN,4.47,N
01/31/2022,22,1,WIPOPA_1_2,RN,18.23,N
01/31/2022,22,1,WIPOPA_3_4,RN,18.23,N
01/31/2022,22,1,WIR_WIRTZ_G1,RN,14.32,N
01/31/2022,22,1,WIR_WIRTZ_G2,RN,14.32,N
01/31/2022,22,1,WL_RANCH_RN,RN,3.21,N
01/31/2022,22,1,WNDTS2_UNIT1,RN,-15.46,N
01/31/2022,22,1,WND_WHITNEY,RN,17.66,N
01/31/2022,22,1,WOODWRD1_RN,RN,0.82,N
01/31/2022,22,1,WOODWRD2_RN,RN,0.82,N
01/31/2022,22,1,WOO_WOODWRD1,RN,0.82,N
01/31/2022,22,1,WOO_WOODWRD2,RN,0.82,N
01/31/2022,22,1,WOV_BESS_RN,RN,0.18,N
01/31/2022,22,1,WRSBES_BESS1,RN,0.39,N
01/31/2022,22,1,W_PECO_UNIT1,RN,0.35,N
01/31/2022,22,1,X443ESRN,RN,16.34,N
