DeliveryDate,DeliveryHour,DeliveryInterval,SettlementPointName,SettlementPointType,SettlementPointPrice,DSTFlag
01/31/2022,3,3,AEEC,RN,23.64,N
01/31/2022,3,3,AJAXWIND_RN,RN,23.39,N
01/31/2022,3,3,ALGOD_ALL_RN,RN,2.47,N
01/31/2022,3,3,ALVIN_RN,RN,20.96,N
01/31/2022,3,3,AMADEUS_ALL,RN,23.52,N
01/31/2022,3,3,AMISTAD_ALL,RN,57.35,N
01/31/2022,3,3,AMOCOOIL_CC1,LCCRN,21.15,N
01/31/2022,3,3,AMOCOOIL_CC2,LCCRN,21.15,N
01/31/2022,3,3,AMOCO_PUN1,PUN,21.15,N
01/31/2022,3,3,AMOCO_PUN2,PUN,21.15,N
01/31/2022,3,3,AMO_AMOCO_1,PCCRN,21.15,N
01/31/2022,3,3,AMO_AMOCO_2,PCCRN,21.15,N
01/31/2022,3,3,AMO_AMOCO_5,PCCRN,21.15,N
01/31/2022,3,3,AMO_AMOCO_G1,PCCRN,21.15,N
01/31/2022,3,3,AMO_AMOCO_G2,PCCRN,21.15,N
01/31/2022,3,3,AMO_AMOCO_G3,PCCRN,21.15,N
01/31/2022,3,3,AMO_AMOCO_S1,PCCRN,21.15,N
01/31/2022,3,3,AMO_AMOCO_S2,PCCRN,21.15,N
01/31/2022,3,3,ANACACHO_ANA,RN,56.02,N
01/31/2022,3,3,ANCHOR_ALL,RN,23.12,N
01/31/2022,3,3,ANSON1_ALL,RN,23.49,N
01/31/2022,3,3,AQUI_ALL,RN,22.88,N
01/31/2022,3,3,ARAGORN_RN,RN,24.7,N
01/31/2022,3,3,ASTRA_RN,RN,23.56,N
01/31/2022,3,3,ATK_ATKINSG7,RN,22.13,N
01/31/2022,3,3,AUSTPL_ALL,RN,22.84,N
01/31/2022,3,3,AVIAT_ALL,RN,24.12,N
01/31/2022,3,3,AZURE_RN,RN,23.41,N
01/31/2022,3,3,AZ_ALL,RN,21.32,N
01/31/2022,3,3,BAC_RN_ALL,RN,21.15,N
01/31/2022,3,3,BAFFIN_ALL,RN,-4.01,N
01/31/2022,3,3,BAIRDWND_ALL,RN,23.27,N
01/31/2022,3,3,BARROW_ALL,RN,24.48,N
01/31/2022,3,3,BASTEN_CC1,LCCRN,22.71,N
01/31/2022,3,3,BASTEN_CCU,PCCRN,22.71,N
01/31/2022,3,3,BATCAVE_RN,RN,23.92,N
01/31/2022,3,3,BBREEZE_1_2,RN,-9.42,N
01/31/2022,3,3,BCATWD_WD_1,RN,23.36,N
01/31/2022,3,3,BCK_RN,RN,21.23,N
01/31/2022,3,3,BIGSTAR_ALL,RN,22.73,N
01/31/2022,3,3,BLACKJAK_RN,RN,7.42,N
01/31/2022,3,3,BLSMT1_5_A_6,RN,23.44,N
01/31/2022,3,3,BLUEJAY_RN,RN,22.09,N
01/31/2022,3,3,BOOTLEG_UN1,RN,25.02,N
01/31/2022,3,3,BORDAS_345,RN,-25.81,N
01/31/2022,3,3,BOSQUESW_CC1,LCCRN,22.88,N
01/31/2022,3,3,BOSQUESW_CC2,LCCRN,22.84,N
01/31/2022,3,3,BOSQ_BSQSU_5,PCCRN,22.84,N
01/31/2022,3,3,BOSQ_BSQS_12,PCCRN,22.84,N
01/31/2022,3,3,BOSQ_BSQS_34,PCCRN,22.88,N
01/31/2022,3,3,BRANDON_RN,RN,23.69,N
01/31/2022,3,3,BRAUNIG_CC1,LCCRN,23.6,N
01/31/2022,3,3,BRAUNIG_VHB1,RN,24.61,N
01/31/2022,3,3,BRAUNIG_VHB2,RN,24.61,N
01/31/2022,3,3,BRAUNIG_VHB3,RN,24.61,N
01/31/2022,3,3,BRAZ_WND_ALL,RN,23.82,N
01/31/2022,3,3,BRA_AVR1_CT2,PCCRN,23.6,N
01/31/2022,3,3,BRA_AVR_CST1,PCCRN,23.6,N
01/31/2022,3,3,BRHEIGHT_RN,RN,21.15,N
01/31/2022,3,3,BRIGHTSD_RN,RN,19.26,N
01/31/2022,3,3,BRISCOE_WIND,RN,23.55,N
01/31/2022,3,3,BRPANGLE_RN,RN,20.88,N
01/31/2022,3,3,BRPMAGNO_RN,RN,21.1,N
01/31/2022,3,3,BRP_BRAZ_RN,RN,20.9,N
01/31/2022,3,3,BRP_DIKN_RN,RN,21.12,N
01/31/2022,3,3,BRP_LOOP_RN,RN,17.23,N
01/31/2022,3,3,BRP_LOP1_RN,RN,-25,N
01/31/2022,3,3,BRP_PBL1_RN,RN,90.92,N
01/31/2022,3,3,BRP_PBL2_RN,RN,90.92,N
01/31/2022,3,3,BRP_RN_UNIT1,RN,24.43,N
01/31/2022,3,3,BRP_SEMI_RN,RN,21.08,N
01/31/2022,3,3,BRP_SWNY_RN,RN,20.9,N
01/31/2022,3,3,BRP_ZPT1_RN,RN,-30.91,N
01/31/2022,3,3,BRP_ZPT2_RN,RN,-30.91,N
01/31/2022,3,3,BRTSW_BCW1,RN,23.25,N
01/31/2022,3,3,BR_VHB6CT5_6,RN,24.42,N
01/31/2022,3,3,BR_VHB6CT7_8,RN,24.42,N
01/31/2022,3,3,BSS_U1,RN,20.95,N
01/31/2022,3,3,BTE_BTE_G1,PCCRN,21.35,N
01/31/2022,3,3,BTE_BTE_G2,PCCRN,21.35,N
01/31/2022,3,3,BTE_BTE_G3,PCCRN,21.35,N
01/31/2022,3,3,BTE_BTE_G4,PCCRN,21.35,N
01/31/2022,3,3,BTE_CC1,LCCRN,21.35,N
01/31/2022,3,3,BTE_PUN1,PUN,21.35,N
01/31/2022,3,3,BTE_PUN2,PUN,21.35,N
01/31/2022,3,3,BUCHAN_ALL,RN,23.33,N
01/31/2022,3,3,BUCKTHRN_RN,RN,23.2,N
01/31/2022,3,3,BUFF_GAP_ALL,RN,23.85,N
01/31/2022,3,3,BULLCRK_1_2,RN,23.89,N
01/31/2022,3,3,BVE_CC1,LCCRN,21.23,N
01/31/2022,3,3,BVE_UNIT1,PCCRN,21.23,N
01/31/2022,3,3,BVE_UNIT2,PCCRN,21.23,N
01/31/2022,3,3,BVE_UNIT3,PCCRN,21.23,N
01/31/2022,3,3,BYU_BYU_1,RN,21.23,N
01/31/2022,3,3,BYU_BYU_12,PCCRN,21.23,N
01/31/2022,3,3,BYU_BYU_34,PCCRN,21.23,N
01/31/2022,3,3,BYU_BYU_G8,RN,21.23,N
01/31/2022,3,3,BYU_CC1,LCCRN,21.23,N
01/31/2022,3,3,BYU_PUN1,PUN,21.23,N
01/31/2022,3,3,BYU_PUN2,PUN,21.23,N
01/31/2022,3,3,BYU_PUN3,PUN,21.23,N
01/31/2022,3,3,BYU_PUN4,PUN,21.23,N
01/31/2022,3,3,B_DAVIS_3,PCCRN,2.23,N
01/31/2022,3,3,B_DAVIS_4,PCCRN,2.23,N
01/31/2022,3,3,B_DAVIS_CC1,LCCRN,2.23,N
01/31/2022,3,3,B_D_B_DAVIG1,RN,2.23,N
01/31/2022,3,3,B_D_B_DAVIG2,PCCRN,2.23,N
01/31/2022,3,3,CABEZON_ALL,RN,-25.42,N
01/31/2022,3,3,CALAVER_JKS1,RN,23.32,N
01/31/2022,3,3,CALAVER_JKS2,RN,23.32,N
01/31/2022,3,3,CALAVER_JTD1,RN,24.59,N
01/31/2022,3,3,CALAVER_JTD2,RN,24.59,N
01/31/2022,3,3,CALAVER_OWS1,RN,24.59,N
01/31/2022,3,3,CALAVER_OWS2,RN,24.59,N
01/31/2022,3,3,CALHOUN_ALL,RN,15.1,N
01/31/2022,3,3,CALLAHA_WND1,RN,23.84,N
01/31/2022,3,3,CAL_CALGT1,PCCRN,21.32,N
01/31/2022,3,3,CAL_CALSTG1,PCCRN,21.32,N
01/31/2022,3,3,CAL_CC1,LCCRN,21.32,N
01/31/2022,3,3,CAL_PUN1,PUN,21.32,N
01/31/2022,3,3,CAL_PUN2,PUN,21.32,N
01/31/2022,3,3,CAMWIND_RN,RN,-8.63,N
01/31/2022,3,3,CAPRIDG4_CR4,RN,24.12,N
01/31/2022,3,3,CAPRIDGE_ALL,RN,24.12,N
01/31/2022,3,3,CARBN_BSP_1,RN,24.12,N
01/31/2022,3,3,CASL_GAP_UN1,RN,25.28,N
01/31/2022,3,3,CBECII_1,RN,20.52,N
01/31/2022,3,3,CBECII_2,RN,20.52,N
01/31/2022,3,3,CBECII_89,PCCRN,20.52,N
01/31/2022,3,3,CBECII_CC3,LCCRN,20.52,N
01/31/2022,3,3,CBECII_CT7,PCCRN,20.52,N
01/31/2022,3,3,CBEC_ALL,PCCRN,20.19,N
01/31/2022,3,3,CBEC_CC1,LCCRN,20.19,N
01/31/2022,3,3,CBEC_CC2,LCCRN,20.19,N
01/31/2022,3,3,CBY4_ALL,PCCRN,21.34,N
01/31/2022,3,3,CBY4_CC1,LCCRN,21.34,N
01/31/2022,3,3,CBY_CBY_G1,RN,21.33,N
01/31/2022,3,3,CBY_CBY_G2,RN,21.33,N
01/31/2022,3,3,CCEC_CC1,LCCRN,2.76,N
01/31/2022,3,3,CCEC_GT1,PCCRN,2.76,N
01/31/2022,3,3,CCEC_GT2,PCCRN,2.76,N
01/31/2022,3,3,CCEC_PUN1,PUN,2.76,N
01/31/2022,3,3,CCEC_PUN2,PUN,2.76,N
01/31/2022,3,3,CCEC_ST1,PCCRN,2.76,N
01/31/2022,3,3,CEDROHI_CHW1,RN,-31.65,N
01/31/2022,3,3,CFLATS_UNIT,RN,24.5,N
01/31/2022,3,3,CHALUP_ALL,RN,-8.42,N
01/31/2022,3,3,CHAMON_UN1,RN,21.37,N
01/31/2022,3,3,CHAMON_UN2,RN,21.37,N
01/31/2022,3,3,CHEDPW_GT2,PCCRN,21.42,N
01/31/2022,3,3,CHE_CC1,LCCRN,21.41,N
01/31/2022,3,3,CHE_LYD,PCCRN,21.39,N
01/31/2022,3,3,CHE_LYD2,PCCRN,21.39,N
01/31/2022,3,3,CHE_PUN1,PUN,21.39,N
01/31/2022,3,3,CHE_PUN2,PUN,21.39,N
01/31/2022,3,3,CHISMGRD_RN,RN,23.12,N
01/31/2022,3,3,CITYVICT_ALL,RN,16.73,N
01/31/2022,3,3,CN_BRKS_UNT1,RN,23.55,N
01/31/2022,3,3,COL_COLETOG1,RN,16.02,N
01/31/2022,3,3,CONIGLIO_RN,RN,22.98,N
01/31/2022,3,3,CORAZON_RN,RN,-32.36,N
01/31/2022,3,3,COTPLNS_RN,RN,23.57,N
01/31/2022,3,3,COTTON_PAP2,RN,3.84,N
01/31/2022,3,3,CPSES_UNIT1,RN,23.17,N
01/31/2022,3,3,CPSES_UNIT2,RN,23.17,N
01/31/2022,3,3,CRANELL_ALL,RN,7.42,N
01/31/2022,3,3,CROSSETT_ALL,RN,25.59,N
01/31/2022,3,3,CSC_CSECG1_2,RN,23.8,N
01/31/2022,3,3,CVC_CC1,LCCRN,21.43,N
01/31/2022,3,3,CVC_CVCG1_5,PCCRN,21.43,N
01/31/2022,3,3,CVC_CVC_G2,PCCRN,21.43,N
01/31/2022,3,3,CVC_CVC_G3,PCCRN,21.43,N
01/31/2022,3,3,DANSBY_ALL,RN,22.17,N
01/31/2022,3,3,DC2SES_ALL,RN,23.14,N
01/31/2022,3,3,DC_E,LZ_DC,22.96,N
01/31/2022,3,3,DC_E,LZ_DCEW,22.96,N
01/31/2022,3,3,DC_L,LZ_DC,-44.24,N
01/31/2022,3,3,DC_L,LZ_DCEW,-44.24,N
01/31/2022,3,3,DC_N,LZ_DC,23.42,N
01/31/2022,3,3,DC_N,LZ_DCEW,23.42,N
01/31/2022,3,3,DC_R,LZ_DCEW,-11.95,N
01/31/2022,3,3,DC_R,LZ_DC,-11.95,N
01/31/2022,3,3,DC_S,LZ_DCEW,85.59,N
01/31/2022,3,3,DC_S,LZ_DC,85.59,N
01/31/2022,3,3,DDPEC_CC1,LCCRN,21.26,N
01/31/2022,3,3,DDPEC_GT1,PCCRN,21.26,N
01/31/2022,3,3,DDPEC_GT2,PCCRN,21.26,N
01/31/2022,3,3,DDPEC_GT3,PCCRN,21.26,N
01/31/2022,3,3,DDPEC_GT4,PCCRN,21.26,N
01/31/2022,3,3,DDPEC_GT6,PCCRN,21.26,N
01/31/2022,3,3,DDPEC_ST1,PCCRN,21.26,N
01/31/2022,3,3,DECKER_DPG1,RN,22.8,N
01/31/2022,3,3,DECKER_DPG2,RN,22.8,N
01/31/2022,3,3,DECKER_GT,RN,22.76,N
01/31/2022,3,3,DENISON_G1_2,RN,23,N
01/31/2022,3,3,DERMOTT_ALL,RN,23.66,N
01/31/2022,3,3,DIB_CC1,LCCRN,21.29,N
01/31/2022,3,3,DIB_DIB_G1,PCCRN,21.29,N
01/31/2022,3,3,DIB_DIB_G2,PCCRN,21.29,N
01/31/2022,3,3,DIB_DIB_G3,PCCRN,21.29,N
01/31/2022,3,3,DIB_DIB_G4,PCCRN,21.29,N
01/31/2022,3,3,DIB_PUN1,PUN,21.29,N
01/31/2022,3,3,DIB_PUN2,PUN,21.29,N
01/31/2022,3,3,DOWGEN_PUN1,PUN,20.64,N
01/31/2022,3,3,DOWGEN_PUN2,PUN,20.64,N
01/31/2022,3,3,DOWGEN_PUN3,PUN,20.64,N
01/31/2022,3,3,DOW_61_2_63,RN,20.64,N
01/31/2022,3,3,DOW_64,RN,20.64,N
01/31/2022,3,3,DOW_81_2_84,RN,20.64,N
01/31/2022,3,3,DOW_G37_G35,RN,20.64,N
01/31/2022,3,3,DOW_G66_ST65,RN,20.64,N
01/31/2022,3,3,DOW_G67,RN,20.64,N
01/31/2022,3,3,DOW_G96_ST95,RN,20.64,N
01/31/2022,3,3,DUKE_CC1,LCCRN,-11.21,N
01/31/2022,3,3,DUKE_GST1CCU,PCCRN,-11.21,N
01/31/2022,3,3,DUKE_GT2_CCU,PCCRN,-11.21,N
01/31/2022,3,3,DUP_PUN1,PUN,16.26,N
01/31/2022,3,3,DUP_PUN2,PUN,16.26,N
01/31/2022,3,3,DUP_PUN3,PUN,16.26,N
01/31/2022,3,3,DUP_PUN4,PUN,16.26,N
01/31/2022,3,3,ECLIPSE_UN1,RN,56.42,N
01/31/2022,3,3,ELB_ELBCREEK,RN,24.21,N
01/31/2022,3,3,ELECTRAW_1_2,RN,23.42,N
01/31/2022,3,3,EL_RAYO_ALL,RN,-8.76,N
01/31/2022,3,3,ENAS_ENA1,RN,23.9,N
01/31/2022,3,3,ERSL_RN,RN,48.7,N
01/31/2022,3,3,ETCCS_CC1,LCCRN,22.88,N
01/31/2022,3,3,ETCCS_CCU,PCCRN,22.88,N
01/31/2022,3,3,EUNICE_ALL,RN,24.43,N
01/31/2022,3,3,EXGNSND_RN,RN,-30.91,N
01/31/2022,3,3,EXGNWTL_1,RN,-31.65,N
01/31/2022,3,3,EXN_14,RN,21.33,N
01/31/2022,3,3,EXN_1_3,RN,21.33,N
01/31/2022,3,3,EXN_4,RN,21.33,N
01/31/2022,3,3,EXN_8,RN,21.33,N
01/31/2022,3,3,EXN_9_13,RN,21.33,N
01/31/2022,3,3,EXN_PUN1,PUN,21.33,N
01/31/2022,3,3,EXN_PUN2,PUN,21.33,N
01/31/2022,3,3,EXN_PUN3,PUN,21.33,N
01/31/2022,3,3,E_BLACK_RN,RN,22.83,N
01/31/2022,3,3,FAL_FALCONG1,RN,-21.8,N
01/31/2022,3,3,FAL_FALCONG2,RN,-21.8,N
01/31/2022,3,3,FAL_FALCONG3,RN,-21.8,N
01/31/2022,3,3,FEGC_RN,RN,21.18,N
01/31/2022,3,3,FERGCC_CC1,LCCRN,23.42,N
01/31/2022,3,3,FERGCC_GT1_1,PCCRN,23.42,N
01/31/2022,3,3,FERGCC_GT2_3,PCCRN,23.42,N
01/31/2022,3,3,FERGCC_ST1_5,PCCRN,23.42,N
01/31/2022,3,3,FERMI_ALL,RN,48.33,N
01/31/2022,3,3,FLCNS_CC1,LCCRN,24.16,N
01/31/2022,3,3,FLCNS_UNIT1,PCCRN,24.16,N
01/31/2022,3,3,FLCNS_UNIT2,PCCRN,24.16,N
01/31/2022,3,3,FLCNS_UNIT3,PCCRN,24.16,N
01/31/2022,3,3,FLOWERII_RN,RN,24.81,N
01/31/2022,3,3,FLTBES1,RN,24.81,N
01/31/2022,3,3,FLTCK_SSI,RN,23.32,N
01/31/2022,3,3,FLUVANNA_1_2,RN,23.71,N
01/31/2022,3,3,FLVABES1_ESR,RN,24.81,N
01/31/2022,3,3,FOARDCTY_ALL,RN,23.46,N
01/31/2022,3,3,FORMOSA_CC1,LCCRN,18.29,N
01/31/2022,3,3,FORMOSA_CC2,LCCRN,18.29,N
01/31/2022,3,3,FORMOSA_PUN1,PUN,18.29,N
01/31/2022,3,3,FORMOSA_PUN2,PUN,18.29,N
01/31/2022,3,3,FO_FORMOSA11,RN,18.29,N
01/31/2022,3,3,FO_FORMOSA12,RN,18.29,N
01/31/2022,3,3,FO_FORMOSG1,PCCRN,18.29,N
01/31/2022,3,3,FO_FORMOSG10,PCCRN,18.29,N
01/31/2022,3,3,FO_FORMOSG13,PCCRN,18.29,N
01/31/2022,3,3,FO_FORMOSG14,PCCRN,18.29,N
01/31/2022,3,3,FO_FORMOSG15,PCCRN,18.29,N
01/31/2022,3,3,FO_FORMOSG2,PCCRN,18.29,N
01/31/2022,3,3,FO_FORMOSG3,PCCRN,18.29,N
01/31/2022,3,3,FO_FORMOSG4,PCCRN,18.29,N
01/31/2022,3,3,FO_FORMOSG5,PCCRN,18.29,N
01/31/2022,3,3,FO_FORMOSG6,PCCRN,18.29,N
01/31/2022,3,3,FO_FORMOSG7,PCCRN,18.29,N
01/31/2022,3,3,FO_FORMOSG8,RN,18.29,N
01/31/2022,3,3,FO_FORMOSG9,PCCRN,18.29,N
01/31/2022,3,3,FPPYD_FPP_G1,RN,22.15,N
01/31/2022,3,3,FPPYD_FPP_G2,RN,22.15,N
01/31/2022,3,3,FPPYD_FPP_G3,RN,22.15,N
01/31/2022,3,3,FREC_1_CCU,PCCRN,22.69,N
01/31/2022,3,3,FREC_2_CCU,PCCRN,22.66,N
01/31/2022,3,3,FREC_CC1,LCCRN,22.69,N
01/31/2022,3,3,FREC_CC2,LCCRN,22.66,N
01/31/2022,3,3,FRNYPP_1_CCU,PCCRN,22.9,N
01/31/2022,3,3,FRNYPP_2_CCU,PCCRN,22.9,N
01/31/2022,3,3,FRNYPP_CC1,LCCRN,22.9,N
01/31/2022,3,3,FRNYPP_CC2,LCCRN,22.9,N
01/31/2022,3,3,FTR_CC1,LCCRN,21.9,N
01/31/2022,3,3,FTR_FTR_G1_4,PCCRN,21.9,N
01/31/2022,3,3,FTWIND_UNIT1,RN,23.46,N
01/31/2022,3,3,FWLR_SLR_1,RN,25.51,N
01/31/2022,3,3,GALO_RN1,RN,23.93,N
01/31/2022,3,3,GAMBIT_RN,RN,20.88,N
01/31/2022,3,3,GBY_GT,RN,21.36,N
01/31/2022,3,3,GID_GIDEONG1,RN,22.57,N
01/31/2022,3,3,GID_GIDEONG2,RN,22.57,N
01/31/2022,3,3,GID_GIDEONG3,RN,22.57,N
01/31/2022,3,3,GOA_GOATWIND,RN,24.11,N
01/31/2022,3,3,GPASTURE_ALL,RN,23.52,N
01/31/2022,3,3,GRANDVW1_A_B,RN,23.54,N
01/31/2022,3,3,GREASWOD_ALL,RN,25.06,N
01/31/2022,3,3,GRIF_TRL_RN,RN,23.44,N
01/31/2022,3,3,GRSES_UNIT1,RN,23.38,N
01/31/2022,3,3,GRSES_UNIT2,RN,23.37,N
01/31/2022,3,3,GUADG_CC1,LCCRN,23.17,N
01/31/2022,3,3,GUADG_CC2,LCCRN,23.17,N
01/31/2022,3,3,GUADG_CCU1,PCCRN,23.17,N
01/31/2022,3,3,GUADG_CCU2,PCCRN,23.17,N
01/31/2022,3,3,GUNMTN_NODE,RN,24.11,N
01/31/2022,3,3,GWEC_G1,RN,23.33,N
01/31/2022,3,3,HAYSEN1_2,RN,23.16,N
01/31/2022,3,3,HAYSEN3_4,RN,23.16,N
01/31/2022,3,3,HB_BUSAVG,SH,21.73,N
01/31/2022,3,3,HB_HOUSTON,HU,21.32,N
01/31/2022,3,3,HB_HUBAVG,AH,21.51,N
01/31/2022,3,3,HB_NORTH,HU,22.9,N
01/31/2022,3,3,HB_PAN,HU,23.54,N
01/31/2022,3,3,HB_SOUTH,HU,17.92,N
01/31/2022,3,3,HB_WEST,HU,23.88,N
01/31/2022,3,3,HELIOS_RN,RN,52.37,N
01/31/2022,3,3,HHGT_KENDAL,RN,23.97,N
01/31/2022,3,3,HHOLLW2_WND1,RN,23.85,N
01/31/2022,3,3,HHOLLW3_WND1,RN,23.85,N
01/31/2022,3,3,HHOLLW4_WND1,RN,23.85,N
01/31/2022,3,3,HICK_G1_G2,RN,24.66,N
01/31/2022,3,3,HI_LONE_ALL,RN,24.87,N
01/31/2022,3,3,HLSES_UNIT3,RN,23.02,N
01/31/2022,3,3,HLSES_UNIT4,RN,23.02,N
01/31/2022,3,3,HLSES_UNIT5,RN,23.02,N
01/31/2022,3,3,HOLSTEIN_ALL,RN,23.83,N
01/31/2022,3,3,HORSCR_RN,RN,25.75,N
01/31/2022,3,3,HORSECRK_RN,RN,23.43,N
01/31/2022,3,3,HOVEY_GEN,RN,24.97,N
01/31/2022,3,3,HRBESS_BESS,RN,24.99,N
01/31/2022,3,3,HRFDWIND_ALL,RN,23.56,N
01/31/2022,3,3,HWF_HWFG1,RN,23.64,N
01/31/2022,3,3,H_HOLLO_WND1,RN,23.85,N
01/31/2022,3,3,IMP_RN1,RN,22.97,N
01/31/2022,3,3,INDNENR_1_RN,RN,27.46,N
01/31/2022,3,3,INDNENR_2_RN,RN,26.52,N
01/31/2022,3,3,INDNNWP_RN,RN,26.96,N
01/31/2022,3,3,INDN_INDNNWP,RN,26.96,N
01/31/2022,3,3,IND_INADALE1,RN,23.81,N
01/31/2022,3,3,INGLCOSW_CC1,LCCRN,4.49,N
01/31/2022,3,3,INGLCOSW_STG,PCCRN,4.49,N
01/31/2022,3,3,INGLCOS_CTG1,PCCRN,4.49,N
01/31/2022,3,3,INGLCOS_CTG2,PCCRN,4.49,N
01/31/2022,3,3,INGLCO_PUN1,PUN,4.49,N
01/31/2022,3,3,INGLCO_PUN2,PUN,4.49,N
01/31/2022,3,3,INGLCO_PUN3,PUN,4.49,N
01/31/2022,3,3,INKS_INKS_G1,RN,23.45,N
01/31/2022,3,3,IN_INDNENR,RN,27.46,N
01/31/2022,3,3,IN_INDNENR_2,RN,26.52,N
01/31/2022,3,3,JACKCNTY_CC1,LCCRN,23.15,N
01/31/2022,3,3,JACKCNTY_CT1,PCCRN,23.15,N
01/31/2022,3,3,JACKCNTY_CT2,PCCRN,23.15,N
01/31/2022,3,3,JACKCNTY_STG,PCCRN,23.15,N
01/31/2022,3,3,JCKCNTY2_CC1,LCCRN,23.23,N
01/31/2022,3,3,JCKCNTY2_CT3,PCCRN,23.23,N
01/31/2022,3,3,JCKCNTY2_CT4,PCCRN,23.23,N
01/31/2022,3,3,JCKCNTY2_ST2,PCCRN,23.23,N
01/31/2022,3,3,JC_BAT_RN,RN,23.38,N
01/31/2022,3,3,JUNO_ALL,RN,23.91,N
01/31/2022,3,3,KARAKAW1_1,RN,2.47,N
01/31/2022,3,3,KARAKAW2_1,RN,2.47,N
01/31/2022,3,3,KEECHI_U1,RN,23.15,N
01/31/2022,3,3,KELAMSL_U1,RN,22.79,N
01/31/2022,3,3,KEO_KEO_SM1,RN,25.75,N
01/31/2022,3,3,KINGE_ALL,RN,25.61,N
01/31/2022,3,3,KINGW_ALL,RN,25.28,N
01/31/2022,3,3,KING_KINGNE,RN,25.61,N
01/31/2022,3,3,KING_KINGNW,RN,25.28,N
01/31/2022,3,3,KING_KINGSE,RN,25.61,N
01/31/2022,3,3,KING_KINGSW,RN,25.28,N
01/31/2022,3,3,KMCHI_CC1,LCCRN,22.98,N
01/31/2022,3,3,KMCHI_CC2,LCCRN,22.98,N
01/31/2022,3,3,LAMESASLR_G,RN,24.13,N
01/31/2022,3,3,LAPETUS_U1,RN,24.47,N
01/31/2022,3,3,LARDVFTN_G4,RN,-44.24,N
01/31/2022,3,3,LARDVFTN_G5,RN,-44.24,N
01/31/2022,3,3,LASSO_GEN,RN,25.21,N
01/31/2022,3,3,LEG_LEG_G1,RN,22.43,N
01/31/2022,3,3,LEG_LEG_G2,RN,22.43,N
01/31/2022,3,3,LEONLCPCT1_2,RN,25.73,N
01/31/2022,3,3,LEONLCPCT3_4,RN,25.73,N
01/31/2022,3,3,LGDRAW_S_ALL,RN,23.91,N
01/31/2022,3,3,LGD_LANGFORD,RN,28.02,N
01/31/2022,3,3,LGE_CC1,LCCRN,4.49,N
01/31/2022,3,3,LGE_LGE_GT1,PCCRN,4.49,N
01/31/2022,3,3,LGE_LGE_GT2,PCCRN,4.49,N
01/31/2022,3,3,LGE_LGE_STG,PCCRN,4.49,N
01/31/2022,3,3,LGE_PUN1,RN,4.49,N
01/31/2022,3,3,LGE_PUN2,RN,4.49,N
01/31/2022,3,3,LGW_UNIT_ALL,RN,23.41,N
01/31/2022,3,3,LHM_CVC_G4,RN,21.37,N
01/31/2022,3,3,LHM_PUN1,PUN,21.37,N
01/31/2022,3,3,LHM_PUN2,PUN,21.37,N
01/31/2022,3,3,LHORN_N_U1_2,RN,23.55,N
01/31/2022,3,3,LHSES_UNIT1,RN,22.92,N
01/31/2022,3,3,LHSES_UNIT2,RN,22.92,N
01/31/2022,3,3,LILY_RN,RN,22.87,N
01/31/2022,3,3,LMAJADAS_ALL,RN,-7.82,N
01/31/2022,3,3,LNCRK_ALL,RN,23.72,N
01/31/2022,3,3,LONEWOLF_ALL,RN,23.97,N
01/31/2022,3,3,LOSTPI_CC1,LCCRN,22.49,N
01/31/2022,3,3,LOS_LOSTPGT1,PCCRN,22.49,N
01/31/2022,3,3,LOS_LOSTPGT2,PCCRN,22.49,N
01/31/2022,3,3,LOS_LOSTPST1,PCCRN,22.49,N
01/31/2022,3,3,LPCCS_CC1,LCCRN,22.98,N
01/31/2022,3,3,LPCCS_CC2,LCCRN,22.98,N
01/31/2022,3,3,LPCCS_CT11,PCCRN,22.98,N
01/31/2022,3,3,LPCCS_CT12,PCCRN,22.98,N
01/31/2022,3,3,LPCCS_CT21,PCCRN,22.98,N
01/31/2022,3,3,LPCCS_CT22,PCCRN,22.98,N
01/31/2022,3,3,LPCCS_UNIT1,PCCRN,22.98,N
01/31/2022,3,3,LPCCS_UNIT2,PCCRN,22.98,N
01/31/2022,3,3,LV1A_LV1B,RN,-8.18,N
01/31/2022,3,3,LV3_UNIT1,RN,-25.42,N
01/31/2022,3,3,LV4_UNIT_1,RN,-25.42,N
01/31/2022,3,3,LV5_UNIT1,RN,-16.09,N
01/31/2022,3,3,LZ_AEN,LZEW,22.84,N
01/31/2022,3,3,LZ_AEN,LZ,22.84,N
01/31/2022,3,3,LZ_CPS,LZEW,24.45,N
01/31/2022,3,3,LZ_CPS,LZ,24.45,N
01/31/2022,3,3,LZ_HOUSTON,LZ,21.2,N
01/31/2022,3,3,LZ_HOUSTON,LZEW,21.2,N
01/31/2022,3,3,LZ_LCRA,LZ,23,N
01/31/2022,3,3,LZ_LCRA,LZEW,23,N
01/31/2022,3,3,LZ_NORTH,LZ,22.94,N
01/31/2022,3,3,LZ_NORTH,LZEW,22.94,N
01/31/2022,3,3,LZ_RAYBN,LZ,22.91,N
01/31/2022,3,3,LZ_RAYBN,LZEW,22.91,N
01/31/2022,3,3,LZ_SOUTH,LZEW,11.42,N
01/31/2022,3,3,LZ_SOUTH,LZ,11.42,N
01/31/2022,3,3,LZ_WEST,LZEW,24.49,N
01/31/2022,3,3,LZ_WEST,LZ,24.49,N
01/31/2022,3,3,MADERO_RN,RN,-11.95,N
01/31/2022,3,3,MARBFA,RN,23.25,N
01/31/2022,3,3,MARIAH_ALL,RN,23.56,N
01/31/2022,3,3,MAR_MARSFOG1,RN,22.91,N
01/31/2022,3,3,MAR_MARSFOG2,RN,22.91,N
01/31/2022,3,3,MAR_MARSFOG3,RN,22.91,N
01/31/2022,3,3,MASSENGL_CC1,LCCRN,23.68,N
01/31/2022,3,3,MASSENGL_G6,PCCRN,23.69,N
01/31/2022,3,3,MASSENGL_G7,PCCRN,23.69,N
01/31/2022,3,3,MASSENGL_G8,PCCRN,23.68,N
01/31/2022,3,3,MAVCRK_W_ALL,RN,23.93,N
01/31/2022,3,3,MCDLD_FCSBW1,RN,24.22,N
01/31/2022,3,3,MCSES_UNIT6,RN,22.92,N
01/31/2022,3,3,MCSES_UNIT7,RN,22.92,N
01/31/2022,3,3,MCSES_UNIT8,RN,22.92,N
01/31/2022,3,3,MDANP_CT1_2,RN,22.88,N
01/31/2022,3,3,MDANP_CT3_4,RN,22.94,N
01/31/2022,3,3,MDANP_CT5_6,RN,22.94,N
01/31/2022,3,3,MESQCRK_ALL,RN,23.91,N
01/31/2022,3,3,MESTENO_RN,RN,-25.42,N
01/31/2022,3,3,MGSES_CT123,RN,24.01,N
01/31/2022,3,3,MGSES_CT456,RN,24.01,N
01/31/2022,3,3,MIAM1_G1_G2,RN,23.52,N
01/31/2022,3,3,MIL_MILG1_2,RN,23.18,N
01/31/2022,3,3,MIL_MILG345,RN,23.18,N
01/31/2022,3,3,MIRAGE_G1,RN,21.23,N
01/31/2022,3,3,MIRASOLE_GEN,RN,-20.57,N
01/31/2022,3,3,MISAE_GEN_RN,RN,23.48,N
01/31/2022,3,3,MLSES_UNIT1,RN,22.81,N
01/31/2022,3,3,MLSES_UNIT2,RN,22.81,N
01/31/2022,3,3,MLSES_UNIT3,RN,22.81,N
01/31/2022,3,3,MOZART_WIND1,RN,23.78,N
01/31/2022,3,3,MWEC_G1,RN,23.75,N
01/31/2022,3,3,NACPW_UNIT1,RN,22.78,N
01/31/2022,3,3,NBOHR_RN,RN,24.12,N
01/31/2022,3,3,NCARBIDEG8,RN,14.75,N
01/31/2022,3,3,NCARBIDE_1_7,RN,14.75,N
01/31/2022,3,3,NCARBID_PUN1,PUN,14.75,N
01/31/2022,3,3,NCARBID_PUN2,PUN,14.75,N
01/31/2022,3,3,NCO_RN,RN,20.95,N
01/31/2022,3,3,NEBULA_RN,RN,-9.17,N
01/31/2022,3,3,NEDIN_CC1,LCCRN,-11.24,N
01/31/2022,3,3,NED_NEDIN_G1,PCCRN,-11.24,N
01/31/2022,3,3,NED_NEDIN_G2,PCCRN,-11.24,N
01/31/2022,3,3,NED_NEDIN_G3,PCCRN,-11.24,N
01/31/2022,3,3,NF_BRP_RN,RN,23.01,N
01/31/2022,3,3,NOBLESLR_ALL,RN,23.12,N
01/31/2022,3,3,NUECES_B_CC1,LCCRN,2.8,N
01/31/2022,3,3,NUE_NUECESG7,PCCRN,2.77,N
01/31/2022,3,3,NUE_NUECESG8,PCCRN,2.8,N
01/31/2022,3,3,NUE_NUECESG9,PCCRN,2.8,N
01/31/2022,3,3,NWF_NWF1,RN,24.51,N
01/31/2022,3,3,OBERON_U1,RN,24.55,N
01/31/2022,3,3,ODESW_RN,RN,24.52,N
01/31/2022,3,3,OECCS_1,PCCRN,24.5,N
01/31/2022,3,3,OECCS_2,PCCRN,24.5,N
01/31/2022,3,3,OECCS_CC1,LCCRN,24.5,N
01/31/2022,3,3,OECCS_CC2,LCCRN,24.5,N
01/31/2022,3,3,OGSES_1,RN,22.37,N
01/31/2022,3,3,OGSES_2,RN,22.37,N
01/31/2022,3,3,OKLA_OKLA_G1,RN,23.42,N
01/31/2022,3,3,OLIN_OLING_1,RN,22.94,N
01/31/2022,3,3,OLIN_OLING_2,RN,22.94,N
01/31/2022,3,3,OLIN_OLING_3,RN,22.94,N
01/31/2022,3,3,OLIN_OLING_4,RN,22.94,N
01/31/2022,3,3,OWF_OWF,RN,24.22,N
01/31/2022,3,3,OXY_OXY_CCG1,RN,2.64,N
01/31/2022,3,3,OXY_PUN1,PUN,2.64,N
01/31/2022,3,3,OXY_PUN2,PUN,2.64,N
01/31/2022,3,3,PALMWI_UNIT1,RN,-8.43,N
01/31/2022,3,3,PANDA_S_CC1,LCCRN,23,N
01/31/2022,3,3,PANDA_S_CT1,PCCRN,23,N
01/31/2022,3,3,PANDA_S_CT2,PCCRN,23,N
01/31/2022,3,3,PANDA_S_ST1,PCCRN,23,N
01/31/2022,3,3,PANDA_T1_CC1,LCCRN,22.77,N
01/31/2022,3,3,PANDA_T1_CT1,PCCRN,22.77,N
01/31/2022,3,3,PANDA_T1_CT2,PCCRN,22.77,N
01/31/2022,3,3,PANDA_T1_ST1,PCCRN,22.77,N
01/31/2022,3,3,PANDA_T2_CC1,LCCRN,22.77,N
01/31/2022,3,3,PANDA_T2_CT1,PCCRN,22.77,N
01/31/2022,3,3,PANDA_T2_CT2,PCCRN,22.77,N
01/31/2022,3,3,PANDA_T2_ST1,PCCRN,22.77,N
01/31/2022,3,3,PAP1_PAP1,RN,3.84,N
01/31/2022,3,3,PB2SES_CT1,RN,24.61,N
01/31/2022,3,3,PB2SES_CT2,RN,24.61,N
01/31/2022,3,3,PB2SES_CT3,RN,24.61,N
01/31/2022,3,3,PB2SES_CT4,RN,24.61,N
01/31/2022,3,3,PB2SES_CT5,RN,24.61,N
01/31/2022,3,3,PC_NORTH_1,RN,24.21,N
01/31/2022,3,3,PC_SOUTH_ALL,RN,24.21,N
01/31/2022,3,3,PEARSA_1_24,RN,42.14,N
01/31/2022,3,3,PENA_ALL,RN,-4.01,N
01/31/2022,3,3,PES1_RN,RN,21.18,N
01/31/2022,3,3,PEY_RN,RN,20.2,N
01/31/2022,3,3,PH1_UNIT1_2,RN,23.53,N
01/31/2022,3,3,PH2_U1_U2,RN,23.53,N
01/31/2022,3,3,PHILLWND_ALL,RN,22.79,N
01/31/2022,3,3,PHOEBE_ALL,RN,24.58,N
01/31/2022,3,3,PHOENIX_RN,RN,22.98,N
01/31/2022,3,3,PLN_ALL,RN,20.44,N
01/31/2022,3,3,PNPI_GT2_RN,RN,21.16,N
01/31/2022,3,3,PRID_RN,RN,23.41,N
01/31/2022,3,3,PROSPERO_ALL,RN,24.45,N
01/31/2022,3,3,PRO_RN,RN,21.18,N
01/31/2022,3,3,PRSPERO2_ALL,RN,24.45,N
01/31/2022,3,3,PR_PR_ALL,RN,21.33,N
01/31/2022,3,3,PR_PR_G2,RN,21.33,N
01/31/2022,3,3,PSA_CC1,LCCRN,21.36,N
01/31/2022,3,3,PSA_PSA_G1,PCCRN,21.36,N
01/31/2022,3,3,PSA_PSA_G2,PCCRN,21.36,N
01/31/2022,3,3,PSA_PSA_G3,PCCRN,21.36,N
01/31/2022,3,3,PSA_PSA_G4,PCCRN,21.36,N
01/31/2022,3,3,PSA_PSA_G5,PCCRN,21.36,N
01/31/2022,3,3,PSA_PSA_G6,PCCRN,21.36,N
01/31/2022,3,3,PSA_PSA_G7,PCCRN,21.36,N
01/31/2022,3,3,PSA_PUN1,PUN,21.36,N
01/31/2022,3,3,PSA_PUN2,PUN,21.36,N
01/31/2022,3,3,PSA_PUN3,PUN,21.36,N
01/31/2022,3,3,PSA_PUN4,PUN,21.36,N
01/31/2022,3,3,PSA_PUN5,PUN,21.36,N
01/31/2022,3,3,PSG_CC1,LCCRN,21.32,N
01/31/2022,3,3,PSG_PSG_GT2,PCCRN,21.32,N
01/31/2022,3,3,PSG_PSG_GT3,PCCRN,21.32,N
01/31/2022,3,3,PSG_PSG_ST1,PCCRN,21.32,N
01/31/2022,3,3,PTLBES_BESS1,RN,15.7,N
01/31/2022,3,3,PYR_PYRON1,RN,23.81,N
01/31/2022,3,3,QALSW_ALL,PCCRN,24.49,N
01/31/2022,3,3,QALSW_CC1,LCCRN,24.49,N
01/31/2022,3,3,QALSW_CC2,LCCRN,24.49,N
01/31/2022,3,3,QUEEN_BA_RN,RN,25.05,N
01/31/2022,3,3,QUEEN_SL_RN,RN,25.05,N
01/31/2022,3,3,RAB_G1-8,RN,21.23,N
01/31/2022,3,3,RAMBLER_UNIT,RN,24.19,N
01/31/2022,3,3,RANCHERO_ALL,RN,24.76,N
01/31/2022,3,3,RAYBURN_CC1,LCCRN,17.9,N
01/31/2022,3,3,RAYBURN_G1_2,RN,17.46,N
01/31/2022,3,3,RAYB_G78910,PCCRN,17.9,N
01/31/2022,3,3,RDCAN_RDCNY1,RN,23.81,N
01/31/2022,3,3,REDBARN_RN,RN,25.02,N
01/31/2022,3,3,REDFISH_ALL,RN,-7.38,N
01/31/2022,3,3,REDGATE_ALL,RN,-11.42,N
01/31/2022,3,3,REDGATE_RN,RN,-11.42,N
01/31/2022,3,3,RELOJ_ALL,RN,-25.81,N
01/31/2022,3,3,REROCK_ALL,RN,24.97,N
01/31/2022,3,3,RHESS2_ESS1,RN,22.91,N
01/31/2022,3,3,RHESS_1,RN,22.91,N
01/31/2022,3,3,RIGGIN_UNIT1,RN,25.4,N
01/31/2022,3,3,RIONOG_CC1,LCCRN,23.14,N
01/31/2022,3,3,RIONOG_CT1,PCCRN,23.14,N
01/31/2022,3,3,RIONOG_CT2,PCCRN,23.14,N
01/31/2022,3,3,RIONOG_CT3,PCCRN,23.14,N
01/31/2022,3,3,RIONOG_ST1,PCCRN,23.14,N
01/31/2022,3,3,RIPPEY_ALL,RN,23.07,N
01/31/2022,3,3,RN_APOGEE,RN,23.6,N
01/31/2022,3,3,RN_BYU_G8,PCCRN,21.23,N
01/31/2022,3,3,RN_DEC_AGR_A,RN,23.08,N
01/31/2022,3,3,RN_DEC_AGR_B,RN,23.08,N
01/31/2022,3,3,RN_DEC_AGR_C,RN,23.08,N
01/31/2022,3,3,RN_DEC_AGR_D,RN,23.08,N
01/31/2022,3,3,RN_ECEC_HOLT,RN,24.5,N
01/31/2022,3,3,RN_OCI_ALAMO,RN,25.31,N
01/31/2022,3,3,RN_RTS1,RN,23.8,N
01/31/2022,3,3,RN_SR_WIND1,RN,-9.01,N
01/31/2022,3,3,RN_TOSBATT,RN,24.15,N
01/31/2022,3,3,ROUTE66_RN,RN,23.54,N
01/31/2022,3,3,RPUBRDS_RN,RN,22.32,N
01/31/2022,3,3,RSK_RN,RN,24.12,N
01/31/2022,3,3,SALVTION_GEN,RN,23.43,N
01/31/2022,3,3,SAMSON_ALL,RN,22.96,N
01/31/2022,3,3,SANDHSYD1_2,RN,22.81,N
01/31/2022,3,3,SANDHSYD3_4,RN,22.81,N
01/31/2022,3,3,SANDHSYD6_7,RN,22.81,N
01/31/2022,3,3,SANDHSYD_5AC,PCCRN,22.81,N
01/31/2022,3,3,SANDHSYD_CC1,LCCRN,22.81,N
01/31/2022,3,3,SANTACRU_ALL,RN,0.56,N
01/31/2022,3,3,SAN_SANMIGG1,RN,22.96,N
01/31/2022,3,3,SC2SES_UNIT1,RN,22.78,N
01/31/2022,3,3,SCES_UNIT1,RN,22.76,N
01/31/2022,3,3,SCLP_PUN1,PUN,20.93,N
01/31/2022,3,3,SCLP_PUN2,PUN,20.93,N
01/31/2022,3,3,SCLP_PUN3,PUN,20.93,N
01/31/2022,3,3,SCLP_PUN4,PUN,20.93,N
01/31/2022,3,3,SCLP_SCLPC_1,RN,20.93,N
01/31/2022,3,3,SCLP_SCLPC_2,RN,20.93,N
01/31/2022,3,3,SCLP_SCLPC_3,RN,20.93,N
01/31/2022,3,3,SCLP_SCLPC_4,RN,20.93,N
01/31/2022,3,3,SCSES_UNIT2,RN,22.78,N
01/31/2022,3,3,SDSES_PUN1,RN,22.71,N
01/31/2022,3,3,SDSES_PUN2,RN,22.71,N
01/31/2022,3,3,SDSES_PUN3,RN,22.71,N
01/31/2022,3,3,SDSES_PUN4,RN,22.71,N
01/31/2022,3,3,SENATEWD_1,RN,23.31,N
01/31/2022,3,3,SGM_SIGNALMT,RN,24.13,N
01/31/2022,3,3,SHAFFER_ALL,RN,0.2,N
01/31/2022,3,3,SHANNONW_RN,RN,23.31,N
01/31/2022,3,3,SILASRAY_CC1,LCCRN,-9.39,N
01/31/2022,3,3,SIL_SILAS_10,RN,-9.39,N
01/31/2022,3,3,SIL_SILAS_6,PCCRN,-9.39,N
01/31/2022,3,3,SIL_SILAS_9,PCCRN,-9.39,N
01/31/2022,3,3,SIRIUS_UNIT1,RN,26.49,N
01/31/2022,3,3,SJS_SJS_G1,RN,21.25,N
01/31/2022,3,3,SJS_SJS_G2,RN,21.25,N
01/31/2022,3,3,SKY1,RN,20.66,N
01/31/2022,3,3,SLCN_ESS_ALL,RN,22.89,N
01/31/2022,3,3,SLTFRK_UN1_2,RN,23.52,N
01/31/2022,3,3,SL_PUN1,PUN,21.32,N
01/31/2022,3,3,SL_PUN2,PUN,21.32,N
01/31/2022,3,3,SL_SL_G1,RN,21.32,N
01/31/2022,3,3,SL_SL_G2,RN,21.32,N
01/31/2022,3,3,SL_SL_G3,RN,21.32,N
01/31/2022,3,3,SL_SL_G4,RN,21.32,N
01/31/2022,3,3,SNY_BESS_RN,RN,23.88,N
01/31/2022,3,3,SOLARA_UNIT1,RN,23.7,N
01/31/2022,3,3,SPLAIN1_RN,RN,23.57,N
01/31/2022,3,3,SPLAIN2_RN,RN,23.57,N
01/31/2022,3,3,SPNC_SPNCE_4,RN,23.06,N
01/31/2022,3,3,SPNC_SPNCE_5,RN,23.06,N
01/31/2022,3,3,SPTX12B_RN,RN,25.28,N
01/31/2022,3,3,SRWE1_UNIT1,RN,23.91,N
01/31/2022,3,3,SSPURT_WIND1,RN,23.55,N
01/31/2022,3,3,STEAM_ENG123,RN,22.94,N
01/31/2022,3,3,STEA_STEAM_1,RN,22.94,N
01/31/2022,3,3,STEA_STEAM_2,RN,22.94,N
01/31/2022,3,3,STEA_STEAM_3,RN,22.94,N
01/31/2022,3,3,STELLA_RN,RN,-4.01,N
01/31/2022,3,3,STP_STP_G1,RN,20.08,N
01/31/2022,3,3,STP_STP_G2,RN,20.08,N
01/31/2022,3,3,STRATEGC_RN,RN,22.8,N
01/31/2022,3,3,STWF_T1,RN,23.86,N
01/31/2022,3,3,SWEC_G1,RN,24.25,N
01/31/2022,3,3,SWEETWN2_2_4,RN,23.88,N
01/31/2022,3,3,SWEETWN3_3,RN,23.88,N
01/31/2022,3,3,SWEETWND_1,RN,23.88,N
01/31/2022,3,3,SWOOSE1_U1,RN,24.67,N
01/31/2022,3,3,SWOOSEII_RN,RN,24.67,N
01/31/2022,3,3,SWTWN4_WND45,RN,23.88,N
01/31/2022,3,3,SWT_BESS_RN,RN,23.87,N
01/31/2022,3,3,S_HILLS_RN,RN,23.35,N
01/31/2022,3,3,TAHOKA_ALL,RN,23.85,N
01/31/2022,3,3,TAYGETE2_ALL,RN,24.85,N
01/31/2022,3,3,TAYGETE_ALL,RN,24.85,N
01/31/2022,3,3,TC_PUN1,PUN,21.26,N
01/31/2022,3,3,TC_PUN2,PUN,21.26,N
01/31/2022,3,3,TC_TCHP1,RN,21.26,N
01/31/2022,3,3,TEN_CC1,LCCRN,23.05,N
01/31/2022,3,3,TEN_CT1_STG,PCCRN,23.05,N
01/31/2022,3,3,TGCCS_ALL,PCCRN,22.8,N
01/31/2022,3,3,TGCCS_CC1,LCCRN,22.8,N
01/31/2022,3,3,TGF_TGFGT,RN,20.95,N
01/31/2022,3,3,TGW_T1_T2,RN,-4.01,N
01/31/2022,3,3,THW_1_CCU,PCCRN,21.39,N
01/31/2022,3,3,THW_2_CCU,PCCRN,21.39,N
01/31/2022,3,3,THW_CC1,LCCRN,21.39,N
01/31/2022,3,3,THW_CC2,LCCRN,21.39,N
01/31/2022,3,3,THW_THWGT5X,RN,21.42,N
01/31/2022,3,3,THW_THWGT_1,RN,21.43,N
01/31/2022,3,3,TI_SOLAR_ALL,RN,24.7,N
01/31/2022,3,3,TKWSW_CHAMP,RN,23.81,N
01/31/2022,3,3,TKWSW_ROSCOE,RN,23.81,N
01/31/2022,3,3,TNP_TNP_O_1,RN,22.48,N
01/31/2022,3,3,TNP_TNP_O_2,RN,22.48,N
01/31/2022,3,3,TNSKA_CC1,LCCRN,22.98,N
01/31/2022,3,3,TNSKA_CCU,PCCRN,22.98,N
01/31/2022,3,3,TOPAZ_ALL,RN,21.15,N
01/31/2022,3,3,TORR_ALL,RN,-32.36,N
01/31/2022,3,3,TOYAH_RN,RN,24.97,N
01/31/2022,3,3,TRENT_TRENT,RN,23.86,N
01/31/2022,3,3,TRINITY_ALL,RN,23.37,N
01/31/2022,3,3,TRIPBUT1_RN,RN,25.25,N
01/31/2022,3,3,TRSES_UNIT6,RN,22.79,N
01/31/2022,3,3,TRUENO_ALL,RN,-8.76,N
01/31/2022,3,3,TRUSGILL_RN,RN,23.43,N
01/31/2022,3,3,TTRSW_RN,RN,22.96,N
01/31/2022,3,3,TTWEC_G1,RN,23.95,N
01/31/2022,3,3,TXCTY_CC1,LCCRN,21.15,N
01/31/2022,3,3,TXCTY_CTA,PCCRN,21.15,N
01/31/2022,3,3,TXCTY_CTB,PCCRN,21.15,N
01/31/2022,3,3,TXCTY_CTC,PCCRN,21.15,N
01/31/2022,3,3,TXCTY_ST,PCCRN,21.15,N
01/31/2022,3,3,TYLRWIND_RN,RN,23.1,N
01/31/2022,3,3,T_CK_GT2_RN,RN,23.71,N
01/31/2022,3,3,T_CK_GT3_RN,RN,23.71,N
01/31/2022,3,3,UCC_COG_PUN2,PUN,21.15,N
01/31/2022,3,3,UCC_UCC_C_2,RN,21.15,N
01/31/2022,3,3,VANCOURT_RN,RN,-9.17,N
01/31/2022,3,3,VENADO_ALL,RN,-24.71,N
01/31/2022,3,3,VERAWIND_ALL,RN,23.43,N
01/31/2022,3,3,VERTIGO_UN1,RN,23.52,N
01/31/2022,3,3,VICTORIA_CC1,LCCRN,16.73,N
01/31/2022,3,3,VICTPORT_ALL,RN,16.26,N
01/31/2022,3,3,VICTPORT_RN,RN,16.26,N
01/31/2022,3,3,VIC_VICTORG5,PCCRN,16.73,N
01/31/2022,3,3,VIC_VICTORG6,PCCRN,16.73,N
01/31/2022,3,3,VISION_RN,RN,22.75,N
01/31/2022,3,3,VLSES_UNIT3,PCCRN,22.98,N
01/31/2022,3,3,VORT_ALL_RN,RN,23.38,N
01/31/2022,3,3,WAKEWE_ALL,RN,23.57,N
01/31/2022,3,3,WAP_WAPGT_1,RN,21.16,N
01/31/2022,3,3,WAP_WAP_G1,RN,21.16,N
01/31/2022,3,3,WAP_WAP_G2,RN,21.16,N
01/31/2022,3,3,WAP_WAP_G3,RN,21.18,N
01/31/2022,3,3,WAP_WAP_G4,RN,21.18,N
01/31/2022,3,3,WAP_WAP_G5,RN,21.16,N
01/31/2022,3,3,WAP_WAP_G6,RN,21.06,N
01/31/2022,3,3,WAP_WAP_G7,RN,21.06,N
01/31/2022,3,3,WAP_WAP_G8,RN,21.23,N
01/31/2022,3,3,WAYMARK_RN,RN,25.02,N
01/31/2022,3,3,WCPP_CC1,LCCRN,23.22,N
01/31/2022,3,3,WCPP_CT1,PCCRN,23.22,N
01/31/2022,3,3,WCPP_CT2,PCCRN,23.22,N
01/31/2022,3,3,WCPP_ST1,PCCRN,23.22,N
01/31/2022,3,3,WEBBER_WS_T1,RN,22.7,N
01/31/2022,3,3,WEC_WECG1,RN,23.69,N
01/31/2022,3,3,WFCOGEN_13,PCCRN,23.36,N
01/31/2022,3,3,WFCOGEN_24,PCCRN,23.36,N
01/31/2022,3,3,WFCOGEN_CC1,LCCRN,23.36,N
01/31/2022,3,3,WGU_RN,RN,20.96,N
01/31/2022,3,3,WHCCS2_4,PCCRN,23.17,N
01/31/2022,3,3,WHCCS2_5_6,PCCRN,23.17,N
01/31/2022,3,3,WHCCS2_CC2,LCCRN,23.17,N
01/31/2022,3,3,WHCCS_CC1,LCCRN,23.17,N
01/31/2022,3,3,WHCCS_CT1_ST,PCCRN,23.17,N
01/31/2022,3,3,WHCCS_CT2,PCCRN,23.17,N
01/31/2022,3,3,WHITE_PT_UN1,RN,4.22,N
01/31/2022,3,3,WHMESA_U1,RN,24.66,N
01/31/2022,3,3,WHTTAIL_WR1,RN,23.12,N
01/31/2022,3,3,WH_WIND_ALL,RN,23.67,N
01/31/2022,3,3,WILDWIND_ALL,RN,23.1,N
01/31/2022,3,3,WIPOPA_1_2,RN,22.17,N
01/31/2022,3,3,WIPOPA_3_4,RN,22.17,N
01/31/2022,3,3,WIR_WIRTZ_G1,RN,23.38,N
01/31/2022,3,3,WIR_WIRTZ_G2,RN,23.38,N
01/31/2022,3,3,WL_RANCH_RN,RN,24.25,N
01/31/2022,3,3,WNDTS2_UNIT1,RN,23.32,N
01/31/2022,3,3,WND_WHITNEY,RN,22.89,N
01/31/2022,3,3,WOODWRD1_RN,RN,25.74,N
01/31/2022,3,3,WOODWRD2_RN,RN,25.74,N
01/31/2022,3,3,WOO_WOODWRD1,RN,25.74,N
01/31/2022,3,3,WOO_WOODWRD2,RN,25.75,N
01/31/2022,3,3,WOV_BESS_RN,RN,24.51,N
01/31/2022,3,3,WRSBES_BESS1,RN,24.71,N
01/31/2022,3,3,W_PECO_UNIT1,RN,24.69,N
01/31/2022,3,3,X443ESRN,RN,24.45,N
