DeliveryDate,DeliveryHour,DeliveryInterval,SettlementPointName,SettlementPointType,SettlementPointPrice,DSTFlag
01/31/2022,12,1,AEEC,RN,34.47,N
01/31/2022,12,1,AJAXWIND_RN,RN,34.47,N
01/31/2022,12,1,ALGOD_ALL_RN,RN,34.47,N
01/31/2022,12,1,ALVIN_RN,RN,34.47,N
01/31/2022,12,1,AMADEUS_ALL,RN,34.47,N
01/31/2022,12,1,AMISTAD_ALL,RN,34.47,N
01/31/2022,12,1,AMOCOOIL_CC1,LCCRN,34.47,N
01/31/2022,12,1,AMOCOOIL_CC2,LCCRN,34.47,N
01/31/2022,12,1,AMOCO_PUN1,PUN,34.47,N
01/31/2022,12,1,AMOCO_PUN2,PUN,34.47,N
01/31/2022,12,1,AMO_AMOCO_1,PCCRN,34.47,N
01/31/2022,12,1,AMO_AMOCO_2,PCCRN,34.47,N
01/31/2022,12,1,AMO_AMOCO_5,PCCRN,34.47,N
01/31/2022,12,1,AMO_AMOCO_G1,PCCRN,34.47,N
01/31/2022,12,1,AMO_AMOCO_G2,PCCRN,34.47,N
01/31/2022,12,1,AMO_AMOCO_G3,PCCRN,34.47,N
01/31/2022,12,1,AMO_AMOCO_S1,PCCRN,34.47,N
01/31/2022,12,1,AMO_AMOCO_S2,PCCRN,34.47,N
01/31/2022,12,1,ANACACHO_ANA,RN,34.47,N
01/31/2022,12,1,ANCHOR_ALL,RN,34.47,N
01/31/2022,12,1,ANSON1_ALL,RN,34.47,N
01/31/2022,12,1,AQUI_ALL,RN,34.47,N
01/31/2022,12,1,ARAGORN_RN,RN,34.47,N
01/31/2022,12,1,ASTRA_RN,RN,34.47,N
01/31/2022,12,1,ATK_ATKINSG7,RN,34.47,N
01/31/2022,12,1,AUSTPL_ALL,RN,34.47,N
01/31/2022,12,1,AVIAT_ALL,RN,34.47,N
01/31/2022,12,1,AZURE_RN,RN,34.47,N
01/31/2022,12,1,AZ_ALL,RN,34.47,N
01/31/2022,12,1,BAC_RN_ALL,RN,34.47,N
01/31/2022,12,1,BAFFIN_ALL,RN,34.47,N
01/31/2022,12,1,BAIRDWND_ALL,RN,34.47,N
01/31/2022,12,1,BARROW_ALL,RN,34.47,N
01/31/2022,12,1,BASTEN_CC1,LCCRN,34.47,N
01/31/2022,12,1,BASTEN_CCU,PCCRN,34.47,N
01/31/2022,12,1,BATCAVE_RN,RN,34.47,N
01/31/2022,12,1,BBREEZE_1_2,RN,34.47,N
01/31/2022,12,1,BCATWD_WD_1,RN,34.47,N
01/31/2022,12,1,BCK_RN,RN,34.47,N
01/31/2022,12,1,BIGSTAR_ALL,RN,34.47,N
01/31/2022,12,1,BLACKJAK_RN,RN,34.47,N
01/31/2022,12,1,BLSMT1_5_A_6,RN,34.47,N
01/31/2022,12,1,BLUEJAY_RN,RN,34.47,N
01/31/2022,12,1,BOOTLEG_UN1,RN,34.47,N
01/31/2022,12,1,BORDAS_345,RN,34.47,N
01/31/2022,12,1,BOSQUESW_CC1,LCCRN,34.47,N
01/31/2022,12,1,BOSQUESW_CC2,LCCRN,34.47,N
01/31/2022,12,1,BOSQ_BSQSU_5,PCCRN,34.47,N
01/31/2022,12,1,BOSQ_BSQS_12,PCCRN,34.47,N
01/31/2022,12,1,BOSQ_BSQS_34,PCCRN,34.47,N
01/31/2022,12,1,BRANDON_RN,RN,34.47,N
01/31/2022,12,1,BRAUNIG_CC1,LCCRN,34.47,N
01/31/2022,12,1,BRAUNIG_VHB1,RN,34.47,N
01/31/2022,12,1,BRAUNIG_VHB2,RN,34.47,N
01/31/2022,12,1,BRAUNIG_VHB3,RN,34.47,N
01/31/2022,12,1,BRAZ_WND_ALL,RN,34.47,N
01/31/2022,12,1,BRA_AVR1_CT2,PCCRN,34.47,N
01/31/2022,12,1,BRA_AVR_CST1,PCCRN,34.47,N
01/31/2022,12,1,BRHEIGHT_RN,RN,34.47,N
01/31/2022,12,1,BRIGHTSD_RN,RN,34.47,N
01/31/2022,12,1,BRISCOE_WIND,RN,34.47,N
01/31/2022,12,1,BRPANGLE_RN,RN,34.47,N
01/31/2022,12,1,BRPMAGNO_RN,RN,34.47,N
01/31/2022,12,1,BRP_BRAZ_RN,RN,34.47,N
01/31/2022,12,1,BRP_DIKN_RN,RN,34.47,N
01/31/2022,12,1,BRP_LOOP_RN,RN,34.47,N
01/31/2022,12,1,BRP_LOP1_RN,RN,34.47,N
01/31/2022,12,1,BRP_PBL1_RN,RN,34.47,N
01/31/2022,12,1,BRP_PBL2_RN,RN,34.47,N
01/31/2022,12,1,BRP_RN_UNIT1,RN,34.47,N
01/31/2022,12,1,BRP_SEMI_RN,RN,34.47,N
01/31/2022,12,1,BRP_SWNY_RN,RN,34.47,N
01/31/2022,12,1,BRP_ZPT1_RN,RN,34.47,N
01/31/2022,12,1,BRP_ZPT2_RN,RN,34.47,N
01/31/2022,12,1,BRTSW_BCW1,RN,34.47,N
01/31/2022,12,1,BR_VHB6CT5_6,RN,34.47,N
01/31/2022,12,1,BR_VHB6CT7_8,RN,34.47,N
01/31/2022,12,1,BSS_U1,RN,34.47,N
01/31/2022,12,1,BTE_BTE_G1,PCCRN,34.47,N
01/31/2022,12,1,BTE_BTE_G2,PCCRN,34.47,N
01/31/2022,12,1,BTE_BTE_G3,PCCRN,34.47,N
01/31/2022,12,1,BTE_BTE_G4,PCCRN,34.47,N
01/31/2022,12,1,BTE_CC1,LCCRN,34.47,N
01/31/2022,12,1,BTE_PUN1,PUN,34.47,N
01/31/2022,12,1,BTE_PUN2,PUN,34.47,N
01/31/2022,12,1,BUCHAN_ALL,RN,34.47,N
01/31/2022,12,1,BUCKTHRN_RN,RN,34.47,N
01/31/2022,12,1,BUFF_GAP_ALL,RN,34.47,N
01/31/2022,12,1,BULLCRK_1_2,RN,34.47,N
01/31/2022,12,1,BVE_CC1,LCCRN,34.47,N
01/31/2022,12,1,BVE_UNIT1,PCCRN,34.47,N
01/31/2022,12,1,BVE_UNIT2,PCCRN,34.47,N
01/31/2022,12,1,BVE_UNIT3,PCCRN,34.47,N
01/31/2022,12,1,BYU_BYU_1,RN,34.47,N
01/31/2022,12,1,BYU_BYU_12,PCCRN,34.47,N
01/31/2022,12,1,BYU_BYU_34,PCCRN,34.47,N
01/31/2022,12,1,BYU_BYU_G8,RN,34.47,N
01/31/2022,12,1,BYU_CC1,LCCRN,34.47,N
01/31/2022,12,1,BYU_PUN1,PUN,34.47,N
01/31/2022,12,1,BYU_PUN2,PUN,34.47,N
01/31/2022,12,1,BYU_PUN3,PUN,34.47,N
01/31/2022,12,1,BYU_PUN4,PUN,34.47,N
01/31/2022,12,1,B_DAVIS_3,PCCRN,34.47,N
01/31/2022,12,1,B_DAVIS_4,PCCRN,34.47,N
01/31/2022,12,1,B_DAVIS_CC1,LCCRN,34.47,N
01/31/2022,12,1,B_D_B_DAVIG1,RN,34.47,N
01/31/2022,12,1,B_D_B_DAVIG2,PCCRN,34.47,N
01/31/2022,12,1,CABEZON_ALL,RN,34.47,N
01/31/2022,12,1,CALAVER_JKS1,RN,34.47,N
01/31/2022,12,1,CALAVER_JKS2,RN,34.47,N
01/31/2022,12,1,CALAVER_JTD1,RN,34.47,N
01/31/2022,12,1,CALAVER_JTD2,RN,34.47,N
01/31/2022,12,1,CALAVER_OWS1,RN,34.47,N
01/31/2022,12,1,CALAVER_OWS2,RN,34.47,N
01/31/2022,12,1,CALHOUN_ALL,RN,34.47,N
01/31/2022,12,1,CALLAHA_WND1,RN,34.47,N
01/31/2022,12,1,CAL_CALGT1,PCCRN,34.47,N
01/31/2022,12,1,CAL_CALSTG1,PCCRN,34.47,N
01/31/2022,12,1,CAL_CC1,LCCRN,34.47,N
01/31/2022,12,1,CAL_PUN1,PUN,34.47,N
01/31/2022,12,1,CAL_PUN2,PUN,34.47,N
01/31/2022,12,1,CAMWIND_RN,RN,34.47,N
01/31/2022,12,1,CAPRIDG4_CR4,RN,34.47,N
01/31/2022,12,1,CAPRIDGE_ALL,RN,34.47,N
01/31/2022,12,1,CARBN_BSP_1,RN,34.47,N
01/31/2022,12,1,CASL_GAP_UN1,RN,34.47,N
01/31/2022,12,1,CBECII_1,RN,34.47,N
01/31/2022,12,1,CBECII_2,RN,34.47,N
01/31/2022,12,1,CBECII_89,PCCRN,34.47,N
01/31/2022,12,1,CBECII_CC3,LCCRN,34.47,N
01/31/2022,12,1,CBECII_CT7,PCCRN,34.47,N
01/31/2022,12,1,CBEC_ALL,PCCRN,34.47,N
01/31/2022,12,1,CBEC_CC1,LCCRN,34.47,N
01/31/2022,12,1,CBEC_CC2,LCCRN,34.47,N
01/31/2022,12,1,CBY4_ALL,PCCRN,34.47,N
01/31/2022,12,1,CBY4_CC1,LCCRN,34.47,N
01/31/2022,12,1,CBY_CBY_G1,RN,34.47,N
01/31/2022,12,1,CBY_CBY_G2,RN,34.47,N
01/31/2022,12,1,CCEC_CC1,LCCRN,34.47,N
01/31/2022,12,1,CCEC_GT1,PCCRN,34.47,N
01/31/2022,12,1,CCEC_GT2,PCCRN,34.47,N
01/31/2022,12,1,CCEC_PUN1,PUN,34.47,N
01/31/2022,12,1,CCEC_PUN2,PUN,34.47,N
01/31/2022,12,1,CCEC_ST1,PCCRN,34.47,N
01/31/2022,12,1,CEDROHI_CHW1,RN,34.47,N
01/31/2022,12,1,CFLATS_UNIT,RN,34.47,N
01/31/2022,12,1,CHALUP_ALL,RN,34.47,N
01/31/2022,12,1,CHAMON_UN1,RN,34.47,N
01/31/2022,12,1,CHAMON_UN2,RN,34.47,N
01/31/2022,12,1,CHEDPW_GT2,PCCRN,34.47,N
01/31/2022,12,1,CHE_CC1,LCCRN,34.47,N
01/31/2022,12,1,CHE_LYD,PCCRN,34.47,N
01/31/2022,12,1,CHE_LYD2,PCCRN,34.47,N
01/31/2022,12,1,CHE_PUN1,PUN,34.47,N
01/31/2022,12,1,CHE_PUN2,PUN,34.47,N
01/31/2022,12,1,CHISMGRD_RN,RN,34.47,N
01/31/2022,12,1,CITYVICT_ALL,RN,34.47,N
01/31/2022,12,1,CN_BRKS_UNT1,RN,34.47,N
01/31/2022,12,1,COL_COLETOG1,RN,34.47,N
01/31/2022,12,1,CONIGLIO_RN,RN,34.47,N
01/31/2022,12,1,CORAZON_RN,RN,34.47,N
01/31/2022,12,1,COTPLNS_RN,RN,34.47,N
01/31/2022,12,1,COTTON_PAP2,RN,34.47,N
01/31/2022,12,1,CPSES_UNIT1,RN,34.47,N
01/31/2022,12,1,CPSES_UNIT2,RN,34.47,N
01/31/2022,12,1,CRANELL_ALL,RN,34.47,N
01/31/2022,12,1,CROSSETT_ALL,RN,34.47,N
01/31/2022,12,1,CSC_CSECG1_2,RN,34.47,N
01/31/2022,12,1,CVC_CC1,LCCRN,34.47,N
01/31/2022,12,1,CVC_CVCG1_5,PCCRN,34.47,N
01/31/2022,12,1,CVC_CVC_G2,PCCRN,34.47,N
01/31/2022,12,1,CVC_CVC_G3,PCCRN,34.47,N
01/31/2022,12,1,DANSBY_ALL,RN,34.47,N
01/31/2022,12,1,DC2SES_ALL,RN,34.47,N
01/31/2022,12,1,DC_E,LZ_DC,34.47,N
01/31/2022,12,1,DC_E,LZ_DCEW,34.47,N
01/31/2022,12,1,DC_L,LZ_DC,34.47,N
01/31/2022,12,1,DC_L,LZ_DCEW,34.47,N
01/31/2022,12,1,DC_N,LZ_DC,34.47,N
01/31/2022,12,1,DC_N,LZ_DCEW,34.47,N
01/31/2022,12,1,DC_R,LZ_DCEW,34.47,N
01/31/2022,12,1,DC_R,LZ_DC,34.47,N
01/31/2022,12,1,DC_S,LZ_DCEW,34.47,N
01/31/2022,12,1,DC_S,LZ_DC,34.47,N
01/31/2022,12,1,DDPEC_CC1,LCCRN,34.47,N
01/31/2022,12,1,DDPEC_GT1,PCCRN,34.47,N
01/31/2022,12,1,DDPEC_GT2,PCCRN,34.47,N
01/31/2022,12,1,DDPEC_GT3,PCCRN,34.47,N
01/31/2022,12,1,DDPEC_GT4,PCCRN,34.47,N
01/31/2022,12,1,DDPEC_GT6,PCCRN,34.47,N
01/31/2022,12,1,DDPEC_ST1,PCCRN,34.47,N
01/31/2022,12,1,DECKER_DPG1,RN,34.47,N
01/31/2022,12,1,DECKER_DPG2,RN,34.47,N
01/31/2022,12,1,DECKER_GT,RN,34.47,N
01/31/2022,12,1,DENISON_G1_2,RN,34.47,N
01/31/2022,12,1,DERMOTT_ALL,RN,34.47,N
01/31/2022,12,1,DIB_CC1,LCCRN,34.47,N
01/31/2022,12,1,DIB_DIB_G1,PCCRN,34.47,N
01/31/2022,12,1,DIB_DIB_G2,PCCRN,34.47,N
01/31/2022,12,1,DIB_DIB_G3,PCCRN,34.47,N
01/31/2022,12,1,DIB_DIB_G4,PCCRN,34.47,N
01/31/2022,12,1,DIB_PUN1,PUN,34.47,N
01/31/2022,12,1,DIB_PUN2,PUN,34.47,N
01/31/2022,12,1,DOWGEN_PUN1,PUN,34.47,N
01/31/2022,12,1,DOWGEN_PUN2,PUN,34.47,N
01/31/2022,12,1,DOWGEN_PUN3,PUN,34.47,N
01/31/2022,12,1,DOW_61_2_63,RN,34.47,N
01/31/2022,12,1,DOW_64,RN,34.47,N
01/31/2022,12,1,DOW_81_2_84,RN,34.47,N
01/31/2022,12,1,DOW_G37_G35,RN,34.47,N
01/31/2022,12,1,DOW_G66_ST65,RN,34.47,N
01/31/2022,12,1,DOW_G67,RN,34.47,N
01/31/2022,12,1,DOW_G96_ST95,RN,34.47,N
01/31/2022,12,1,DUKE_CC1,LCCRN,34.47,N
01/31/2022,12,1,DUKE_GST1CCU,PCCRN,34.47,N
01/31/2022,12,1,DUKE_GT2_CCU,PCCRN,34.47,N
01/31/2022,12,1,DUP_PUN1,PUN,34.47,N
01/31/2022,12,1,DUP_PUN2,PUN,34.47,N
01/31/2022,12,1,DUP_PUN3,PUN,34.47,N
01/31/2022,12,1,DUP_PUN4,PUN,34.47,N
01/31/2022,12,1,ECLIPSE_UN1,RN,34.47,N
01/31/2022,12,1,ELB_ELBCREEK,RN,34.47,N
01/31/2022,12,1,ELECTRAW_1_2,RN,34.47,N
01/31/2022,12,1,EL_RAYO_ALL,RN,34.47,N
01/31/2022,12,1,ENAS_ENA1,RN,34.47,N
01/31/2022,12,1,ERSL_RN,RN,34.47,N
01/31/2022,12,1,ETCCS_CC1,LCCRN,34.47,N
01/31/2022,12,1,ETCCS_CCU,PCCRN,34.47,N
01/31/2022,12,1,EUNICE_ALL,RN,20.1,N
01/31/2022,12,1,EXGNSND_RN,RN,34.47,N
01/31/2022,12,1,EXGNWTL_1,RN,34.47,N
01/31/2022,12,1,EXN_14,RN,34.47,N
01/31/2022,12,1,EXN_1_3,RN,34.47,N
01/31/2022,12,1,EXN_4,RN,34.47,N
01/31/2022,12,1,EXN_8,RN,34.47,N
01/31/2022,12,1,EXN_9_13,RN,34.47,N
01/31/2022,12,1,EXN_PUN1,PUN,34.47,N
01/31/2022,12,1,EXN_PUN2,PUN,34.47,N
01/31/2022,12,1,EXN_PUN3,PUN,34.47,N
01/31/2022,12,1,E_BLACK_RN,RN,34.47,N
01/31/2022,12,1,FAL_FALCONG1,RN,34.47,N
01/31/2022,12,1,FAL_FALCONG2,RN,34.47,N
01/31/2022,12,1,FAL_FALCONG3,RN,34.47,N
01/31/2022,12,1,FEGC_RN,RN,34.47,N
01/31/2022,12,1,FERGCC_CC1,LCCRN,34.47,N
01/31/2022,12,1,FERGCC_GT1_1,PCCRN,34.47,N
01/31/2022,12,1,FERGCC_GT2_3,PCCRN,34.47,N
01/31/2022,12,1,FERGCC_ST1_5,PCCRN,34.47,N
01/31/2022,12,1,FERMI_ALL,RN,34.47,N
01/31/2022,12,1,FLCNS_CC1,LCCRN,34.47,N
01/31/2022,12,1,FLCNS_UNIT1,PCCRN,34.47,N
01/31/2022,12,1,FLCNS_UNIT2,PCCRN,34.47,N
01/31/2022,12,1,FLCNS_UNIT3,PCCRN,34.47,N
01/31/2022,12,1,FLOWERII_RN,RN,34.47,N
01/31/2022,12,1,FLTBES1,RN,34.47,N
01/31/2022,12,1,FLTCK_SSI,RN,34.47,N
01/31/2022,12,1,FLUVANNA_1_2,RN,34.47,N
01/31/2022,12,1,FLVABES1_ESR,RN,34.47,N
01/31/2022,12,1,FOARDCTY_ALL,RN,34.47,N
01/31/2022,12,1,FORMOSA_CC1,LCCRN,34.47,N
01/31/2022,12,1,FORMOSA_CC2,LCCRN,34.47,N
01/31/2022,12,1,FORMOSA_PUN1,PUN,34.47,N
01/31/2022,12,1,FORMOSA_PUN2,PUN,34.47,N
01/31/2022,12,1,FO_FORMOSA11,RN,34.47,N
01/31/2022,12,1,FO_FORMOSA12,RN,34.47,N
01/31/2022,12,1,FO_FORMOSG1,PCCRN,34.47,N
01/31/2022,12,1,FO_FORMOSG10,PCCRN,34.47,N
01/31/2022,12,1,FO_FORMOSG13,PCCRN,34.47,N
01/31/2022,12,1,FO_FORMOSG14,PCCRN,34.47,N
01/31/2022,12,1,FO_FORMOSG15,PCCRN,34.47,N
01/31/2022,12,1,FO_FORMOSG2,PCCRN,34.47,N
01/31/2022,12,1,FO_FORMOSG3,PCCRN,34.47,N
01/31/2022,12,1,FO_FORMOSG4,PCCRN,34.47,N
01/31/2022,12,1,FO_FORMOSG5,PCCRN,34.47,N
01/31/2022,12,1,FO_FORMOSG6,PCCRN,34.47,N
01/31/2022,12,1,FO_FORMOSG7,PCCRN,34.47,N
01/31/2022,12,1,FO_FORMOSG8,RN,34.47,N
01/31/2022,12,1,FO_FORMOSG9,PCCRN,34.47,N
01/31/2022,12,1,FPPYD_FPP_G1,RN,34.47,N
01/31/2022,12,1,FPPYD_FPP_G2,RN,34.47,N
01/31/2022,12,1,FPPYD_FPP_G3,RN,34.47,N
01/31/2022,12,1,FREC_1_CCU,PCCRN,34.47,N
01/31/2022,12,1,FREC_2_CCU,PCCRN,34.47,N
01/31/2022,12,1,FREC_CC1,LCCRN,34.47,N
01/31/2022,12,1,FREC_CC2,LCCRN,34.47,N
01/31/2022,12,1,FRNYPP_1_CCU,PCCRN,34.47,N
01/31/2022,12,1,FRNYPP_2_CCU,PCCRN,34.47,N
01/31/2022,12,1,FRNYPP_CC1,LCCRN,34.47,N
01/31/2022,12,1,FRNYPP_CC2,LCCRN,34.47,N
01/31/2022,12,1,FTR_CC1,LCCRN,34.47,N
01/31/2022,12,1,FTR_FTR_G1_4,PCCRN,34.47,N
01/31/2022,12,1,FTWIND_UNIT1,RN,34.47,N
01/31/2022,12,1,FWLR_SLR_1,RN,34.47,N
01/31/2022,12,1,GALO_RN1,RN,34.47,N
01/31/2022,12,1,GAMBIT_RN,RN,34.47,N
01/31/2022,12,1,GBY_GT,RN,34.47,N
01/31/2022,12,1,GID_GIDEONG1,RN,34.47,N
01/31/2022,12,1,GID_GIDEONG2,RN,34.47,N
01/31/2022,12,1,GID_GIDEONG3,RN,34.47,N
01/31/2022,12,1,GOA_GOATWIND,RN,34.47,N
01/31/2022,12,1,GPASTURE_ALL,RN,34.47,N
01/31/2022,12,1,GRANDVW1_A_B,RN,34.47,N
01/31/2022,12,1,GREASWOD_ALL,RN,34.47,N
01/31/2022,12,1,GRIF_TRL_RN,RN,34.47,N
01/31/2022,12,1,GRSES_UNIT1,RN,34.47,N
01/31/2022,12,1,GRSES_UNIT2,RN,34.47,N
01/31/2022,12,1,GUADG_CC1,LCCRN,34.47,N
01/31/2022,12,1,GUADG_CC2,LCCRN,34.47,N
01/31/2022,12,1,GUADG_CCU1,PCCRN,34.47,N
01/31/2022,12,1,GUADG_CCU2,PCCRN,34.47,N
01/31/2022,12,1,GUNMTN_NODE,RN,34.47,N
01/31/2022,12,1,GWEC_G1,RN,34.47,N
01/31/2022,12,1,HAYSEN1_2,RN,34.47,N
01/31/2022,12,1,HAYSEN3_4,RN,34.47,N
01/31/2022,12,1,HB_BUSAVG,SH,34.31,N
01/31/2022,12,1,HB_HOUSTON,HU,34.47,N
01/31/2022,12,1,HB_HUBAVG,AH,34.39,N
01/31/2022,12,1,HB_NORTH,HU,34.15,N
01/31/2022,12,1,HB_PAN,HU,34.47,N
01/31/2022,12,1,HB_SOUTH,HU,34.47,N
01/31/2022,12,1,HB_WEST,HU,34.47,N
01/31/2022,12,1,HELIOS_RN,RN,34.47,N
01/31/2022,12,1,HHGT_KENDAL,RN,34.47,N
01/31/2022,12,1,HHOLLW2_WND1,RN,34.47,N
01/31/2022,12,1,HHOLLW3_WND1,RN,34.47,N
01/31/2022,12,1,HHOLLW4_WND1,RN,34.47,N
01/31/2022,12,1,HICK_G1_G2,RN,34.47,N
01/31/2022,12,1,HI_LONE_ALL,RN,34.47,N
01/31/2022,12,1,HLSES_UNIT3,RN,34.47,N
01/31/2022,12,1,HLSES_UNIT4,RN,34.47,N
01/31/2022,12,1,HLSES_UNIT5,RN,34.47,N
01/31/2022,12,1,HOLSTEIN_ALL,RN,34.47,N
01/31/2022,12,1,HORSCR_RN,RN,34.47,N
01/31/2022,12,1,HORSECRK_RN,RN,34.47,N
01/31/2022,12,1,HOVEY_GEN,RN,34.47,N
01/31/2022,12,1,HRBESS_BESS,RN,34.47,N
01/31/2022,12,1,HRFDWIND_ALL,RN,34.47,N
01/31/2022,12,1,HWF_HWFG1,RN,34.47,N
01/31/2022,12,1,H_HOLLO_WND1,RN,34.47,N
01/31/2022,12,1,IMP_RN1,RN,34.47,N
01/31/2022,12,1,INDNENR_1_RN,RN,34.47,N
01/31/2022,12,1,INDNENR_2_RN,RN,34.47,N
01/31/2022,12,1,INDNNWP_RN,RN,34.47,N
01/31/2022,12,1,INDN_INDNNWP,RN,34.47,N
01/31/2022,12,1,IND_INADALE1,RN,34.47,N
01/31/2022,12,1,INGLCOSW_CC1,LCCRN,34.47,N
01/31/2022,12,1,INGLCOSW_STG,PCCRN,34.47,N
01/31/2022,12,1,INGLCOS_CTG1,PCCRN,34.47,N
01/31/2022,12,1,INGLCOS_CTG2,PCCRN,34.47,N
01/31/2022,12,1,INGLCO_PUN1,PUN,34.47,N
01/31/2022,12,1,INGLCO_PUN2,PUN,34.47,N
01/31/2022,12,1,INGLCO_PUN3,PUN,34.47,N
01/31/2022,12,1,INKS_INKS_G1,RN,34.47,N
01/31/2022,12,1,IN_INDNENR,RN,34.47,N
01/31/2022,12,1,IN_INDNENR_2,RN,34.47,N
01/31/2022,12,1,JACKCNTY_CC1,LCCRN,34.47,N
01/31/2022,12,1,JACKCNTY_CT1,PCCRN,34.47,N
01/31/2022,12,1,JACKCNTY_CT2,PCCRN,34.47,N
01/31/2022,12,1,JACKCNTY_STG,PCCRN,34.47,N
01/31/2022,12,1,JCKCNTY2_CC1,LCCRN,34.47,N
01/31/2022,12,1,JCKCNTY2_CT3,PCCRN,34.47,N
01/31/2022,12,1,JCKCNTY2_CT4,PCCRN,34.47,N
01/31/2022,12,1,JCKCNTY2_ST2,PCCRN,34.47,N
01/31/2022,12,1,JC_BAT_RN,RN,34.47,N
01/31/2022,12,1,JUNO_ALL,RN,34.47,N
01/31/2022,12,1,KARAKAW1_1,RN,34.47,N
01/31/2022,12,1,KARAKAW2_1,RN,34.47,N
01/31/2022,12,1,KEECHI_U1,RN,34.47,N
01/31/2022,12,1,KELAMSL_U1,RN,34.47,N
01/31/2022,12,1,KEO_KEO_SM1,RN,34.47,N
01/31/2022,12,1,KINGE_ALL,RN,34.47,N
01/31/2022,12,1,KINGW_ALL,RN,34.47,N
01/31/2022,12,1,KING_KINGNE,RN,34.47,N
01/31/2022,12,1,KING_KINGNW,RN,34.47,N
01/31/2022,12,1,KING_KINGSE,RN,34.47,N
01/31/2022,12,1,KING_KINGSW,RN,34.47,N
01/31/2022,12,1,KMCHI_CC1,LCCRN,34.47,N
01/31/2022,12,1,KMCHI_CC2,LCCRN,34.47,N
01/31/2022,12,1,LAMESASLR_G,RN,34.47,N
01/31/2022,12,1,LAPETUS_U1,RN,34.47,N
01/31/2022,12,1,LARDVFTN_G4,RN,34.47,N
01/31/2022,12,1,LARDVFTN_G5,RN,34.47,N
01/31/2022,12,1,LASSO_GEN,RN,34.47,N
01/31/2022,12,1,LEG_LEG_G1,RN,34.47,N
01/31/2022,12,1,LEG_LEG_G2,RN,34.47,N
01/31/2022,12,1,LEONLCPCT1_2,RN,34.47,N
01/31/2022,12,1,LEONLCPCT3_4,RN,34.47,N
01/31/2022,12,1,LGDRAW_S_ALL,RN,34.47,N
01/31/2022,12,1,LGD_LANGFORD,RN,34.47,N
01/31/2022,12,1,LGE_CC1,LCCRN,34.47,N
01/31/2022,12,1,LGE_LGE_GT1,PCCRN,34.47,N
01/31/2022,12,1,LGE_LGE_GT2,PCCRN,34.47,N
01/31/2022,12,1,LGE_LGE_STG,PCCRN,34.47,N
01/31/2022,12,1,LGE_PUN1,RN,34.47,N
01/31/2022,12,1,LGE_PUN2,RN,34.47,N
01/31/2022,12,1,LGW_UNIT_ALL,RN,34.47,N
01/31/2022,12,1,LHM_CVC_G4,RN,34.47,N
01/31/2022,12,1,LHM_PUN1,PUN,34.47,N
01/31/2022,12,1,LHM_PUN2,PUN,34.47,N
01/31/2022,12,1,LHORN_N_U1_2,RN,34.47,N
01/31/2022,12,1,LHSES_UNIT1,RN,34.47,N
01/31/2022,12,1,LHSES_UNIT2,RN,34.47,N
01/31/2022,12,1,LILY_RN,RN,34.47,N
01/31/2022,12,1,LMAJADAS_ALL,RN,34.47,N
01/31/2022,12,1,LNCRK_ALL,RN,34.47,N
01/31/2022,12,1,LONEWOLF_ALL,RN,34.47,N
01/31/2022,12,1,LOSTPI_CC1,LCCRN,34.47,N
01/31/2022,12,1,LOS_LOSTPGT1,PCCRN,34.47,N
01/31/2022,12,1,LOS_LOSTPGT2,PCCRN,34.47,N
01/31/2022,12,1,LOS_LOSTPST1,PCCRN,34.47,N
01/31/2022,12,1,LPCCS_CC1,LCCRN,34.47,N
01/31/2022,12,1,LPCCS_CC2,LCCRN,34.47,N
01/31/2022,12,1,LPCCS_CT11,PCCRN,34.47,N
01/31/2022,12,1,LPCCS_CT12,PCCRN,34.47,N
01/31/2022,12,1,LPCCS_CT21,PCCRN,34.47,N
01/31/2022,12,1,LPCCS_CT22,PCCRN,34.47,N
01/31/2022,12,1,LPCCS_UNIT1,PCCRN,34.47,N
01/31/2022,12,1,LPCCS_UNIT2,PCCRN,34.47,N
01/31/2022,12,1,LV1A_LV1B,RN,34.47,N
01/31/2022,12,1,LV3_UNIT1,RN,34.47,N
01/31/2022,12,1,LV4_UNIT_1,RN,34.47,N
01/31/2022,12,1,LV5_UNIT1,RN,34.47,N
01/31/2022,12,1,LZ_AEN,LZ,34.47,N
01/31/2022,12,1,LZ_AEN,LZEW,34.47,N
01/31/2022,12,1,LZ_CPS,LZEW,34.47,N
01/31/2022,12,1,LZ_CPS,LZ,34.47,N
01/31/2022,12,1,LZ_HOUSTON,LZEW,34.47,N
01/31/2022,12,1,LZ_HOUSTON,LZ,34.47,N
01/31/2022,12,1,LZ_LCRA,LZEW,34.47,N
01/31/2022,12,1,LZ_LCRA,LZ,34.47,N
01/31/2022,12,1,LZ_NORTH,LZEW,34.47,N
01/31/2022,12,1,LZ_NORTH,LZ,34.47,N
01/31/2022,12,1,LZ_RAYBN,LZEW,34.47,N
01/31/2022,12,1,LZ_RAYBN,LZ,34.47,N
01/31/2022,12,1,LZ_SOUTH,LZEW,34.47,N
01/31/2022,12,1,LZ_SOUTH,LZ,34.47,N
01/31/2022,12,1,LZ_WEST,LZEW,34.47,N
01/31/2022,12,1,LZ_WEST,LZ,34.47,N
01/31/2022,12,1,MADERO_RN,RN,34.47,N
01/31/2022,12,1,MARBFA,RN,34.47,N
01/31/2022,12,1,MARIAH_ALL,RN,34.47,N
01/31/2022,12,1,MAR_MARSFOG1,RN,34.47,N
01/31/2022,12,1,MAR_MARSFOG2,RN,34.47,N
01/31/2022,12,1,MAR_MARSFOG3,RN,34.47,N
01/31/2022,12,1,MASSENGL_CC1,LCCRN,34.47,N
01/31/2022,12,1,MASSENGL_G6,PCCRN,34.47,N
01/31/2022,12,1,MASSENGL_G7,PCCRN,34.47,N
01/31/2022,12,1,MASSENGL_G8,PCCRN,34.47,N
01/31/2022,12,1,MAVCRK_W_ALL,RN,34.47,N
01/31/2022,12,1,MCDLD_FCSBW1,RN,34.47,N
01/31/2022,12,1,MCSES_UNIT6,RN,34.47,N
01/31/2022,12,1,MCSES_UNIT7,RN,34.47,N
01/31/2022,12,1,MCSES_UNIT8,RN,34.47,N
01/31/2022,12,1,MDANP_CT1_2,RN,34.47,N
01/31/2022,12,1,MDANP_CT3_4,RN,34.47,N
01/31/2022,12,1,MDANP_CT5_6,RN,34.47,N
01/31/2022,12,1,MESQCRK_ALL,RN,34.47,N
01/31/2022,12,1,MESTENO_RN,RN,34.47,N
01/31/2022,12,1,MGSES_CT123,RN,34.47,N
01/31/2022,12,1,MGSES_CT456,RN,34.47,N
01/31/2022,12,1,MIAM1_G1_G2,RN,34.47,N
01/31/2022,12,1,MIL_MILG1_2,RN,34.47,N
01/31/2022,12,1,MIL_MILG345,RN,34.47,N
01/31/2022,12,1,MIRAGE_G1,RN,34.47,N
01/31/2022,12,1,MIRASOLE_GEN,RN,34.47,N
01/31/2022,12,1,MISAE_GEN_RN,RN,34.47,N
01/31/2022,12,1,MLSES_UNIT1,RN,22.92,N
01/31/2022,12,1,MLSES_UNIT2,RN,22.92,N
01/31/2022,12,1,MLSES_UNIT3,RN,22.92,N
01/31/2022,12,1,MOZART_WIND1,RN,34.47,N
01/31/2022,12,1,MWEC_G1,RN,34.47,N
01/31/2022,12,1,NACPW_UNIT1,RN,34.47,N
01/31/2022,12,1,NBOHR_RN,RN,34.47,N
01/31/2022,12,1,NCARBIDEG8,RN,34.47,N
01/31/2022,12,1,NCARBIDE_1_7,RN,34.47,N
01/31/2022,12,1,NCARBID_PUN1,PUN,34.47,N
01/31/2022,12,1,NCARBID_PUN2,PUN,34.47,N
01/31/2022,12,1,NCO_RN,RN,34.47,N
01/31/2022,12,1,NEBULA_RN,RN,34.47,N
01/31/2022,12,1,NEDIN_CC1,LCCRN,34.47,N
01/31/2022,12,1,NED_NEDIN_G1,PCCRN,34.47,N
01/31/2022,12,1,NED_NEDIN_G2,PCCRN,34.47,N
01/31/2022,12,1,NED_NEDIN_G3,PCCRN,34.47,N
01/31/2022,12,1,NF_BRP_RN,RN,34.47,N
01/31/2022,12,1,NOBLESLR_ALL,RN,34.47,N
01/31/2022,12,1,NUECES_B_CC1,LCCRN,34.47,N
01/31/2022,12,1,NUE_NUECESG7,PCCRN,34.47,N
01/31/2022,12,1,NUE_NUECESG8,PCCRN,34.47,N
01/31/2022,12,1,NUE_NUECESG9,PCCRN,34.47,N
01/31/2022,12,1,NWF_NWF1,RN,34.47,N
01/31/2022,12,1,OBERON_U1,RN,34.47,N
01/31/2022,12,1,ODESW_RN,RN,34.47,N
01/31/2022,12,1,OECCS_1,PCCRN,34.47,N
01/31/2022,12,1,OECCS_2,PCCRN,34.47,N
01/31/2022,12,1,OECCS_CC1,LCCRN,34.47,N
01/31/2022,12,1,OECCS_CC2,LCCRN,34.47,N
01/31/2022,12,1,OGSES_1,RN,34.47,N
01/31/2022,12,1,OGSES_2,RN,34.47,N
01/31/2022,12,1,OKLA_OKLA_G1,RN,34.47,N
01/31/2022,12,1,OLIN_OLING_1,RN,34.47,N
01/31/2022,12,1,OLIN_OLING_2,RN,34.47,N
01/31/2022,12,1,OLIN_OLING_3,RN,34.47,N
01/31/2022,12,1,OLIN_OLING_4,RN,34.47,N
01/31/2022,12,1,OWF_OWF,RN,34.47,N
01/31/2022,12,1,OXY_OXY_CCG1,RN,34.47,N
01/31/2022,12,1,OXY_PUN1,PUN,34.47,N
01/31/2022,12,1,OXY_PUN2,PUN,34.47,N
01/31/2022,12,1,PALMWI_UNIT1,RN,34.47,N
01/31/2022,12,1,PANDA_S_CC1,LCCRN,34.47,N
01/31/2022,12,1,PANDA_S_CT1,PCCRN,34.47,N
01/31/2022,12,1,PANDA_S_CT2,PCCRN,34.47,N
01/31/2022,12,1,PANDA_S_ST1,PCCRN,34.47,N
01/31/2022,12,1,PANDA_T1_CC1,LCCRN,34.47,N
01/31/2022,12,1,PANDA_T1_CT1,PCCRN,34.47,N
01/31/2022,12,1,PANDA_T1_CT2,PCCRN,34.47,N
01/31/2022,12,1,PANDA_T1_ST1,PCCRN,34.47,N
01/31/2022,12,1,PANDA_T2_CC1,LCCRN,34.47,N
01/31/2022,12,1,PANDA_T2_CT1,PCCRN,34.47,N
01/31/2022,12,1,PANDA_T2_CT2,PCCRN,34.47,N
01/31/2022,12,1,PANDA_T2_ST1,PCCRN,34.47,N
01/31/2022,12,1,PAP1_PAP1,RN,34.47,N
01/31/2022,12,1,PB2SES_CT1,RN,34.47,N
01/31/2022,12,1,PB2SES_CT2,RN,34.47,N
01/31/2022,12,1,PB2SES_CT3,RN,34.47,N
01/31/2022,12,1,PB2SES_CT4,RN,34.47,N
01/31/2022,12,1,PB2SES_CT5,RN,34.47,N
01/31/2022,12,1,PC_NORTH_1,RN,34.47,N
01/31/2022,12,1,PC_SOUTH_ALL,RN,34.47,N
01/31/2022,12,1,PEARSA_1_24,RN,34.47,N
01/31/2022,12,1,PENA_ALL,RN,34.47,N
01/31/2022,12,1,PES1_RN,RN,34.47,N
01/31/2022,12,1,PEY_RN,RN,34.47,N
01/31/2022,12,1,PH1_UNIT1_2,RN,34.47,N
01/31/2022,12,1,PH2_U1_U2,RN,34.47,N
01/31/2022,12,1,PHILLWND_ALL,RN,34.47,N
01/31/2022,12,1,PHOEBE_ALL,RN,34.47,N
01/31/2022,12,1,PHOENIX_RN,RN,34.47,N
01/31/2022,12,1,PLN_ALL,RN,34.47,N
01/31/2022,12,1,PNPI_GT2_RN,RN,34.47,N
01/31/2022,12,1,PRID_RN,RN,34.47,N
01/31/2022,12,1,PROSPERO_ALL,RN,20.1,N
01/31/2022,12,1,PRO_RN,RN,34.47,N
01/31/2022,12,1,PRSPERO2_ALL,RN,20.1,N
01/31/2022,12,1,PR_PR_ALL,RN,34.47,N
01/31/2022,12,1,PR_PR_G2,RN,34.47,N
01/31/2022,12,1,PSA_CC1,LCCRN,34.47,N
01/31/2022,12,1,PSA_PSA_G1,PCCRN,34.47,N
01/31/2022,12,1,PSA_PSA_G2,PCCRN,34.47,N
01/31/2022,12,1,PSA_PSA_G3,PCCRN,34.47,N
01/31/2022,12,1,PSA_PSA_G4,PCCRN,34.47,N
01/31/2022,12,1,PSA_PSA_G5,PCCRN,34.47,N
01/31/2022,12,1,PSA_PSA_G6,PCCRN,34.47,N
01/31/2022,12,1,PSA_PSA_G7,PCCRN,34.47,N
01/31/2022,12,1,PSA_PUN1,PUN,34.47,N
01/31/2022,12,1,PSA_PUN2,PUN,34.47,N
01/31/2022,12,1,PSA_PUN3,PUN,34.47,N
01/31/2022,12,1,PSA_PUN4,PUN,34.47,N
01/31/2022,12,1,PSA_PUN5,PUN,34.47,N
01/31/2022,12,1,PSG_CC1,LCCRN,34.47,N
01/31/2022,12,1,PSG_PSG_GT2,PCCRN,34.47,N
01/31/2022,12,1,PSG_PSG_GT3,PCCRN,34.47,N
01/31/2022,12,1,PSG_PSG_ST1,PCCRN,34.47,N
01/31/2022,12,1,PTLBES_BESS1,RN,34.47,N
01/31/2022,12,1,PYR_PYRON1,RN,34.47,N
01/31/2022,12,1,QALSW_ALL,PCCRN,34.47,N
01/31/2022,12,1,QALSW_CC1,LCCRN,34.47,N
01/31/2022,12,1,QALSW_CC2,LCCRN,34.47,N
01/31/2022,12,1,QUEEN_BA_RN,RN,34.47,N
01/31/2022,12,1,QUEEN_SL_RN,RN,34.47,N
01/31/2022,12,1,RAB_G1-8,RN,34.47,N
01/31/2022,12,1,RAMBLER_UNIT,RN,34.47,N
01/31/2022,12,1,RANCHERO_ALL,RN,34.47,N
01/31/2022,12,1,RAYBURN_CC1,LCCRN,34.47,N
01/31/2022,12,1,RAYBURN_G1_2,RN,34.47,N
01/31/2022,12,1,RAYB_G78910,PCCRN,34.47,N
01/31/2022,12,1,RDCAN_RDCNY1,RN,34.47,N
01/31/2022,12,1,REDBARN_RN,RN,34.47,N
01/31/2022,12,1,REDFISH_ALL,RN,34.47,N
01/31/2022,12,1,REDGATE_ALL,RN,34.47,N
01/31/2022,12,1,REDGATE_RN,RN,34.47,N
01/31/2022,12,1,RELOJ_ALL,RN,34.47,N
01/31/2022,12,1,REROCK_ALL,RN,34.47,N
01/31/2022,12,1,RHESS2_ESS1,RN,34.47,N
01/31/2022,12,1,RHESS_1,RN,34.47,N
01/31/2022,12,1,RIGGIN_UNIT1,RN,34.47,N
01/31/2022,12,1,RIONOG_CC1,LCCRN,34.47,N
01/31/2022,12,1,RIONOG_CT1,PCCRN,34.47,N
01/31/2022,12,1,RIONOG_CT2,PCCRN,34.47,N
01/31/2022,12,1,RIONOG_CT3,PCCRN,34.47,N
01/31/2022,12,1,RIONOG_ST1,PCCRN,34.47,N
01/31/2022,12,1,RIPPEY_ALL,RN,34.47,N
01/31/2022,12,1,RN_APOGEE,RN,34.47,N
01/31/2022,12,1,RN_BYU_G8,PCCRN,34.47,N
01/31/2022,12,1,RN_DEC_AGR_A,RN,34.47,N
01/31/2022,12,1,RN_DEC_AGR_B,RN,34.47,N
01/31/2022,12,1,RN_DEC_AGR_C,RN,34.47,N
01/31/2022,12,1,RN_DEC_AGR_D,RN,34.47,N
01/31/2022,12,1,RN_ECEC_HOLT,RN,34.47,N
01/31/2022,12,1,RN_OCI_ALAMO,RN,34.47,N
01/31/2022,12,1,RN_RTS1,RN,34.47,N
01/31/2022,12,1,RN_SR_WIND1,RN,34.47,N
01/31/2022,12,1,RN_TOSBATT,RN,34.47,N
01/31/2022,12,1,ROUTE66_RN,RN,34.47,N
01/31/2022,12,1,RPUBRDS_RN,RN,34.47,N
01/31/2022,12,1,RSK_RN,RN,34.47,N
01/31/2022,12,1,SALVTION_GEN,RN,34.47,N
01/31/2022,12,1,SAMSON_ALL,RN,34.47,N
01/31/2022,12,1,SANDHSYD1_2,RN,34.47,N
01/31/2022,12,1,SANDHSYD3_4,RN,34.47,N
01/31/2022,12,1,SANDHSYD6_7,RN,34.47,N
01/31/2022,12,1,SANDHSYD_5AC,PCCRN,34.47,N
01/31/2022,12,1,SANDHSYD_CC1,LCCRN,34.47,N
01/31/2022,12,1,SANTACRU_ALL,RN,34.47,N
01/31/2022,12,1,SAN_SANMIGG1,RN,34.47,N
01/31/2022,12,1,SC2SES_UNIT1,RN,34.47,N
01/31/2022,12,1,SCES_UNIT1,RN,34.47,N
01/31/2022,12,1,SCLP_PUN1,PUN,34.47,N
01/31/2022,12,1,SCLP_PUN2,PUN,34.47,N
01/31/2022,12,1,SCLP_PUN3,PUN,34.47,N
01/31/2022,12,1,SCLP_PUN4,PUN,34.47,N
01/31/2022,12,1,SCLP_SCLPC_1,RN,34.47,N
01/31/2022,12,1,SCLP_SCLPC_2,RN,34.47,N
01/31/2022,12,1,SCLP_SCLPC_3,RN,34.47,N
01/31/2022,12,1,SCLP_SCLPC_4,RN,34.47,N
01/31/2022,12,1,SCSES_UNIT2,RN,34.47,N
01/31/2022,12,1,SDSES_PUN1,RN,34.47,N
01/31/2022,12,1,SDSES_PUN2,RN,34.47,N
01/31/2022,12,1,SDSES_PUN3,RN,34.47,N
01/31/2022,12,1,SDSES_PUN4,RN,34.47,N
01/31/2022,12,1,SENATEWD_1,RN,34.47,N
01/31/2022,12,1,SGM_SIGNALMT,RN,34.47,N
01/31/2022,12,1,SHAFFER_ALL,RN,34.47,N
01/31/2022,12,1,SHANNONW_RN,RN,34.47,N
01/31/2022,12,1,SILASRAY_CC1,LCCRN,34.47,N
01/31/2022,12,1,SIL_SILAS_10,RN,34.47,N
01/31/2022,12,1,SIL_SILAS_6,PCCRN,34.47,N
01/31/2022,12,1,SIL_SILAS_9,PCCRN,34.47,N
01/31/2022,12,1,SIRIUS_UNIT1,RN,34.47,N
01/31/2022,12,1,SJS_SJS_G1,RN,34.47,N
01/31/2022,12,1,SJS_SJS_G2,RN,34.47,N
01/31/2022,12,1,SKY1,RN,34.47,N
01/31/2022,12,1,SLCN_ESS_ALL,RN,34.47,N
01/31/2022,12,1,SLTFRK_UN1_2,RN,34.47,N
01/31/2022,12,1,SL_PUN1,PUN,34.47,N
01/31/2022,12,1,SL_PUN2,PUN,34.47,N
01/31/2022,12,1,SL_SL_G1,RN,34.47,N
01/31/2022,12,1,SL_SL_G2,RN,34.47,N
01/31/2022,12,1,SL_SL_G3,RN,34.47,N
01/31/2022,12,1,SL_SL_G4,RN,34.47,N
01/31/2022,12,1,SNY_BESS_RN,RN,34.47,N
01/31/2022,12,1,SOLARA_UNIT1,RN,34.47,N
01/31/2022,12,1,SPLAIN1_RN,RN,34.47,N
01/31/2022,12,1,SPLAIN2_RN,RN,34.47,N
01/31/2022,12,1,SPNC_SPNCE_4,RN,34.47,N
01/31/2022,12,1,SPNC_SPNCE_5,RN,34.47,N
01/31/2022,12,1,SPTX12B_RN,RN,34.47,N
01/31/2022,12,1,SRWE1_UNIT1,RN,34.47,N
01/31/2022,12,1,SSPURT_WIND1,RN,34.47,N
01/31/2022,12,1,STEAM_ENG123,RN,34.47,N
01/31/2022,12,1,STEA_STEAM_1,RN,34.47,N
01/31/2022,12,1,STEA_STEAM_2,RN,34.47,N
01/31/2022,12,1,STEA_STEAM_3,RN,34.47,N
01/31/2022,12,1,STELLA_RN,RN,34.47,N
01/31/2022,12,1,STP_STP_G1,RN,34.47,N
01/31/2022,12,1,STP_STP_G2,RN,34.47,N
01/31/2022,12,1,STRATEGC_RN,RN,34.47,N
01/31/2022,12,1,STWF_T1,RN,34.47,N
01/31/2022,12,1,SWEC_G1,RN,34.47,N
01/31/2022,12,1,SWEETWN2_2_4,RN,34.47,N
01/31/2022,12,1,SWEETWN3_3,RN,34.47,N
01/31/2022,12,1,SWEETWND_1,RN,34.47,N
01/31/2022,12,1,SWOOSE1_U1,RN,34.47,N
01/31/2022,12,1,SWOOSEII_RN,RN,34.47,N
01/31/2022,12,1,SWTWN4_WND45,RN,34.47,N
01/31/2022,12,1,SWT_BESS_RN,RN,34.47,N
01/31/2022,12,1,S_HILLS_RN,RN,34.47,N
01/31/2022,12,1,TAHOKA_ALL,RN,34.47,N
01/31/2022,12,1,TAYGETE2_ALL,RN,34.47,N
01/31/2022,12,1,TAYGETE_ALL,RN,34.47,N
01/31/2022,12,1,TC_PUN1,PUN,34.47,N
01/31/2022,12,1,TC_PUN2,PUN,34.47,N
01/31/2022,12,1,TC_TCHP1,RN,34.47,N
01/31/2022,12,1,TEN_CC1,LCCRN,34.47,N
01/31/2022,12,1,TEN_CT1_STG,PCCRN,34.47,N
01/31/2022,12,1,TGCCS_ALL,PCCRN,22.92,N
01/31/2022,12,1,TGCCS_CC1,LCCRN,22.92,N
01/31/2022,12,1,TGF_TGFGT,RN,34.47,N
01/31/2022,12,1,TGW_T1_T2,RN,34.47,N
01/31/2022,12,1,THW_1_CCU,PCCRN,34.47,N
01/31/2022,12,1,THW_2_CCU,PCCRN,34.47,N
01/31/2022,12,1,THW_CC1,LCCRN,34.47,N
01/31/2022,12,1,THW_CC2,LCCRN,34.47,N
01/31/2022,12,1,THW_THWGT5X,RN,34.47,N
01/31/2022,12,1,THW_THWGT_1,RN,34.47,N
01/31/2022,12,1,TI_SOLAR_ALL,RN,34.47,N
01/31/2022,12,1,TKWSW_CHAMP,RN,34.47,N
01/31/2022,12,1,TKWSW_ROSCOE,RN,34.47,N
01/31/2022,12,1,TNP_TNP_O_1,RN,34.47,N
01/31/2022,12,1,TNP_TNP_O_2,RN,34.47,N
01/31/2022,12,1,TNSKA_CC1,LCCRN,34.47,N
01/31/2022,12,1,TNSKA_CCU,PCCRN,34.47,N
01/31/2022,12,1,TOPAZ_ALL,RN,34.47,N
01/31/2022,12,1,TORR_ALL,RN,34.47,N
01/31/2022,12,1,TOYAH_RN,RN,34.47,N
01/31/2022,12,1,TRENT_TRENT,RN,34.47,N
01/31/2022,12,1,TRINITY_ALL,RN,34.47,N
01/31/2022,12,1,TRIPBUT1_RN,RN,34.47,N
01/31/2022,12,1,TRSES_UNIT6,RN,34.47,N
01/31/2022,12,1,TRUENO_ALL,RN,34.47,N
01/31/2022,12,1,TRUSGILL_RN,RN,34.47,N
01/31/2022,12,1,TTRSW_RN,RN,34.47,N
01/31/2022,12,1,TTWEC_G1,RN,34.47,N
01/31/2022,12,1,TXCTY_CC1,LCCRN,34.47,N
01/31/2022,12,1,TXCTY_CTA,PCCRN,34.47,N
01/31/2022,12,1,TXCTY_CTB,PCCRN,34.47,N
01/31/2022,12,1,TXCTY_CTC,PCCRN,34.47,N
01/31/2022,12,1,TXCTY_ST,PCCRN,34.47,N
01/31/2022,12,1,TYLRWIND_RN,RN,34.47,N
01/31/2022,12,1,T_CK_GT2_RN,RN,34.47,N
01/31/2022,12,1,T_CK_GT3_RN,RN,34.47,N
01/31/2022,12,1,UCC_COG_PUN2,PUN,34.47,N
01/31/2022,12,1,UCC_UCC_C_2,RN,34.47,N
01/31/2022,12,1,VANCOURT_RN,RN,34.47,N
01/31/2022,12,1,VENADO_ALL,RN,34.47,N
01/31/2022,12,1,VERAWIND_ALL,RN,34.47,N
01/31/2022,12,1,VERTIGO_UN1,RN,34.47,N
01/31/2022,12,1,VICTORIA_CC1,LCCRN,34.47,N
01/31/2022,12,1,VICTPORT_ALL,RN,34.47,N
01/31/2022,12,1,VICTPORT_RN,RN,34.47,N
01/31/2022,12,1,VIC_VICTORG5,PCCRN,34.47,N
01/31/2022,12,1,VIC_VICTORG6,PCCRN,34.47,N
01/31/2022,12,1,VISION_RN,RN,34.47,N
01/31/2022,12,1,VLSES_UNIT3,PCCRN,34.47,N
01/31/2022,12,1,VORT_ALL_RN,RN,34.47,N
01/31/2022,12,1,WAKEWE_ALL,RN,34.47,N
01/31/2022,12,1,WAP_WAPGT_1,RN,34.47,N
01/31/2022,12,1,WAP_WAP_G1,RN,34.47,N
01/31/2022,12,1,WAP_WAP_G2,RN,34.47,N
01/31/2022,12,1,WAP_WAP_G3,RN,34.47,N
01/31/2022,12,1,WAP_WAP_G4,RN,34.47,N
01/31/2022,12,1,WAP_WAP_G5,RN,34.47,N
01/31/2022,12,1,WAP_WAP_G6,RN,34.47,N
01/31/2022,12,1,WAP_WAP_G7,RN,34.47,N
01/31/2022,12,1,WAP_WAP_G8,RN,34.47,N
01/31/2022,12,1,WAYMARK_RN,RN,34.47,N
01/31/2022,12,1,WCPP_CC1,LCCRN,34.47,N
01/31/2022,12,1,WCPP_CT1,PCCRN,34.47,N
01/31/2022,12,1,WCPP_CT2,PCCRN,34.47,N
01/31/2022,12,1,WCPP_ST1,PCCRN,34.47,N
01/31/2022,12,1,WEBBER_WS_T1,RN,34.47,N
01/31/2022,12,1,WEC_WECG1,RN,34.47,N
01/31/2022,12,1,WFCOGEN_13,PCCRN,34.47,N
01/31/2022,12,1,WFCOGEN_24,PCCRN,34.47,N
01/31/2022,12,1,WFCOGEN_CC1,LCCRN,34.47,N
01/31/2022,12,1,WGU_RN,RN,34.47,N
01/31/2022,12,1,WHCCS2_4,PCCRN,34.47,N
01/31/2022,12,1,WHCCS2_5_6,PCCRN,34.47,N
01/31/2022,12,1,WHCCS2_CC2,LCCRN,34.47,N
01/31/2022,12,1,WHCCS_CC1,LCCRN,34.47,N
01/31/2022,12,1,WHCCS_CT1_ST,PCCRN,34.47,N
01/31/2022,12,1,WHCCS_CT2,PCCRN,34.47,N
01/31/2022,12,1,WHITE_PT_UN1,RN,34.47,N
01/31/2022,12,1,WHMESA_U1,RN,34.47,N
01/31/2022,12,1,WHTTAIL_WR1,RN,34.47,N
01/31/2022,12,1,WH_WIND_ALL,RN,34.47,N
01/31/2022,12,1,WILDWIND_ALL,RN,34.47,N
01/31/2022,12,1,WIPOPA_1_2,RN,34.47,N
01/31/2022,12,1,WIPOPA_3_4,RN,34.47,N
01/31/2022,12,1,WIR_WIRTZ_G1,RN,34.47,N
01/31/2022,12,1,WIR_WIRTZ_G2,RN,34.47,N
01/31/2022,12,1,WL_RANCH_RN,RN,34.47,N
01/31/2022,12,1,WNDTS2_UNIT1,RN,34.47,N
01/31/2022,12,1,WND_WHITNEY,RN,34.47,N
01/31/2022,12,1,WOODWRD1_RN,RN,34.47,N
01/31/2022,12,1,WOODWRD2_RN,RN,34.47,N
01/31/2022,12,1,WOO_WOODWRD1,RN,34.47,N
01/31/2022,12,1,WOO_WOODWRD2,RN,34.47,N
01/31/2022,12,1,WOV_BESS_RN,RN,34.47,N
01/31/2022,12,1,WRSBES_BESS1,RN,34.47,N
01/31/2022,12,1,W_PECO_UNIT1,RN,34.47,N
01/31/2022,12,1,X443ESRN,RN,34.47,N
